SN,Date ,AEZ1,Year,State,LGA,Location,Village,Lat,Long,Crop,Code,Type,Treatment,B1,B2,G1,G2,Total-Afl,Source
644,23-Feb-12,,2012,Anambra,Anambra East,,,6.262777778,6.813888889,Maize,AN1287M,,,0,0,0,0,0,NAFDAC Market Survey Sample 2012
645,23-Feb-12,,2012,Anambra,Awka South,,,6.2116,7.0714,Maize,AN1288M,,,0,0,0,0,0,NAFDAC Market Survey Sample 2012
646,23-Feb-12,,2012,Anambra,Anambra East,,,6.262777778,6.813888889,Maize,AN1289M,,,0,0,0,0,0,NAFDAC Market Survey Sample 2012
647,23-Feb-12,,2012,Anambra,Ihiala,,,5.8516,6.8512,Maize,AN1290M,,,0,0,0,0,0,NAFDAC Market Survey Sample 2012
648,23-Feb-12,,2012,Anambra,Awka South,,,6.2116,7.0714,Maize,AN1291M,,,0,0,0,0,0,NAFDAC Market Survey Sample 2012
649,23-Feb-12,,2012,Anambra,Nnewi South,,,6.2116,7.0714,Maize,AN1292M,,,0,0,0,0,0,NAFDAC Market Survey Sample 2012
650,23-Feb-12,,2012,Anambra,Nnewi North,,,6.0137,6.9102,Maize,AN1293M,,,5.83,1.11,0,0,6.94,NAFDAC Market Survey Sample 2012
651,23-Feb-12,,2012,Anambra,Ogbaru,,,5.9213,6.728,Maize,AN1294M,,,0,0,0,0,0,NAFDAC Market Survey Sample 2012
652,23-Feb-12,,2012,Anambra,Awka North,,,6.2636,7.1252,Maize,AN1295M,,,0,0,0,0,0,NAFDAC Market Survey Sample 2012
653,23-Feb-12,,2012,Anambra,Awka North,,,6.2636,7.1252,Maize,AN1296M,,,0,0,0,0,0,NAFDAC Market Survey Sample 2012
654,23-Feb-12,,2012,Anambra,Awka South,,,6.2116,7.0714,Maize,AN1297M,,,2.04,2.95,0,0,4.99,NAFDAC Market Survey Sample 2012
655,23-Feb-12,,2012,Anambra,Ogbaru,,,6.2636,7.1252,Maize,AN1298M,,,2.69,1.17,2.22,0,6.08,NAFDAC Market Survey Sample 2012
656,23-Feb-12,,2012,Anambra,Idemili North,,,6.1237,6.9478,Maize,AN1299M,,,12.95,0,18.87,1.19,33.01,NAFDAC Market Survey Sample 2012
657,23-Feb-12,,2012,Anambra,Aniocha,,,6.0964,7.0176,Maize,AN1300M,,,0,0,0,0,0,NAFDAC Market Survey Sample 2012
658,23-Feb-12,,2012,Anambra,Awka North,,,6.2636,7.1252,Maize,AN1301M,,,1.61,2,0,0,3.61,NAFDAC Market Survey Sample 2012
659,23-Feb-12,,2012,Anambra,Nnewi South,,,6.2116,7.0714,Maize,AN1302M,,,0,0,0,0,0,NAFDAC Market Survey Sample 2012
660,23-Feb-12,,2012,Anambra,Nnewi North,,,6.2636,7.1252,Maize,AN1303M,,,0,0,0,0,0,NAFDAC Market Survey Sample 2012
661,23-Feb-12,,2012,Anambra,Aniocha,,,6.0964,7.0176,Maize,AN1304M,,,0,0,0,0,0,NAFDAC Market Survey Sample 2012
662,23-Feb-12,,2012,Anambra,Ihiala,,,5.8516,6.8512,Maize,AN1305M,,,0,0,0,0,0,NAFDAC Market Survey Sample 2012
663,23-Feb-12,,2012,Anambra,Anambra East,,,6.262777778,6.813888889,Maize,AN1306M,,,1.88,2.16,0,0,4.04,NAFDAC Market Survey Sample 2012
664,23-Feb-12,,2012,Anambra,Aguata,,,6.0086,7.1009,Maize,AN1307M,,,0,0,0,0,0,NAFDAC Market Survey Sample 2012
665,23-Feb-12,,2012,Anambra,Idemili North,,,6.1237,6.9478,Maize,AN1308M,,,3.7,2.2,0,0,5.9,NAFDAC Market Survey Sample 2012
666,23-Feb-12,,2012,Anambra,Nnewi South,,,6.2116,7.0714,Maize,AN1309M,,,0,0,0,0,0,NAFDAC Market Survey Sample 2012
667,23-Feb-12,,2012,Anambra,Aguata,,,6.0086,7.1009,Maize,AN1310M,,,1.87,1.15,0,0,3.02,NAFDAC Market Survey Sample 2012
668,23-Feb-12,,2012,Anambra,Aguata,,,6.0086,7.1009,Maize,AN1311M,,,0,0,0,0,0,NAFDAC Market Survey Sample 2012
669,23-Feb-12,,2012,Anambra,Idemili North,,,6.1237,6.9478,Maize,AN1312M,,,1.52,0,20.78,2.74,25.04,NAFDAC Market Survey Sample 2012
670,23-Feb-12,,2012,Anambra,Ihiala,,,5.8516,6.8512,Maize,AN1313M,,,0,0,0,0,0,NAFDAC Market Survey Sample 2012
671,23-Feb-12,,2012,Anambra,Nnewi North,,,6.1237,6.9478,Maize,AN1314M,,,0,0,0,0,0,NAFDAC Market Survey Sample 2012
672,23-Feb-12,,2012,Anambra,Ogbaru,,,6.2636,7.1252,Maize,AN1315M,,,0,0,0,0,0,NAFDAC Market Survey Sample 2012
673,23-Feb-12,,2012,Anambra,Aniocha,,,6.0964,7.0176,Maize,AN1316M,,,9.02,7.14,1.82,0,17.98,NAFDAC Market Survey Sample 2012
674,24-Feb-12,,2012,Anambra,Onitsha North,,,6.1624,6.8029,Maize,AN1347M,,,4.97,3.56,2.76,0.98,12.27,NAFDAC Market Survey Sample 2012
675,24-Feb-12,,2012,Anambra,Dunukofia,,,6.201,6.9786,Maize,AN1348M,,,2.81,3.26,0,0,6.07,NAFDAC Market Survey Sample 2012
676,24-Feb-12,,2012,Anambra,Oyi,,,6.2246,6.8887,Maize,AN1349M,,,29.85,7.23,0,0,37.08,NAFDAC Market Survey Sample 2012
677,24-Feb-12,,2012,Anambra,Onitsha South,,,6.1364,6.7762,Maize,AN1350M,,,0,0,0,0,0,NAFDAC Market Survey Sample 2012
678,24-Feb-12,,2012,Anambra,Onitsha North,,,6.1624,6.8029,Maize,AN1351M,,,5.41,0,0,0,5.41,NAFDAC Market Survey Sample 2012
679,24-Feb-12,,2012,Anambra,Dunukofia,,,6.201,6.9786,Maize,AN1352M,,,7.57,3.57,0,0,11.14,NAFDAC Market Survey Sample 2012
680,24-Feb-12,,2012,Anambra,Onitsha South,,,6.1364,6.7762,Maize,AN1353M,,,16.59,4.5,0,0,21.09,NAFDAC Market Survey Sample 2012
681,24-Feb-12,,2012,Anambra,Ekwusigo,,,5.9566,6.8512,Maize,AN1354M,,,20.68,1.39,5.21,1.01,28.29,NAFDAC Market Survey Sample 2012
682,24-Feb-12,,2012,Anambra,Dunukofia,,,6.201,6.9786,Maize,AN1355M,,,0,0,0,0,0,NAFDAC Market Survey Sample 2012
683,24-Feb-12,,2012,Anambra,Ekwusigo,,,5.9566,6.8512,Maize,AN1356M,,,3.97,4.6,4.52,4.08,17.17,NAFDAC Market Survey Sample 2012
684,24-Feb-12,,2012,Anambra,Oyi,,,6.2246,6.8887,Maize,AN1357M,,,3.61,0.81,0,0,4.42,NAFDAC Market Survey Sample 2012
685,24-Feb-12,,2012,Anambra,Onitsha North,,,6.1624,6.8029,Maize,AN1358M,,,10.39,2.97,0,0,13.36,NAFDAC Market Survey Sample 2012
686,24-Feb-12,,2012,Anambra,Onitsha South,,,6.1364,6.7762,Maize,AN1359M,,,0,0,0,0,0,NAFDAC Market Survey Sample 2012
687,24-Feb-12,,2012,Anambra,Oyi,,,6.2246,6.8887,Maize,AN1360M,,,1.99,1.94,0,0,3.93,NAFDAC Market Survey Sample 2012
688,24-Feb-12,,2012,Anambra,Ekwusigo,,,5.9566,6.8512,Maize,AN1361M,,,2.32,3.43,1.78,0,7.53,NAFDAC Market Survey Sample 2012
554,21-Feb-12,,2012,Bauchi,Toro,,,10.0596,9.0709,Maize,BA1107M,,,0,0,0,0,0,NAFDAC Market Survey Sample 2012
555,21-Feb-12,,2012,Bauchi,Dass,,,9.9894,9.5006,Maize,BA1108M,,,3.73,2.47,3.01,8.49,17.7,NAFDAC Market Survey Sample 2012
556,21-Feb-12,,2012,Bauchi,Gamawa,,,12.1359,10.538,Maize,BA1109M,,,0,0,0,0,0,NAFDAC Market Survey Sample 2012
557,21-Feb-12,,2012,Bauchi,Bogoro,,,9.6679,9.6049,Maize,BA1110M,,,8.38,10.45,0,0,18.83,NAFDAC Market Survey Sample 2012
558,21-Feb-12,,2012,Bauchi,Toro,,,10.0596,9.0709,Maize,BA1111M,,,0,0,0,0,0,NAFDAC Market Survey Sample 2012
559,21-Feb-12,,2012,Bauchi,Ningi,,,11.0716,9.5729,Maize,BA1112M,,,0,0,0,0,0,NAFDAC Market Survey Sample 2012
560,21-Feb-12,,2012,Bauchi,Gamawa,,,12.1359,10.538,Maize,BA1113M,,,0,0,0,0,0,NAFDAC Market Survey Sample 2012
561,21-Feb-12,,2012,Bauchi,Bauchi,,,10.306,9.8404,Maize,BA1114M,,,0,0,0,0,0,NAFDAC Market Survey Sample 2012
562,21-Feb-12,,2012,Bauchi,Bogoro,,,9.6679,9.6049,Maize,BA1115M,,,6.04,2.96,0,0,9,NAFDAC Market Survey Sample 2012
563,21-Feb-12,,2012,Bauchi,Jama'are,,,11.6697,9.9283,Maize,BA1116M,,,0,0,0,0,0,NAFDAC Market Survey Sample 2012
564,21-Feb-12,,2012,Bauchi,Giade,,,11.3882,10.1973,Maize,BA1117M,,,0,0,0,0,0,NAFDAC Market Survey Sample 2012
565,21-Feb-12,,2012,Bauchi,Jama'are,,,11.6697,9.9283,Maize,BA1118M,,,0,0,0,0,0,NAFDAC Market Survey Sample 2012
566,21-Feb-12,,2012,Bauchi,Bogoro,,,9.6679,9.6049,Maize,BA1119M,,,2,7.27,2.95,2.34,14.56,NAFDAC Market Survey Sample 2012
567,21-Feb-12,,2012,Bauchi,Toro,,,10.0596,9.0709,Maize,BA1120M,,,0,0,0,0,0,NAFDAC Market Survey Sample 2012
568,22-Feb-12,,2012,Bauchi,Itas/Gadau,,,11.9343,10.1255,Maize,BA1121M,,,0,0,0,0,0,NAFDAC Market Survey Sample 2012
569,22-Feb-12,,2012,Bauchi,Ganjuwa,,,10.729,9.9912,Maize,BA1122M,,,0,0,0,0,0,NAFDAC Market Survey Sample 2012
570,22-Feb-12,,2012,Bauchi,Katagum,,,12.2857,10.3484,Maize,BA1123M,,,2.26,5.3,1.48,0.94,9.98,NAFDAC Market Survey Sample 2012
571,22-Feb-12,,2012,Bauchi,Katagum,,,12.2857,10.3484,Maize,BA1124M,,,0,0,0,0,0,NAFDAC Market Survey Sample 2012
572,22-Feb-12,,2012,Bauchi,Bauchi,,,10.306,9.8404,Maize,BA1125M,,,3.66,2.81,0,0,6.47,NAFDAC Market Survey Sample 2012
573,22-Feb-12,,2012,Bauchi,Shira,,,11.4615,10.0457,Maize,BA1126M,,,0,0,0,0,0,NAFDAC Market Survey Sample 2012
574,22-Feb-12,,2012,Bauchi,Damban,,,11.6779,10.7112,Maize,BA1127M,,,1.93,1.97,0,0,3.9,NAFDAC Market Survey Sample 2012
575,22-Feb-12,,2012,Bauchi,Ganjuwa,,,10.729,9.9912,Maize,BA1128M,,,0,0,0,0,0,NAFDAC Market Survey Sample 2012
576,22-Feb-12,,2012,Bauchi,Bauchi,,,10.306,9.8404,Maize,BA1129M,,,2.24,1.89,2.93,0,7.06,NAFDAC Market Survey Sample 2012
577,22-Feb-12,,2012,Bauchi,Katagum,,,12.2857,10.3484,Maize,BA1130M,,,7.96,5.37,0,0,13.33,NAFDAC Market Survey Sample 2012
578,22-Feb-12,,2012,Bauchi,Dass,,,9.9894,9.5006,Maize,BA1131M,,,0,0,0,0,0,NAFDAC Market Survey Sample 2012
579,22-Feb-12,,2012,Bauchi,Giade,,,11.3882,10.1973,Maize,BA1132M,,,0,0,0,0,0,NAFDAC Market Survey Sample 2012
580,22-Feb-12,,2012,Bauchi,Shira,,,11.4615,10.0457,Maize,BA1133M,,,2.93,2.23,0,0,5.16,NAFDAC Market Survey Sample 2012
581,22-Feb-12,,2012,Bauchi,Misau,,,11.314,10.4652,Maize,BA1134M,,,0,0,0,0,0,NAFDAC Market Survey Sample 2012
582,22-Feb-12,,2012,Bauchi,Itas/Gadau,,,11.9343,10.1255,Maize,BA1135M,,,0,0,0,0,0,NAFDAC Market Survey Sample 2012
583,22-Feb-12,,2012,Bauchi,Dass,,,9.9894,9.5006,Maize,BA1136M,,,10.66,1.43,0,0,12.09,NAFDAC Market Survey Sample 2012
584,22-Feb-12,,2012,Bauchi,Damban,,,11.6779,10.7112,Maize,BA1137M,,,0,0,0,0,0,NAFDAC Market Survey Sample 2012
585,22-Feb-12,,2012,Bauchi,Gamawa,,,12.1359,10.538,Maize,BA1138M,,,1.11,3.82,0,0,4.93,NAFDAC Market Survey Sample 2012
586,22-Feb-12,,2012,Bauchi,Ningi,,,11.0716,9.5729,Maize,BA1139M,,,4.2,1.34,0,0,5.54,NAFDAC Market Survey Sample 2012
587,22-Feb-12,,2012,Bauchi,Giade,,,11.3882,10.1973,Maize,BA1140M,,,0,0,0,0,0,NAFDAC Market Survey Sample 2012
588,22-Feb-12,,2012,Bauchi,Ningi,,,11.0716,9.5729,Maize,BA1141M,,,3.32,1.05,5.94,1.99,12.3,NAFDAC Market Survey Sample 2012
589,22-Feb-12,,2012,Bauchi,Tafawa Balewa,,,9.756,9.5562,Maize,BA1142M,,,0,0,0,0,0,NAFDAC Market Survey Sample 2012
590,22-Feb-12,,2012,Bauchi,Damban,,,11.6779,10.7112,Maize,BA1143M,,,0,0,0,0,0,NAFDAC Market Survey Sample 2012
591,22-Feb-12,,2012,Bauchi,Tafawa Balewa,,,9.756,9.5562,Maize,BA1144M,,,3.01,2.18,0,0,5.19,NAFDAC Market Survey Sample 2012
592,22-Feb-12,,2012,Bauchi,Itas/Gadau,,,11.9343,10.1255,Maize,BA1145M,,,0,0,0,0,0,NAFDAC Market Survey Sample 2012
593,22-Feb-12,,2012,Bauchi,Shira,,,11.4615,10.0457,Maize,BA1146M,,,0,0,0,0,0,NAFDAC Market Survey Sample 2012
594,22-Feb-12,,2012,Bauchi,Tafawa Balewa,,,9.756,9.5562,Maize,BA1147M,,,0,0,0,0,0,NAFDAC Market Survey Sample 2012
595,22-Feb-12,,2012,Bauchi,Misau,,,11.314,10.4652,Maize,BA1148M,,,1.12,1.71,0,0,2.83,NAFDAC Market Survey Sample 2012
596,22-Feb-12,,2012,Bauchi,Misau,,,11.314,10.4652,Maize,BA1149M,,,0,0,0,0,0,NAFDAC Market Survey Sample 2012
597,22-Feb-12,,2012,Bauchi,Jama'are,,,11.6697,9.9283,Maize,BA1150M,,,0,0,0,0,0,NAFDAC Market Survey Sample 2012
598,22-Feb-12,,2012,Bauchi,Ganjuwa,,,10.729,9.9912,Maize,BA1151M,,,3.14,4.25,11.49,2.25,21.13,NAFDAC Market Survey Sample 2012
226,10-Feb-12,,2012,Benue,Ushongo,,,6.947,9.255,Maize,BN451M,,,0,0,0,0,0,NAFDAC Market Survey Sample 2012
227,10-Feb-12,,2012,Benue,Ohimini,,,7.2396,7.9157,Maize,BN452M,,,0,0,0,0,0,NAFDAC Market Survey Sample 2012
228,10-Feb-12,,2012,Benue,Ushongo,,,6.947,9.255,Maize,BN453M,,,0,0,0,0,0,NAFDAC Market Survey Sample 2012
229,10-Feb-12,,2012,Benue,Gboko,,,7.3368,9.0018,Maize,BN454M,,,0,0,0,0,0,NAFDAC Market Survey Sample 2012
230,10-Feb-12,,2012,Benue,Gboko,,,7.3368,9.0018,Maize,BN455M,,,0,0,0,0,0,NAFDAC Market Survey Sample 2012
231,10-Feb-12,,2012,Benue,Guma,,,7.9541,8.7481,Maize,BN456M,,,7.48,4.13,0,0,11.61,NAFDAC Market Survey Sample 2012
232,10-Feb-12,,2012,Benue,Katsina Ala,,,7.1658,9.2841,Maize,BN457M,,,0,0,0,0,0,NAFDAC Market Survey Sample 2012
233,10-Feb-12,,2012,Benue,Gboko,,,7.3368,9.0018,Maize,BN458M,,,3.76,2.63,0,0,6.39,NAFDAC Market Survey Sample 2012
234,10-Feb-12,,2012,Benue,Ohimini,,,7.2396,7.9157,Maize,BN459M,,,248.22,42.02,21.28,5.6,317.12,NAFDAC Market Survey Sample 2012
235,10-Feb-12,,2012,Benue,Guma,,,7.9541,8.7481,Maize,BN460M,,,0,0,0,0,0,NAFDAC Market Survey Sample 2012
236,10-Feb-12,,2012,Benue,Katsina Ala,,,7.1658,9.2841,Maize,BN461M,,,0,0,0,0,0,NAFDAC Market Survey Sample 2012
237,10-Feb-12,,2012,Benue,Otukpo,,,7.1909,8.1323,Maize,BN462M,,,4.36,2.05,3.78,0,10.19,NAFDAC Market Survey Sample 2012
238,10-Feb-12,,2012,Benue,Oju,,,6.8398,8.415,Maize,BN463M,,,8.35,2.44,0,0,10.79,NAFDAC Market Survey Sample 2012
239,10-Feb-12,,2012,Benue,Ushongo,,,6.947,9.255,Maize,BN464M,,,0,0,0,0,0,NAFDAC Market Survey Sample 2012
240,10-Feb-12,,2012,Benue,Okpokwu,,,7.0701,7.8286,Maize,BN465M,,,4.76,2.31,3.43,0,10.5,NAFDAC Market Survey Sample 2012
241,10-Feb-12,,2012,Benue,Oju,,,6.8398,8.415,Maize,BN466M,,,2.09,0,0,0,2.09,NAFDAC Market Survey Sample 2012
242,10-Feb-12,,2012,Benue,Tarka,,,7.6299,8.8142,Maize,BN467M,,,6.53,4.91,16.17,2.47,30.08,NAFDAC Market Survey Sample 2012
243,10-Feb-12,,2012,Benue,Katsina Ala,,,7.1658,9.2841,Maize,BN468M,,,4.44,9.88,0,0,14.32,NAFDAC Market Survey Sample 2012
244,10-Feb-12,,2012,Benue,Tarka,,,7.6299,8.8142,Maize,BN469M,,,0,0,0,0,0,NAFDAC Market Survey Sample 2012
245,10-Feb-12,,2012,Benue,Otukpo,,,7.1909,8.1323,Maize,BN470M,,,26.66,2.01,2.81,2.41,33.89,NAFDAC Market Survey Sample 2012
246,10-Feb-12,,2012,Benue,Gwer East,,,7.445,8.3965,Maize,BN471M,,,209.23,30.06,4.69,3.99,247.97,NAFDAC Market Survey Sample 2012
247,10-Feb-12,,2012,Benue,Otukpo,,,7.1909,8.1323,Maize,BN472M,,,1.69,1.79,0,0,3.48,NAFDAC Market Survey Sample 2012
248,10-Feb-12,,2012,Benue,Kwande,,,6.9126,9.4562,Maize,BN473M,,,101.65,17.56,1.16,4.15,124.52,NAFDAC Market Survey Sample 2012
249,10-Feb-12,,2012,Benue,Ohimini,,,7.2396,7.9157,Maize,BN474M,,,8.55,0,0,0,8.55,NAFDAC Market Survey Sample 2012
250,10-Feb-12,,2012,Benue,Ado,,,7.7821,7.6206,Maize,BN475M,,,4.32,3.45,1.08,0,8.85,NAFDAC Market Survey Sample 2012
251,10-Feb-12,,2012,Benue,Gwer East,,,7.445,8.3965,Maize,BN476M,,,0,0,0,0,0,NAFDAC Market Survey Sample 2012
252,10-Feb-12,,2012,Benue,Koshinsha,,,7.25,7.646111111,Maize,BN477M,,,0,0,0,0,0,NAFDAC Market Survey Sample 2012
253,10-Feb-12,,2012,Benue,Kwande,,,6.9126,9.4562,Maize,BN478M,,,4.64,3.44,2.01,4.89,14.98,NAFDAC Market Survey Sample 2012
254,10-Feb-12,,2012,Benue,Makurdi,,,7.7322,8.5391,Maize,BN479M,,,22.68,6.83,1.04,0,30.55,NAFDAC Market Survey Sample 2012
255,10-Feb-12,,2012,Benue,Oju,,,6.8907,8.3527,Maize,BN480M,,,2.9,2.5,0,0,5.4,NAFDAC Market Survey Sample 2012
256,10-Feb-12,,2012,Benue,Ado,,,7.7821,7.6206,Maize,BN481M,,,0,0,0,0,0,NAFDAC Market Survey Sample 2012
257,10-Feb-12,,2012,Benue,Tarka,,,7.6299,8.8142,Maize,BN482M,,,6.18,6.41,2.03,0.73,15.35,NAFDAC Market Survey Sample 2012
258,10-Feb-12,,2012,Benue,Makurdi,,,7.7322,8.5391,Maize,BN483M,,,5.81,3.45,7.52,2.95,19.73,NAFDAC Market Survey Sample 2012
259,10-Feb-12,,2012,Benue,Vandeikya,,,6.7835,9.0695,Maize,BN484M,,,7.62,3.76,0,0,11.38,NAFDAC Market Survey Sample 2012
260,10-Feb-12,,2012,Benue,Koshinsha,,,7.25,7.646111111,Maize,BN485M,,,0,0,0,0,0,NAFDAC Market Survey Sample 2012
261,10-Feb-12,,2012,Benue,Vandeikya,,,6.7835,9.0695,Maize,BN486M,,,4.69,0,0,0,4.69,NAFDAC Market Survey Sample 2012
262,10-Feb-12,,2012,Benue,Guma,,,7.9541,8.7481,Maize,BN487M,,,18.15,3.66,2.76,8.01,32.58,NAFDAC Market Survey Sample 2012
263,10-Feb-12,,2012,Benue,Koshinsha,,,7.25,7.646111111,Maize,BN488M,,,29.9,0,3.93,0,33.83,NAFDAC Market Survey Sample 2012
264,10-Feb-12,,2012,Benue,Okpokwu,,,7.0701,7.8286,Maize,BN489M,,,6.87,0,0,0,6.87,NAFDAC Market Survey Sample 2012
265,10-Feb-12,,2012,Benue,Kwande,,,6.9126,9.4562,Maize,BN490M,,,0,0,0,0,0,NAFDAC Market Survey Sample 2012
266,10-Feb-12,,2012,Benue,Makurdi,,,7.7322,8.5391,Maize,BN491M,,,0,0,0,0,0,NAFDAC Market Survey Sample 2012
267,10-Feb-12,,2012,Benue,Okpokwu,,,7.0701,7.8286,Maize,BN492M,,,0,0,0,0,0,NAFDAC Market Survey Sample 2012
268,10-Feb-12,,2012,Benue,Ado,,,7.7821,7.6206,Maize,BN493M,,,4.97,4.2,6.07,0,15.24,NAFDAC Market Survey Sample 2012
269,10-Feb-12,,2012,Benue,Gwer East,,,7.445,8.3965,Maize,BN494M,,,4.43,1.65,4.5,0,10.58,NAFDAC Market Survey Sample 2012
270,10-Feb-12,,2012,Benue,Vandeikya,,,6.7835,9.0695,Maize,BN495M,,,5.79,4.02,4.14,0,13.95,NAFDAC Market Survey Sample 2012
599,22-Feb-12,,2012,Borno,Chibok,,,10.8692,12.8471,Maize,BR1197M,,,0,0,0,0,0,NAFDAC Market Survey Sample 2012
600,22-Feb-12,,2012,Borno,Kaga,,,11.5246,12.5298,Maize,BR1198M,,,6.35,4.26,0,0,10.61,NAFDAC Market Survey Sample 2012
601,22-Feb-12,,2012,Borno,Askira/Uba,,,10.6563,13.1279,Maize,BR1199M,,,0,0,0,0,0,NAFDAC Market Survey Sample 2012
602,22-Feb-12,,2012,Borno,Ngala,,,12.3421,14.1858,Maize,BR1200M,,,7.41,0,0,0,7.41,NAFDAC Market Survey Sample 2012
603,22-Feb-12,,2012,Borno,Jere,,,11.83333333,7.219166667,Maize,BR1201M,,,0,0,0,0,0,NAFDAC Market Survey Sample 2012
604,22-Feb-12,,2012,Borno,Biu,,,10.6117,12.1919,Maize,BR1202M,,,1.07,1.79,0.92,0,3.78,NAFDAC Market Survey Sample 2012
605,22-Feb-12,,2012,Borno,Monguno,,,12.6729,13.616,Maize,BR1203M,,,0,0,0,0,0,NAFDAC Market Survey Sample 2012
606,22-Feb-12,,2012,Borno,Gubio,,,12.4955,12.7796,Maize,BR1204M,,,0,0,0,0,0,NAFDAC Market Survey Sample 2012
607,22-Feb-12,,2012,Borno,Marte,,,12.3641,13.8277,Maize,BR1205M,,,2.46,4.32,69.98,6.71,83.47,NAFDAC Market Survey Sample 2012
608,22-Feb-12,,2012,Borno,Mobbar,,,13.133,12.7135,Maize,BR1206M,,,2.87,7.32,26.2,1.35,37.74,NAFDAC Market Survey Sample 2012
609,22-Feb-12,,2012,Borno,Gwoza,,,11.0897,13.6884,Maize,BR1207M,,,23.94,2.71,2.14,1.73,30.52,NAFDAC Market Survey Sample 2012
610,22-Feb-12,,2012,Borno,Maiduguri,,,11.8311,13.151,Maize,BR1208M,,,0,0,0,0,0,NAFDAC Market Survey Sample 2012
611,22-Feb-12,,2012,Borno,Damboa,,,11.1561,12.7566,Maize,BR1209M,,,0,0,0,0,0,NAFDAC Market Survey Sample 2012
612,22-Feb-12,,2012,Borno,Kaga,,,11.5246,12.5298,Maize,BR1210M,,,2.09,8.92,0,0,11.01,NAFDAC Market Survey Sample 2012
613,22-Feb-12,,2012,Borno,Askira/Uba,,,10.6563,13.1279,Maize,BR1211M,,,0,0,0,0,0,NAFDAC Market Survey Sample 2012
614,22-Feb-12,,2012,Borno,Chibok,,,10.8692,12.8471,Maize,BR1212M,,,1.02,6.98,6.03,0.82,14.85,NAFDAC Market Survey Sample 2012
615,22-Feb-12,,2012,Borno,Kukawa,,,12.923,13.5639,Maize,BR1213M,,,41.62,0,2.8,0.86,45.28,NAFDAC Market Survey Sample 2012
616,22-Feb-12,,2012,Borno,Gubio,,,12.4955,12.7796,Maize,BR1214M,,,10.55,10.89,29.79,4.22,55.45,NAFDAC Market Survey Sample 2012
617,22-Feb-12,,2012,Borno,Kukawa,,,12.923,13.5639,Maize,BR1215M,,,1.57,18.56,22.99,0.68,43.8,NAFDAC Market Survey Sample 2012
618,22-Feb-12,,2012,Borno,Damboa,,,11.1561,12.7566,Maize,BR1216M,,,1.8,2.12,32.04,9.75,45.71,NAFDAC Market Survey Sample 2012
619,23-Feb-12,,2012,Borno,Maiduguri,,,11.8311,13.151,Maize,BR1217M,,,1.76,0,8.74,0.88,11.38,NAFDAC Market Survey Sample 2012
620,23-Feb-12,,2012,Borno,Ngala,,,12.3421,14.1858,Maize,BR1218M,,,2.21,2.98,0,0,5.19,NAFDAC Market Survey Sample 2012
621,23-Feb-12,,2012,Borno,Maiduguri,,,11.8311,13.151,Maize,BR1219M,,,0,0,0,0,0,NAFDAC Market Survey Sample 2012
622,23-Feb-12,,2012,Borno,Mobbar,,,13.133,12.7135,Maize,BR1220M,,,0,0,0,0,0,NAFDAC Market Survey Sample 2012
623,23-Feb-12,,2012,Borno,Marte,,,12.3641,13.8277,Maize,BR1221M,,,4.79,2.11,2.46,4.04,13.4,NAFDAC Market Survey Sample 2012
624,23-Feb-12,,2012,Borno,Gubio,,,12.4955,12.7796,Maize,BR1222M,,,8.11,2.82,7.37,0,18.3,NAFDAC Market Survey Sample 2012
625,23-Feb-12,,2012,Borno,Marte,,,12.3641,13.8277,Maize,BR1223M,,,3.37,2.02,0,0,5.39,NAFDAC Market Survey Sample 2012
626,23-Feb-12,,2012,Borno,Chibok,,,10.8692,12.8471,Maize,BR1224M,,,2.12,7.76,0,0,9.88,NAFDAC Market Survey Sample 2012
627,23-Feb-12,,2012,Borno,Mobbar,,,13.133,12.7135,Maize,BR1225M,,,1.54,3.43,0,0,4.97,NAFDAC Market Survey Sample 2012
628,23-Feb-12,,2012,Borno,Monguno,,,12.6729,13.616,Maize,BR1226M,,,6.96,1.26,3.93,0,12.15,NAFDAC Market Survey Sample 2012
629,23-Feb-12,,2012,Borno,Jere,,,9.5684,7.4354,Maize,BR1227M,,,0,0,0,0,0,NAFDAC Market Survey Sample 2012
630,23-Feb-12,,2012,Borno,Ngala,,,12.3421,14.1858,Maize,BR1228M,,,0,0,0,0,0,NAFDAC Market Survey Sample 2012
631,23-Feb-12,,2012,Borno,Dikwa,,,12.042,13.9173,Maize,BR1229M,,,0,0,0,0,0,NAFDAC Market Survey Sample 2012
632,23-Feb-12,,2012,Borno,Gwoza,,,11.0897,13.6884,Maize,BR1230M,,,0,0,0,0,0,NAFDAC Market Survey Sample 2012
633,23-Feb-12,,2012,Borno,Dikwa,,,12.042,13.9173,Maize,BR1231M,,,0,0,0,0,0,NAFDAC Market Survey Sample 2012
634,23-Feb-12,,2012,Borno,Gwoza,,,11.0897,13.6884,Maize,BR1232M,,,0,0,0,0,0,NAFDAC Market Survey Sample 2012
635,23-Feb-12,,2012,Borno,Kukawa,,,12.923,13.5639,Maize,BR1233M,,,0,0,0,0,0,NAFDAC Market Survey Sample 2012
636,23-Feb-12,,2012,Borno,Jere,,,9.5684,7.4354,Maize,BR1234M,,,0,0,0,0,0,NAFDAC Market Survey Sample 2012
637,23-Feb-12,,2012,Borno,Dikwa,,,12.042,13.9173,Maize,BR1235M,,,0,0,0,0,0,NAFDAC Market Survey Sample 2012
638,23-Feb-12,,2012,Borno,Biu,,,10.6117,12.1919,Maize,BR1236M,,,0,0,0,0,0,NAFDAC Market Survey Sample 2012
639,23-Feb-12,,2012,Borno,Kaga,,,11.5246,12.5298,Maize,BR1237M,,,0,0,0,0,0,NAFDAC Market Survey Sample 2012
640,23-Feb-12,,2012,Borno,Askira/Uba,,,10.6563,13.1279,Maize,BR1238M,,,0,0,0,0,0,NAFDAC Market Survey Sample 2012
641,23-Feb-12,,2012,Borno,Monguno,,,12.6729,13.616,Maize,BR1239M,,,2.99,0,0,0,2.99,NAFDAC Market Survey Sample 2012
642,23-Feb-12,,2012,Borno,Biu,,,10.6117,12.1919,Maize,BR1240M,,,0,0,0,0,0,NAFDAC Market Survey Sample 2012
643,23-Feb-12,,2012,Borno,Damboa,,,11.1561,12.7566,Maize,BR1241M,,,0,0,0,0,0,NAFDAC Market Survey Sample 2012
779,01-Mar-12,,2012,Delta,Oshimili South,,,6.0698,6.6211,Maize,DT1557M,,,47.53,1.41,0,0,48.94,NAFDAC Market Survey Sample 2012
780,01-Mar-12,,2012,Delta,Uvwie,,,5.565,5.7827,Maize,DT1558M,,,16.01,0.78,0,0,16.79,NAFDAC Market Survey Sample 2012
781,01-Mar-12,,2012,Delta,Ughelli North,,,5.6558,6.1103,Maize,DT1559M,,,0,0,0,0,0,NAFDAC Market Survey Sample 2012
782,01-Mar-12,,2012,Delta,Warri North,,,5.9593,5.1432,Maize,DT1560M,,,0,0,0,0,0,NAFDAC Market Survey Sample 2012
783,01-Mar-12,,2012,Delta,Oshimili North,,,6.4077,6.6211,Maize,DT1561M,,,81.48,1.49,4.8,0.43,88.2,NAFDAC Market Survey Sample 2012
784,01-Mar-12,,2012,Delta,Uvwie,,,5.565,5.7827,Maize,DT1562M,,,15.77,2.87,0,0,18.64,NAFDAC Market Survey Sample 2012
785,01-Mar-12,,2012,Delta,Isoko South,,,5.4043,6.1951,Maize,DT1563M,,,0,0,0,0,0,NAFDAC Market Survey Sample 2012
786,01-Mar-12,,2012,Delta,Sapele,,,5.8751,5.6931,Maize,DT1564M,,,0,0,0,0,0,NAFDAC Market Survey Sample 2012
787,01-Mar-12,,2012,Delta,Warri South West,,,5.5787,5.4359,Maize,DT1565M,,,0,0,0,0,0,NAFDAC Market Survey Sample 2012
788,01-Mar-12,,2012,Delta,Ethiope West,,,5.9323,5.751,Maize,DT1566M,,,0,0,0,0,0,NAFDAC Market Survey Sample 2012
789,01-Mar-12,,2012,Delta,Sapele,,,5.8751,5.6931,Maize,DT1567M,,,0,0,0,0,0,NAFDAC Market Survey Sample 2012
790,01-Mar-12,,2012,Delta,Isoko North,,,5.5919,6.2164,Maize,DT1568M,,,1.1,0.65,0,0,1.75,NAFDAC Market Survey Sample 2012
791,01-Mar-12,,2012,Delta,Warri South,,,5.6609,5.6037,Maize,DT1569M,,,1.83,1.12,1.89,0,4.84,NAFDAC Market Survey Sample 2012
792,01-Mar-12,,2012,Delta,Udu,,,5.4704,5.8354,Maize,DT1570M,,,6.98,0,0,0,6.98,NAFDAC Market Survey Sample 2012
793,01-Mar-12,,2012,Delta,Udu,,,5.4704,5.8354,Maize,DT1571M,,,1.73,0,0,0,1.73,NAFDAC Market Survey Sample 2012
794,01-Mar-12,,2012,Delta,Warri South West,,,5.5787,5.4359,Maize,DT1572M,,,8.69,3.12,1.5,0.53,13.84,NAFDAC Market Survey Sample 2012
795,01-Mar-12,,2012,Delta,Warri North,,,5.9593,5.1432,Maize,DT1573M,,,5.53,1.76,0,0,7.29,NAFDAC Market Survey Sample 2012
796,01-Mar-12,,2012,Delta,Warri North,,,5.9593,5.1432,Maize,DT1574M,,,0,0,0,0,0,NAFDAC Market Survey Sample 2012
797,01-Mar-12,,2012,Delta,Ndokwa West,,,5.7368,6.3652,Maize,DT1575M,,,1.07,0,0,0,1.07,NAFDAC Market Survey Sample 2012
798,01-Mar-12,,2012,Delta,Oshimili South,,,6.0698,6.6211,Maize,DT1576M,,,4.75,1.13,0,0,5.88,NAFDAC Market Survey Sample 2012
799,01-Mar-12,,2012,Delta,Sapele,,,5.8751,5.6931,Maize,DT1577M,,,0.86,0,4.17,1.9,6.93,NAFDAC Market Survey Sample 2012
800,01-Mar-12,,2012,Delta,Ika North East,,,6.2213,6.3013,Maize,DT1578M,,,1.32,0,0,0,1.32,NAFDAC Market Survey Sample 2012
801,01-Mar-12,,2012,Delta,Oshimili North,,,6.4077,6.6211,Maize,DT1579M,,,2.58,1.27,3.62,0,7.47,NAFDAC Market Survey Sample 2012
802,01-Mar-12,,2012,Delta,Oshimili North,,,6.4077,6.6211,Maize,DT1580M,,,0.8,0,0.85,2.4,4.05,NAFDAC Market Survey Sample 2012
803,01-Mar-12,,2012,Delta,Udu,,,5.4704,5.8354,Maize,DT1581M,,,6.01,0,1.56,0.72,8.29,NAFDAC Market Survey Sample 2012
804,01-Mar-12,,2012,Delta,Ughelli North,,,5.6558,6.1103,Maize,DT1582M,,,0,0,0,0,0,NAFDAC Market Survey Sample 2012
805,01-Mar-12,,2012,Delta,Ika North East,,,6.2213,6.3013,Maize,DT1583M,,,1.26,2.08,0,0,3.34,NAFDAC Market Survey Sample 2012
806,01-Mar-12,,2012,Delta,Uvwie,,,5.565,5.7827,Maize,DT1584M,,,6.62,0,0,0,6.62,NAFDAC Market Survey Sample 2012
807,01-Mar-12,,2012,Delta,Ika North East,,,6.2213,6.3013,Maize,DT1585M,,,5.26,1.92,0.9,0.91,8.99,NAFDAC Market Survey Sample 2012
808,01-Mar-12,,2012,Delta,Aniocha South,,,6.1562,6.4503,Maize,DT1586M,,,7.68,7.21,1.4,0.65,16.94,NAFDAC Market Survey Sample 2012
809,01-Mar-12,,2012,Delta,Aniocha South,,,6.1562,6.4503,Maize,DT1587M,,,2.31,1.78,1.14,0.66,5.89,NAFDAC Market Survey Sample 2012
810,01-Mar-12,,2012,Delta,Isoko South,,,5.4043,6.1951,Maize,DT1588M,,,0.9,1.85,0,0,2.75,NAFDAC Market Survey Sample 2012
811,01-Mar-12,,2012,Delta,Ndokwa West,,,5.7368,6.3652,Maize,DT1589M,,,1.66,0,6.94,0,8.6,NAFDAC Market Survey Sample 2012
812,01-Mar-12,,2012,Delta,Warri South,,,5.6609,5.6037,Maize,DT1590M,,,7.96,0,0,0,7.96,NAFDAC Market Survey Sample 2012
813,01-Mar-12,,2012,Delta,Oshimili South,,,6.0698,6.6211,Maize,DT1591M,,,1.24,0,1.78,0.77,3.79,NAFDAC Market Survey Sample 2012
814,01-Mar-12,,2012,Delta,Ika North East,,,6.2213,6.3013,Maize,DT1592M,,,0.68,4.65,1.55,1.07,7.95,NAFDAC Market Survey Sample 2012
815,01-Mar-12,,2012,Delta,Warri South West,,,5.5787,5.4359,Maize,DT1593M,,,2.24,2.17,2.31,0.74,7.46,NAFDAC Market Survey Sample 2012
816,01-Mar-12,,2012,Delta,Ika North East,,,6.2213,6.3013,Maize,DT1594M,,,4,3.52,3.61,1.37,12.5,NAFDAC Market Survey Sample 2012
817,01-Mar-12,,2012,Delta,Aniocha South,,,6.1562,6.4503,Maize,DT1595M,,,4.3,1.2,0,0,5.5,NAFDAC Market Survey Sample 2012
818,01-Mar-12,,2012,Delta,Ethiope West,,,5.9323,5.751,Maize,DT1596M,,,11.93,1.48,0,0,13.41,NAFDAC Market Survey Sample 2012
819,01-Mar-12,,2012,Delta,Ethiope West,,,5.9323,5.751,Maize,DT1597M,,,1.31,0,0,0,1.31,NAFDAC Market Survey Sample 2012
820,01-Mar-12,,2012,Delta,Isoko South,,,5.4043,6.1951,Maize,DT1598M,,,0,0,0,0,0,NAFDAC Market Survey Sample 2012
821,01-Mar-12,,2012,Delta,Ndokwa West,,,5.7368,6.3652,Maize,DT1599M,,,0,0,0,0,0,NAFDAC Market Survey Sample 2012
822,01-Mar-12,,2012,Delta,Warri South,,,5.6609,5.6037,Maize,DT1600M,,,20.55,2.69,0,0,23.24,NAFDAC Market Survey Sample 2012
823,01-Mar-12,,2012,Delta,Ughelli North,,,5.6558,6.1103,Maize,DT1601M,,,0,0,0,0,0,NAFDAC Market Survey Sample 2012
734,29-Feb-12,,2012,Edo,Etsako East,,,7.2627,6.4503,Maize,ED1467M,,,10.13,2.14,10.68,1.31,24.26,NAFDAC Market Survey Sample 2012
735,29-Feb-12,,2012,Edo,Akoko-Edo,,,7.3533,6.1103,Maize,ED1468M,,,0,0,0,0,0,NAFDAC Market Survey Sample 2012
736,29-Feb-12,,2012,Edo,Akoko-Edo,,,7.3533,6.1103,Maize,ED1469M,,,12.32,2.54,0,0,14.86,NAFDAC Market Survey Sample 2012
737,29-Feb-12,,2012,Edo,Esan North-East,,,7.3533,6.1103,Maize,ED1470M,,,14.81,11.89,0,0,26.7,NAFDAC Market Survey Sample 2012
738,29-Feb-12,,2012,Edo,Etsako East,,,7.2627,6.4503,Maize,ED1471M,,,19.18,3.16,1.7,0,24.04,NAFDAC Market Survey Sample 2012
739,29-Feb-12,,2012,Edo,Esan South-East,,,6.6214,6.493,Maize,ED1472M,,,0.67,0,0,0,0.67,NAFDAC Market Survey Sample 2012
740,29-Feb-12,,2012,Edo,Etsako Central,,,7.0057,6.4503,Maize,ED1473M,,,2.45,1.37,0,0,3.82,NAFDAC Market Survey Sample 2012
741,29-Feb-12,,2012,Edo,Oredo,,,6.2298,5.5407,Maize,ED1474M,,,0,0,0,0,0,NAFDAC Market Survey Sample 2012
742,29-Feb-12,,2012,Edo,Esan Central,,,6.6888,6.2164,Maize,ED1475M,,,4.71,1.76,0,0,6.47,NAFDAC Market Survey Sample 2012
743,29-Feb-12,,2012,Edo,Egor,,,6.3671,5.5722,Maize,ED1476M,,,6.01,0.99,0,0,7,NAFDAC Market Survey Sample 2012
744,29-Feb-12,,2012,Edo,Ovia North-East,,,6.5047,5.6037,Maize,ED1477M,,,2.32,1.03,0,0,3.35,NAFDAC Market Survey Sample 2012
745,29-Feb-12,,2012,Edo,Ovia North-East,,,6.5047,5.6037,Maize,ED1478M,,,0,0,0,0,0,NAFDAC Market Survey Sample 2012
746,29-Feb-12,,2012,Edo,Ikpoba Okha,,,6.1649,5.6879,Maize,ED1479M,,,3.43,0,2.23,0,5.66,NAFDAC Market Survey Sample 2012
747,29-Feb-12,,2012,Edo,Egor,,,6.3671,5.5722,Maize,ED1480M,,,0.67,2.17,0,0,2.84,NAFDAC Market Survey Sample 2012
748,29-Feb-12,,2012,Edo,Ovia North-East,,,6.5047,5.6037,Maize,ED1481M,,,0,0,0,0,0,NAFDAC Market Survey Sample 2012
749,29-Feb-12,,2012,Edo,Oredo,,,6.2298,5.5407,Maize,ED1482M,,,1.23,1.17,2.68,0.51,5.59,NAFDAC Market Survey Sample 2012
750,29-Feb-12,,2012,Edo,Akoko-Edo,,,7.3533,6.1103,Maize,ED1483M,,,0,0,0,0,0,NAFDAC Market Survey Sample 2012
751,29-Feb-12,,2012,Edo,Esan West,,,6.6899,6.1315,Maize,ED1484M,,,1.36,0,2,1.1,4.46,NAFDAC Market Survey Sample 2012
752,29-Feb-12,,2012,Edo,Igueben,,,6.5888,6.2389,Maize,ED1485M,,,0.92,1.82,21.4,0,24.14,NAFDAC Market Survey Sample 2012
753,29-Feb-12,,2012,Edo,Igueben,,,6.5888,6.2389,Maize,ED1486M,,,1.94,1.75,2.13,0,5.82,NAFDAC Market Survey Sample 2012
754,29-Feb-12,,2012,Edo,Etsako East,,,7.2627,6.4503,Maize,ED1487M,,,14.1,2.14,0,0,16.24,NAFDAC Market Survey Sample 2012
755,29-Feb-12,,2012,Edo,Owan West,,,6.9279,5.8565,Maize,ED1488M,,,9.73,1.73,0,0,11.46,NAFDAC Market Survey Sample 2012
756,29-Feb-12,,2012,Edo,Esan West,,,6.6899,6.1315,Maize,ED1489M,,,0,0,0,0,0,NAFDAC Market Survey Sample 2012
757,29-Feb-12,,2012,Edo,Etsako West,,,7.008,6.2801,Maize,ED1490M,,,0,0,0,0,0,NAFDAC Market Survey Sample 2012
758,29-Feb-12,,2012,Edo,Owan West,,,6.9279,5.8565,Maize,ED1491M,,,2.82,0,0,0,2.82,NAFDAC Market Survey Sample 2012
759,29-Feb-12,,2012,Edo,Igueben,,,6.5888,6.2389,Maize,ED1492M,,,0,0,0,0,0,NAFDAC Market Survey Sample 2012
760,29-Feb-12,,2012,Edo,Esan North-East,,,6.7297,6.3439,Maize,ED1493M,,,2.51,0.74,0,0,3.25,NAFDAC Market Survey Sample 2012
761,29-Feb-12,,2012,Edo,Etsako West,,,7.008,6.2801,Maize,ED1494M,,,9.79,1.87,4.24,3.02,18.92,NAFDAC Market Survey Sample 2012
762,29-Feb-12,,2012,Edo,Orhionmwon,,,6.1194,5.9833,Maize,ED1495M,,,0,0,0,0,0,NAFDAC Market Survey Sample 2012
763,29-Feb-12,,2012,Edo,Oredo,,,6.2298,5.5407,Maize,ED1496M,,,3.35,1.64,2.71,0.8,8.5,NAFDAC Market Survey Sample 2012
764,29-Feb-12,,2012,Edo,Esan North-East,,,6.7297,6.3439,Maize,ED1497M,,,4.12,6.91,0,0,11.03,NAFDAC Market Survey Sample 2012
765,29-Feb-12,,2012,Edo,Esan West,,,6.6899,6.1315,Maize,ED1498M,,,2.24,0,0,0,2.24,NAFDAC Market Survey Sample 2012
766,29-Feb-12,,2012,Edo,Esan Central,,,6.6888,6.2164,Maize,ED1499M,,,3.11,32.79,6.87,4.23,47,NAFDAC Market Survey Sample 2012
767,29-Feb-12,,2012,Edo,Esan South-East,,,6.6214,6.493,Maize,ED1500M,,,1.68,1.74,0,0,3.42,NAFDAC Market Survey Sample 2012
768,29-Feb-12,,2012,Edo,Ikpoba Okha,,,6.1649,5.6879,Maize,ED1501M,,,10.5,10.37,7.93,0,28.8,NAFDAC Market Survey Sample 2012
769,29-Feb-12,,2012,Edo,Owan West,,,6.9279,5.8565,Maize,ED1502M,,,0,0,0,0,0,NAFDAC Market Survey Sample 2012
770,29-Feb-12,,2012,Edo,Egor,,,6.3671,5.5722,Maize,ED1503M,,,0,0,0,0,0,NAFDAC Market Survey Sample 2012
771,29-Feb-12,,2012,Edo,Esan South-East,,,6.6214,6.493,Maize,ED1504M,,,15.91,3.35,12.56,0.61,32.43,NAFDAC Market Survey Sample 2012
772,29-Feb-12,,2012,Edo,Etsako West,,,7.008,6.2801,Maize,ED1505M,,,0,0,0,0,0,NAFDAC Market Survey Sample 2012
773,29-Feb-12,,2012,Edo,Esan Central,,,6.6888,6.2164,Maize,ED1506M,,,2.85,0,20.34,3.05,26.24,NAFDAC Market Survey Sample 2012
774,29-Feb-12,,2012,Edo,Ikpoba Okha,,,6.1649,5.6879,Maize,ED1507M,,,0.75,1.27,0,0,2.02,NAFDAC Market Survey Sample 2012
775,29-Feb-12,,2012,Edo,Etsako Central,,,7.0057,6.4503,Maize,ED1508M,,,1.3,1.55,0,0,2.85,NAFDAC Market Survey Sample 2012
776,29-Feb-12,,2012,Edo,Orhionmwon,,,6.1194,5.9833,Maize,ED1509M,,,3.86,2.78,0,0,6.64,NAFDAC Market Survey Sample 2012
777,29-Feb-12,,2012,Edo,Etsako Central,,,7.0057,6.4503,Maize,ED1510M,,,0,0,0,0,0,NAFDAC Market Survey Sample 2012
778,01-Mar-12,,2012,Edo,Orhionmwon,,,6.1194,5.9833,Maize,ED1511M,,,0,0,0,0,0,NAFDAC Market Survey Sample 2012
689,24-Feb-12,,2012,Enugu,Nkanu East,,,6.3089,7.6548,Maize,EN1377M,,,0.82,0.89,21.4,2.94,26.05,NAFDAC Market Survey Sample 2012
690,24-Feb-12,,2012,Enugu,Igbo Etiti,,,6.6722,7.4165,Maize,EN1378M,,,0,0,0,0,0,NAFDAC Market Survey Sample 2012
691,24-Feb-12,,2012,Enugu,Udenu,,,6.8828,7.5464,Maize,EN1379M,,,0,0,0,0,0,NAFDAC Market Survey Sample 2012
692,24-Feb-12,,2012,Enugu,Igboeze South,,,6.9386,7.3841,Maize,EN1380M,,,0,0,0,0,0,NAFDAC Market Survey Sample 2012
693,24-Feb-12,,2012,Enugu,Enugu East,,,6.4483,7.5139,Maize,EN1381M,,,2.05,1.23,17.51,0.5,21.29,NAFDAC Market Survey Sample 2012
694,24-Feb-12,,2012,Enugu,Aninri,,,6.0362,7.5897,Maize,EN1382M,,,0,0,0,0,0,NAFDAC Market Survey Sample 2012
695,24-Feb-12,,2012,Enugu,Udi,,,6.4818,7.3949,Maize,EN1383M,,,2.85,0.86,1.27,0,4.98,NAFDAC Market Survey Sample 2012
696,24-Feb-12,,2012,Enugu,Awgu,,,6.0779,7.4699,Maize,EN1384M,,,11.21,1.17,0,0,12.38,NAFDAC Market Survey Sample 2012
697,24-Feb-12,,2012,Enugu,Igbo Etiti,,,6.6722,7.4165,Maize,EN1385M,,,0,0,0,0,0,NAFDAC Market Survey Sample 2012
698,24-Feb-12,,2012,Enugu,Igbo Eze North,,,6.9904,7.4814,Maize,EN1386M,,,0,0,0,0,0,NAFDAC Market Survey Sample 2012
699,24-Feb-12,,2012,Enugu,Udenu,,,6.8828,7.5464,Maize,EN1387M,,,1.42,0.93,0,0,2.35,NAFDAC Market Survey Sample 2012
700,24-Feb-12,,2012,Enugu,Nsukka,,,6.3089,7.6548,Maize,EN1388M,,,1.02,0,0,0,1.02,NAFDAC Market Survey Sample 2012
701,24-Feb-12,,2012,Enugu,Nkanu East,,,6.4483,7.5139,Maize,EN1389M,,,0,0,0,0,0,NAFDAC Market Survey Sample 2012
702,24-Feb-12,,2012,Enugu,Enugu East,,,6.4483,7.5139,Maize,EN1390M,,,6.83,1.64,15.29,1.71,25.47,NAFDAC Market Survey Sample 2012
703,24-Feb-12,,2012,Enugu,Udi,,,6.4818,7.3949,Maize,EN1391M,,,0,0,0,0,0,NAFDAC Market Survey Sample 2012
704,24-Feb-12,,2012,Enugu,Igboeze South,,,6.9386,7.3841,Maize,EN1392M,,,15.43,9.92,0,0,25.35,NAFDAC Market Survey Sample 2012
705,24-Feb-12,,2012,Enugu,Igboeze North,,,6.9904,7.4814,Maize,EN1393M,,,9.99,1.54,0,0,11.53,NAFDAC Market Survey Sample 2012
706,24-Feb-12,,2012,Enugu,Enugu East,,,6.4483,7.5139,Maize,EN1394M,,,0,0,0,0,0,NAFDAC Market Survey Sample 2012
707,24-Feb-12,,2012,Enugu,Igbo Etiti,,,6.6722,7.4165,Maize,EN1395M,,,10.99,1.61,7.32,8.94,28.86,NAFDAC Market Survey Sample 2012
708,24-Feb-12,,2012,Enugu,Igboeze South,,,6.9386,7.3841,Maize,EN1396M,,,2.8,0,0,0,2.8,NAFDAC Market Survey Sample 2012
709,24-Feb-12,,2012,Enugu,Aninri,,,6.0362,7.5897,Maize,EN1397M,,,2.48,1.78,0,0,4.26,NAFDAC Market Survey Sample 2012
710,24-Feb-12,,2012,Enugu,Oji River,,,6.2537,7.2734,Maize,EN1398M,,,17.27,2.37,5.82,0,25.46,NAFDAC Market Survey Sample 2012
711,24-Feb-12,,2012,Enugu,Oji River,,,6.2537,7.2734,Maize,EN1399M,,,0,0,0,0,0,NAFDAC Market Survey Sample 2012
712,24-Feb-12,,2012,Enugu,Enugu South,,,6.3849,7.5139,Maize,EN1400M,,,16.82,5.12,11.67,0,33.61,NAFDAC Market Survey Sample 2012
713,24-Feb-12,,2012,Enugu,Aninri,,,6.0362,7.5897,Maize,EN1401M,,,0,0,0,0,0,NAFDAC Market Survey Sample 2012
714,24-Feb-12,,2012,Enugu,Enugu South,,,6.3849,7.5139,Maize,EN1402M,,,1.06,1.11,2.33,0,4.5,NAFDAC Market Survey Sample 2012
715,24-Feb-12,,2012,Enugu,Enugu South,,,6.3849,7.5139,Maize,EN1403M,,,1.3,4.74,0,0,6.04,NAFDAC Market Survey Sample 2012
716,24-Feb-12,,2012,Enugu,Igboeze North,,,6.9904,7.4814,Maize,EN1404M,,,0,0,0,0,0,NAFDAC Market Survey Sample 2012
717,24-Feb-12,,2012,Enugu,Enugu North,,,6.4483,7.5139,Maize,EN1405M,,,0,0,0,0,0,NAFDAC Market Survey Sample 2012
718,24-Feb-12,,2012,Enugu,Udenu,,,6.8828,7.5464,Maize,EN1406M,,,5.38,1.33,0,0,6.71,NAFDAC Market Survey Sample 2012
719,24-Feb-12,,2012,Enugu,Awgu,,,6.0779,7.4699,Maize,EN1407M,,,0,0,0,0,0,NAFDAC Market Survey Sample 2012
720,24-Feb-12,,2012,Enugu,Nkanu West,,,6.3322,7.5031,Maize,EN1408M,,,3.56,2.67,3.46,0,9.69,NAFDAC Market Survey Sample 2012
721,24-Feb-12,,2012,Enugu,Udi,,,6.4818,7.3949,Maize,EN1409M,,,0,0,0,0,0,NAFDAC Market Survey Sample 2012
722,24-Feb-12,,2012,Enugu,Nkanu West,,,6.3322,7.5031,Maize,EN1410M,,,0,0,0,0,0,NAFDAC Market Survey Sample 2012
723,24-Feb-12,,2012,Enugu,Nsukka,,,6.8429,7.3733,Maize,EN1411M,,,1.44,1.37,0,0,2.81,NAFDAC Market Survey Sample 2012
724,24-Feb-12,,2012,Enugu,Nsukka,,,6.8429,7.3733,Maize,EN1412M,,,9.67,1.32,0,0,10.99,NAFDAC Market Survey Sample 2012
725,24-Feb-12,,2012,Enugu,Ezeagu,,,6.3846,7.2914,Maize,EN1413M,,,7.9,0.85,0,0,8.75,NAFDAC Market Survey Sample 2012
726,24-Feb-12,,2012,Enugu,Awgu,,,6.0779,7.4699,Maize,EN1414M,,,0,0,0,0,0,NAFDAC Market Survey Sample 2012
727,24-Feb-12,,2012,Enugu,Nkanu East,,,6.3089,7.6548,Maize,EN1415M,,,1.32,2.93,0,0,4.25,NAFDAC Market Survey Sample 2012
728,24-Feb-12,,2012,Enugu,Oji River,,,6.2537,7.2734,Maize,EN1416M,,,8.96,20.61,3.39,1.55,34.51,NAFDAC Market Survey Sample 2012
729,24-Feb-12,,2012,Enugu,Enugu North,,,6.4483,7.5139,Maize,EN1417M,,,2.44,1.15,5.73,1.07,10.39,NAFDAC Market Survey Sample 2012
730,24-Feb-12,,2012,Enugu,Ezeagu,,,6.3846,7.2914,Maize,EN1418M,,,2.77,0.79,0,0,3.56,NAFDAC Market Survey Sample 2012
731,24-Feb-12,,2012,Enugu,Enugu North,,,6.4483,7.5139,Maize,EN1419M,,,0,0,0,0,0,NAFDAC Market Survey Sample 2012
732,24-Feb-12,,2012,Enugu,Ezeagu,,,6.3846,7.2914,Maize,EN1420M,,,1.67,1.16,0,0,2.83,NAFDAC Market Survey Sample 2012
733,24-Feb-12,,2012,Enugu,Nkanu West,,,6.3322,7.5031,Maize,EN1421M,,,0,0,0,0,0,NAFDAC Market Survey Sample 2012
539,21-Feb-12,,2012,FCT,Gwagwalada,,,8.9508,7.0767,Maize,FC1077M,,,16.63,6.69,26.35,0.91,50.58,NAFDAC Market Survey Sample 2012
540,21-Feb-12,,2012,FCT,Bwari,,,9.2826,7.3858,Maize,FC1078M,,,6.43,15.83,3.51,6.64,32.41,NAFDAC Market Survey Sample 2012
541,21-Feb-12,,2012,FCT,Kuje,,,8.8797,7.2294,Maize,FC1079M,,,3.4,2.61,3.51,0.94,10.46,NAFDAC Market Survey Sample 2012
542,21-Feb-12,,2012,FCT,Kuje,,,8.8797,7.2294,Maize,FC1080M,,,1.59,2.78,0,0,4.37,NAFDAC Market Survey Sample 2012
543,21-Feb-12,,2012,FCT,AMAC,,,9.0618,7.4221,Maize,FC1081M,,,24.79,0.84,14.31,5.69,45.63,NAFDAC Market Survey Sample 2012
544,21-Feb-12,,2012,FCT,Kwali,,,8.8403,7.0539,Maize,FC1082M,,,22.02,5.36,12.55,0.43,40.36,NAFDAC Market Survey Sample 2012
545,21-Feb-12,,2012,FCT,Gwagwalada,,,8.9508,7.0767,Maize,FC1083M,,,8.16,2.24,35.59,0,45.99,NAFDAC Market Survey Sample 2012
546,21-Feb-12,,2012,FCT,Gwagwalada,,,8.9508,7.0767,Maize,FC1084M,,,10.67,1.92,9.47,1.77,23.83,NAFDAC Market Survey Sample 2012
547,21-Feb-12,,2012,FCT,Kwali,,,8.8403,7.0539,Maize,FC1085M,,,9.25,1.76,6.81,0.84,18.66,NAFDAC Market Survey Sample 2012
548,21-Feb-12,,2012,FCT,Kuje,,,8.8797,7.2294,Maize,FC1086M,,,7.12,3.62,2.34,16.4,29.48,NAFDAC Market Survey Sample 2012
549,21-Feb-12,,2012,FCT,Bwari,,,9.2826,7.3858,Maize,FC1087M,,,4.37,3.01,3.48,1.87,12.73,NAFDAC Market Survey Sample 2012
550,21-Feb-12,,2012,FCT,AMAC,,,9.0618,7.4221,Maize,FC1088M,,,2.64,2.86,4.24,3.53,13.27,NAFDAC Market Survey Sample 2012
551,21-Feb-12,,2012,FCT,Bwari,,,9.2826,7.3858,Maize,FC1089M,,,1.55,1.9,1.17,0,4.62,NAFDAC Market Survey Sample 2012
552,21-Feb-12,,2012,FCT,Kwali,,,8.8403,7.0539,Maize,FC1090M,,,6.62,2.22,0,0,8.84,NAFDAC Market Survey Sample 2012
553,21-Feb-12,,2012,FCT,AMAC,,,9.0618,7.4221,Maize,FC1091M,,,15.59,27.27,2.09,0.57,45.52,NAFDAC Market Survey Sample 2012
491,20-Feb-12,,2012,Gombe,Billiri,,,9.8662,11.2194,Maize,GM981M,,,0,0,0,0,0,NAFDAC Market Survey Sample 2012
492,20-Feb-12,,2012,Gombe,Funakaye,,,10.7252,11.3885,Maize,GM982M,,,2.34,2.21,0,0,4.55,NAFDAC Market Survey Sample 2012
493,20-Feb-12,,2012,Gombe,Gombe,,,10.2791,11.1731,Maize,GM983M,,,0,0,0,0,0,NAFDAC Market Survey Sample 2012
494,20-Feb-12,,2012,Gombe,Yamaltu/Deba,,,10.2794,11.4793,Maize,GM984M,,,0,0,0,0,0,NAFDAC Market Survey Sample 2012
495,20-Feb-12,,2012,Gombe,Akko,,,10.2791,11.1731,Maize,GM985M,,,5.25,1.32,0,0,6.57,NAFDAC Market Survey Sample 2012
496,20-Feb-12,,2012,Gombe,Shongom,,,9.6698,11.2977,Maize,GM986M,,,0,0,0,0,0,NAFDAC Market Survey Sample 2012
497,20-Feb-12,,2012,Gombe,Dukku,,,10.823,10.7733,Maize,GM987M,,,1.3,3.71,11.12,1.5,17.63,NAFDAC Market Survey Sample 2012
498,20-Feb-12,,2012,Gombe,Akko,,,10.2791,11.1731,Maize,GM988M,,,1.1,3.04,0,0,4.14,NAFDAC Market Survey Sample 2012
499,20-Feb-12,,2012,Gombe,Dukku,,,10.823,10.7733,Maize,GM989M,,,0,0,0,0,0,NAFDAC Market Survey Sample 2012
500,20-Feb-12,,2012,Gombe,Shongom,,,9.6698,11.2977,Maize,GM990M,,,1.32,2.27,0,0,3.59,NAFDAC Market Survey Sample 2012
501,20-Feb-12,,2012,Gombe,Billiri,,,9.8662,11.2194,Maize,GM991M,,,0,0,0,0,0,NAFDAC Market Survey Sample 2012
502,20-Feb-12,,2012,Gombe,Kwami,,,10.4019,11.1391,Maize,GM992M,,,2.33,1.39,0,0,3.72,NAFDAC Market Survey Sample 2012
503,20-Feb-12,,2012,Gombe,Yamaltu/Deba,,,10.2794,11.4793,Maize,GM993M,,,1.54,0.86,0,0,2.4,NAFDAC Market Survey Sample 2012
504,20-Feb-12,,2012,Gombe,Balanga,,,9.8329,11.6613,Maize,GM994M,,,2.17,1.06,3.02,0,6.25,NAFDAC Market Survey Sample 2012
505,20-Feb-12,,2012,Gombe,Nafada,,,11.0968,11.3346,Maize,GM995M,,,0,0,0,0,0,NAFDAC Market Survey Sample 2012
506,20-Feb-12,,2012,Gombe,Balanga,,,9.8329,11.6613,Maize,GM996M,,,1.95,3.31,0,0,5.26,NAFDAC Market Survey Sample 2012
507,20-Feb-12,,2012,Gombe,Kaltungo,,,9.8201,11.3119,Maize,GM997M,,,7.29,0.89,0,0,8.18,NAFDAC Market Survey Sample 2012
508,20-Feb-12,,2012,Gombe,Yamaltu/Deba,,,10.2794,11.4793,Maize,GM998M,,,1.65,1.01,0,0,2.66,NAFDAC Market Survey Sample 2012
509,20-Feb-12,,2012,Gombe,Shongom,,,9.6698,11.2977,Maize,GM999M,,,0.79,1.79,0,0,2.58,NAFDAC Market Survey Sample 2012
510,20-Feb-12,,2012,Gombe,Akko,,,10.2791,11.1731,Maize,GM1000M,,,0,0,0,0,0,NAFDAC Market Survey Sample 2012
511,20-Feb-12,,2012,Gombe,Kaltungo,,,9.8201,11.3119,Maize,GM1001M,,,0,0,0,0,0,NAFDAC Market Survey Sample 2012
512,20-Feb-12,,2012,Gombe,Funakaye,,,10.7252,11.3885,Maize,GM1002M,,,4.7,0,2.16,4.72,11.58,NAFDAC Market Survey Sample 2012
513,20-Feb-12,,2012,Gombe,Nafada,,,11.0968,11.3346,Maize,GM1003M,,,0,0,0,0,0,NAFDAC Market Survey Sample 2012
514,20-Feb-12,,2012,Gombe,Funakaye,,,10.7252,11.3885,Maize,GM1004M,,,0.76,3.3,9.53,0,13.59,NAFDAC Market Survey Sample 2012
515,20-Feb-12,,2012,Gombe,Kwami,,,10.4019,11.1391,Maize,GM1005M,,,0.71,1.31,7.93,0.59,10.54,NAFDAC Market Survey Sample 2012
516,20-Feb-12,,2012,Gombe,Dukku,,,10.823,10.7733,Maize,GM1006M,,,1.46,1.98,0,0,3.44,NAFDAC Market Survey Sample 2012
517,20-Feb-12,,2012,Gombe,Kwami,,,10.4019,11.1391,Maize,GM1007M,,,0,0,0,0,0,NAFDAC Market Survey Sample 2012
518,20-Feb-12,,2012,Gombe,Gombe,,,10.2791,11.1731,Maize,GM1008M,,,16.75,2.12,1.5,3.67,24.04,NAFDAC Market Survey Sample 2012
519,20-Feb-12,,2012,Gombe,Kaltungo,,,9.8201,11.3119,Maize,GM1009M,,,2.08,0,25.61,0.94,28.63,NAFDAC Market Survey Sample 2012
520,20-Feb-12,,2012,Gombe,Nafada,,,11.0968,11.3346,Maize,GM1010M,,,0,0,0,0,0,NAFDAC Market Survey Sample 2012
521,20-Feb-12,,2012,Gombe,Gombe,,,10.2791,11.1731,Maize,GM1011M,,,0.8,1.52,0,0,2.32,NAFDAC Market Survey Sample 2012
522,20-Feb-12,,2012,Gombe,Balanga,,,9.8329,11.6613,Maize,GM1012M,,,14.45,2.05,5.98,0.9,23.38,NAFDAC Market Survey Sample 2012
523,20-Feb-12,,2012,Gombe,Billiri,,,9.8662,11.2194,Maize,GM1013M,,,0,0,0,0,0,NAFDAC Market Survey Sample 2012
181,09-Feb-12,,2012,Imo,Oguta,,,5.7213,6.8281,Maize,IM361M,,,2.91,0,0,0,2.91,NAFDAC Market Survey Sample 2012
182,09-Feb-12,,2012,Imo,Owerri West,,,5.4166,6.9853,Maize,IM362M,,,9.06,0,4.38,1.41,14.85,NAFDAC Market Survey Sample 2012
183,09-Feb-12,,2012,Imo,Oguta,,,5.7213,6.8281,Maize,IM363M,,,33.07,13.51,4.4,0,50.98,NAFDAC Market Survey Sample 2012
184,09-Feb-12,,2012,Imo,Oru West,,,5.7409,6.9102,Maize,IM364M,,,2.71,0,7.88,0,10.59,NAFDAC Market Survey Sample 2012
185,09-Feb-12,,2012,Imo,Oguta,,,5.7213,6.8281,Maize,IM365M,,,7.11,0,21.84,0,28.95,NAFDAC Market Survey Sample 2012
186,09-Feb-12,,2012,Imo,Ikeduru,,,5.5812,7.1575,Maize,IM366M,,,9.35,6.64,6.33,8.93,31.25,NAFDAC Market Survey Sample 2012
187,09-Feb-12,,2012,Imo,Ikeduru,,,5.5812,7.1575,Maize,IM367M,,,4.01,4.77,0,0,8.78,NAFDAC Market Survey Sample 2012
188,09-Feb-12,,2012,Imo,Oru East,,,5.6673,6.9424,Maize,IM368M,,,36.6,30.9,0,0,67.5,NAFDAC Market Survey Sample 2012
189,09-Feb-12,,2012,Imo,Oru East,,,5.6673,6.9424,Maize,IM369M,,,13.11,4.49,3.87,0,21.47,NAFDAC Market Survey Sample 2012
190,09-Feb-12,,2012,Imo,Isiala Mbano,,,5.7084,7.1783,Maize,IM370M,,,2.94,29.63,16.81,11.2,60.58,NAFDAC Market Survey Sample 2012
191,09-Feb-12,,2012,Imo,Isiala Mbano,,,5.7084,7.1783,Maize,IM371M,,,8.89,0,3.13,2.8,14.82,NAFDAC Market Survey Sample 2012
192,09-Feb-12,,2012,Imo,Owerri West,,,5.4166,6.9853,Maize,IM372M,,,10.4,0,0,0,10.4,NAFDAC Market Survey Sample 2012
193,09-Feb-12,,2012,Imo,Owerri Municipal,,,5.4682,7.0176,Maize,IM373M,,,0,0,0,0,0,NAFDAC Market Survey Sample 2012
194,09-Feb-12,,2012,Imo,Ikeduru,,,5.5812,7.1575,Maize,IM374M,,,0,0,0,0,0,NAFDAC Market Survey Sample 2012
195,09-Feb-12,,2012,Imo,Isiala Mbano,,,5.7084,7.1783,Maize,IM375M,,,2.29,0,0,0,2.29,NAFDAC Market Survey Sample 2012
196,09-Feb-12,,2012,Imo,Orlu,,,5.8358,7.0196,Maize,IM376M,,,3.26,3.21,3.32,0,9.79,NAFDAC Market Survey Sample 2012
197,09-Feb-12,,2012,Imo,Orlu,,,5.8358,7.0196,Maize,IM377M,,,17.09,9.68,0,0,26.77,NAFDAC Market Survey Sample 2012
198,09-Feb-12,,2012,Imo,Owerri West,,,5.4166,6.9853,Maize,IM378M,,,2.67,9.75,2.11,0,14.53,NAFDAC Market Survey Sample 2012
199,09-Feb-12,,2012,Imo,Okigwe,,,5.831,7.3942,Maize,IM379M,,,2.54,15.31,0,0,17.85,NAFDAC Market Survey Sample 2012
200,09-Feb-12,,2012,Imo,Oru West,,,5.7409,6.9102,Maize,IM380M,,,8.17,3.91,1.86,0,13.94,NAFDAC Market Survey Sample 2012
201,09-Feb-12,,2012,Imo,Orlu,,,5.8358,7.0196,Maize,IM381M,,,0,0,0,0,0,NAFDAC Market Survey Sample 2012
202,09-Feb-12,,2012,Imo,Oru East,,,5.6673,6.9424,Maize,IM382M,,,5.49,0,0,0,5.49,NAFDAC Market Survey Sample 2012
203,09-Feb-12,,2012,Imo,Owerri Municipal,,,5.4682,7.0176,Maize,IM383M,,,4.13,0,2.39,0,6.52,NAFDAC Market Survey Sample 2012
204,09-Feb-12,,2012,Imo,Ehime Mbano,,,5.6655,7.3058,Maize,IM384M,,,7.77,0,0,0,7.77,NAFDAC Market Survey Sample 2012
205,09-Feb-12,,2012,Imo,Ehime Mbano,,,5.6655,7.3058,Maize,IM385M,,,7.27,0,8.17,1.09,16.53,NAFDAC Market Survey Sample 2012
206,09-Feb-12,,2012,Imo,Ehime Mbano,,,5.6655,7.3058,Maize,IM386M,,,2.87,2.36,0,0,5.23,NAFDAC Market Survey Sample 2012
207,09-Feb-12,,2012,Imo,Oru West,,,5.7409,6.9102,Maize,IM387M,,,12.49,17.83,0.53,1.28,32.13,NAFDAC Market Survey Sample 2012
208,09-Feb-12,,2012,Imo,Okigwe,,,5.831,7.3942,Maize,IM388M,,,1.03,0,0,0,1.03,NAFDAC Market Survey Sample 2012
209,09-Feb-12,,2012,Imo,Owerri North,,,5.4567,7.1144,Maize,IM389M,,,2.03,12.88,7.27,0.62,22.8,NAFDAC Market Survey Sample 2012
210,09-Feb-12,,2012,Imo,Onuimo,,,5.7788,7.2329,Maize,IM390M,,,6.74,1.62,0.95,2.22,11.53,NAFDAC Market Survey Sample 2012
211,09-Feb-12,,2012,Imo,Onuimo,,,5.7788,7.2329,Maize,IM391M,,,4.93,0,2.37,14.97,22.27,NAFDAC Market Survey Sample 2012
212,09-Feb-12,,2012,Imo,Okigwe,,,5.831,7.3942,Maize,IM392M,,,4.08,7,3.12,1.15,15.35,NAFDAC Market Survey Sample 2012
213,09-Feb-12,,2012,Imo,Owerri Municipal,,,5.4682,7.0176,Maize,IM393M,,,8.21,7.44,4.57,0,20.22,NAFDAC Market Survey Sample 2012
214,09-Feb-12,,2012,Imo,Owerri North,,,5.4567,7.1144,Maize,IM394M,,,9.93,3.85,0,0,13.78,NAFDAC Market Survey Sample 2012
215,09-Feb-12,,2012,Imo,Ihitte/Uboma,,,5.6154,7.3463,Maize,IM395M,,,4.07,3.17,2.71,2.03,11.98,NAFDAC Market Survey Sample 2012
216,09-Feb-12,,2012,Imo,Onuimo,,,5.7788,7.2329,Maize,IM396M,,,2.84,5.52,3.01,0.44,11.81,NAFDAC Market Survey Sample 2012
217,09-Feb-12,,2012,Imo,Owerri North,,,5.4567,7.1144,Maize,IM397M,,,8.51,1.65,0,0,10.16,NAFDAC Market Survey Sample 2012
218,09-Feb-12,,2012,Imo,Ihitte/Uboma,,,5.6154,7.3463,Maize,IM398M,,,0.69,2.83,5.62,0.86,10,NAFDAC Market Survey Sample 2012
219,09-Feb-12,,2012,Imo,Njaba,,,5.6981,6.9961,Maize,IM399M,,,2.37,1.46,6.32,1.77,11.92,NAFDAC Market Survey Sample 2012
220,09-Feb-12,,2012,Imo,Njaba,,,5.6981,6.9961,Maize,IM400M,,,2.51,0,3.05,5.88,11.44,NAFDAC Market Survey Sample 2012
221,09-Feb-12,,2012,Imo,Mbaitoli,,,5.5828,7.0283,Maize,IM401M,,,1.57,2.15,1.81,0.95,6.48,NAFDAC Market Survey Sample 2012
222,09-Feb-12,,2012,Imo,Mbaitoli,,,5.5828,7.0283,Maize,IM402M,,,3.68,0,1.09,4.46,9.23,NAFDAC Market Survey Sample 2012
223,09-Feb-12,,2012,Imo,Ihitte/Uboma,,,5.6154,7.3463,Maize,IM403M,,,6.31,5.64,3.18,1.31,16.44,NAFDAC Market Survey Sample 2012
224,09-Feb-12,,2012,Imo,Njaba,,,5.6981,6.9961,Maize,IM404M,,,6.35,0,0,0,6.35,NAFDAC Market Survey Sample 2012
225,09-Feb-12,,2012,Imo,Mbaitoli,,,5.5828,7.0283,Maize,IM405M,,,5.42,0,0,0,5.42,NAFDAC Market Survey Sample 2012
61,,,2012,Kaduna,Ikara,,,11.1788,8.2268,Maize,Pam01,,Control,4.58,0,11.85,2.58,19.02,Large Scale Testing 2012
62,,,2012,Kaduna,Ikara,,,11.1788,8.2268,Maize,Pam06,,Control,1.47,1.8,2.23,2.4,7.9,Large Scale Testing 2012
63,,,2012,Kaduna,Ikara,,,11.1788,8.2268,Maize,Pam07,,Control,5.2,1.18,0,0,6.39,Large Scale Testing 2012
64,,,2012,Kaduna,Ikara,,,11.1788,8.2268,Maize,Pam08,,Control,10.67,0.93,0,1.25,12.84,Large Scale Testing 2012
65,,,2012,Kaduna,Ikara,,,11.1788,8.2268,Maize,Pam09,,Control,0.79,1.56,0,0,2.35,Large Scale Testing 2012
66,,,2012,Kaduna,Ikara,,,11.1788,8.2268,Maize,Pam10,,Control,0,0,0,0,0,Large Scale Testing 2012
67,,,2012,Kaduna,Ikara,,,11.1788,8.2268,Maize,Pam12,,Control,0,0,0,0,0,Large Scale Testing 2012
68,,,2012,Kaduna,Ikara,,,11.1788,8.2268,Maize,Pam11,,Control,0,0,0,0,0,Large Scale Testing 2012
69,,,2012,Kaduna,Ikara,,,11.1788,8.2268,Maize,Pam15,,Control,2.13,5.03,0,0,7.16,Large Scale Testing 2012
70,,,2012,Kaduna,Ikara,,,11.1788,8.2268,Maize,Pam16,,Control,0,0,0,0,0,Large Scale Testing 2012
71,,,2012,Kaduna,Ikara,,,11.1788,8.2268,Maize,Pam18,,Control,0,0,0,0,0,Large Scale Testing 2012
72,,,2012,Kaduna,Ikara,,,11.1788,8.2268,Maize,Pam20,,Control,0,0,0,0,0,Large Scale Testing 2012
73,,,2012,Kaduna,Ikara,,,11.1788,8.2268,Maize,Pam21,,Control,108.57,30.31,53.45,7.28,199.61,Large Scale Testing 2012
74,,,2012,Kaduna,Ikara,,,11.1788,8.2268,Maize,Pam24,,Control,0,0,0,0,0,Large Scale Testing 2012
75,,,2012,Kaduna,Ikara,,,11.1788,8.2268,Maize,Pam27,,Control,4,3.02,1.64,2.39,11.05,Large Scale Testing 2012
76,,,2012,Kaduna,Ikara,,,11.1788,8.2268,Maize,Pam29,,Control,2.08,3.38,1.77,0,7.24,Large Scale Testing 2012
77,,,2012,Kaduna,Ikara,,,11.1788,8.2268,Maize,Pam38,,Control,7.04,2.48,5.22,1.04,15.78,Large Scale Testing 2012
78,,,2012,Kaduna,Ikara,,,11.1788,8.2268,Maize,Pam47,,Control,0,9.11,0,0,9.11,Large Scale Testing 2012
79,,,2012,Kaduna,Ikara,,,11.1788,8.2268,Maize,Pam48,,Control,1.65,1.38,0,0,3.03,Large Scale Testing 2012
80,,,2012,Kaduna,Ikara,,,11.1788,8.2268,Maize,Pam49,,Control,1.07,1.11,2.85,1.89,6.92,Large Scale Testing 2012
81,,,2012,Kaduna,Ikara,,,11.1788,8.2268,Maize,Pam50,,Control,5.51,7.89,0,0,13.39,Large Scale Testing 2012
82,,,2012,Kaduna,Ikara,,,11.1788,8.2268,Maize,Pam52,,Control,0,0,0,0,0,Large Scale Testing 2012
83,,,2012,Kaduna,Ikara,,,11.1788,8.2268,Maize,Pam53,,Control,0.64,4.73,0,0.85,6.22,Large Scale Testing 2012
84,,,2012,Kaduna,Ikara,,,11.1788,8.2268,Maize,Pam54,,Control,0.58,3.82,4.23,0.75,9.38,Large Scale Testing 2012
85,,,2012,Kaduna,Ikara,,,11.1788,8.2268,Maize,Pam57,,Control,10.53,3.23,2.27,1.57,17.6,Large Scale Testing 2012
86,,,2012,Kaduna,Ikara,,,11.1788,8.2268,Maize,Pam55,,Control,5.77,0,0,0,5.77,Large Scale Testing 2012
87,,,2012,Kaduna,Ikara,,,11.1788,8.2268,Maize,Pam61,,Control,7.62,5.23,0,0,12.85,Large Scale Testing 2012
88,,,2012,Kaduna,Ikara,,,11.1788,8.2268,Maize,Pam62,,Control,0,0,0,0,0,Large Scale Testing 2012
89,,,2012,Kaduna,Pampaida,,,11.2667,8.1,Maize,Pam63,,Control,0,0,0,0,0,Large Scale Testing 2012
90,,,2012,Kaduna,Pampaida,,,11.2667,8.1,Maize,Pam70,,Control,2.9,3.9,30.79,1.23,38.82,Large Scale Testing 2012
91,,,2012,Kaduna,Pampaida,,,11.2667,8.1,Maize,Pam71,,Control,1.14,2.59,0,0,3.74,Large Scale Testing 2012
92,,,2012,Kaduna,Pampaida,,,11.2667,8.1,Maize,Pam72,,Control,1.14,14.59,0,0,15.74,Large Scale Testing 2012
93,,,2012,Kaduna,Pampaida,,,11.2667,8.1,Maize,Pam73,,Control,0,0,0,0,0,Large Scale Testing 2012
94,,,2012,Kaduna,Ikara,,,11.1788,8.2268,Maize,809,,Control,2.98,2.39,3.97,2.3,11.63,Large Scale Testing 2012
95,,,2012,Kaduna,AGALAWA,,,11.72,7.7167,Maize,KD804,,Control,124.66,16.71,0,0,141.37,Large Scale Testing 2012
96,,,2012,Kaduna,AGALAWA,,,11.5833,7.7167,Maize,KD803,,Control,4.03,3.56,2.37,0.89,10.85,Large Scale Testing 2012
97,,,2012,Kaduna,AGALAWA,,,11.5833,7.7167,Maize,KD801,,Control,0,0,0,0,0,Large Scale Testing 2012
98,,,2012,Kaduna,KIDANDAN,,,11.0549,7.1965,Maize,KD001,,Control,2.13,4.53,1.63,0.48,8.76,Large Scale Testing 2012
99,,,2012,Kaduna,KIDANDAN,,,11.0549,7.1965,Maize,KD004,,Control,0.67,3.47,1.62,0.51,6.26,Large Scale Testing 2012
100,,,2012,Kaduna,KIDANDAN,,,11.0549,7.1965,Maize,KD026,,Control,8.19,5.78,2.58,0,16.55,Large Scale Testing 2012
101,,,2012,Kaduna,Kubau Anchau,,,11,8.24,Maize,KD800,,Control,1.89,2.87,0,0,4.76,Large Scale Testing 2012
102,,,2012,Kaduna,Kubau Anchau,,,11,8.24,Maize,KD805,,Control,3.61,4.94,6.43,0.91,15.89,Large Scale Testing 2012
103,,,2012,Kaduna,Soba,,,10.9841,8.0602,Maize,KD806,,Control,4.49,6.42,4.33,0.64,15.88,Large Scale Testing 2012
104,,,2012,Kaduna,Giwa,,,11.2802,7.4179,Maize,KD800,,Control,2.99,2.02,0,0,5.01,Large Scale Testing 2012
105,,,2012,Kaduna,Giwa,,,11.2802,7.4179,Maize,KD003,,Control,3.82,1.19,1.74,0,6.75,Large Scale Testing 2012
106,,,2012,Kaduna,Kidandan,,,11.0549,7.1965,Maize,KD005,,Control,52.7,11.29,2.57,0,66.56,Large Scale Testing 2012
107,,,2012,Kaduna,Kidandan,,,11.0549,7.1965,Maize,KD020,,Control,2.44,3.84,0,0,6.29,Large Scale Testing 2012
108,,,2012,Kaduna,Kidandan,,,11.0549,7.1965,Maize,KD020,,Control,4.26,3.65,5.58,0.49,13.98,Large Scale Testing 2012
109,,,2012,Kaduna,Kidandan,,,11.0549,7.1965,Maize,KD023,,Control,0,0,0,0,0,Large Scale Testing 2012
110,,,2012,Kaduna,Kidandan,,,11.0549,7.1965,Maize,KD015,,Control,7.08,9.68,2.22,0.6,19.58,Large Scale Testing 2012
111,,,2012,Kaduna,Kidandan,,,11.0549,7.1965,Maize,KD009,,Control,3.77,3.45,0,0,7.23,Large Scale Testing 2012
112,,,2012,Kaduna,Kidandan,,,11.0549,7.1965,Maize,KD010,,Control,64.13,12.81,0,0,76.94,Large Scale Testing 2012
113,,,2012,Kaduna,Kidandan,,,11.0549,7.1965,Maize,KD002,,Control,3.32,1.55,0,0,4.87,Large Scale Testing 2012
114,,,2012,Kaduna,Kidandan,,,11.0549,7.1965,Maize,KD011,,Control,0.83,1.36,0,0,2.19,Large Scale Testing 2012
115,,,2012,Kaduna,Kidandan,,,11.0549,7.1965,Maize,KD014,,Control,0.71,2.62,0,0,3.32,Large Scale Testing 2012
116,,,2012,Kaduna,Kidandan,,,11.0549,7.1965,Maize,KD007,,Control,18.8,3.9,1.37,1.09,25.17,Large Scale Testing 2012
117,,,2012,Kaduna,Kidandan,,,11.0549,7.1965,Maize,KD006,,Control,3.53,1.85,0,0,5.37,Large Scale Testing 2012
118,,,2012,Kaduna,Kidandan,,,11.0549,7.1965,Maize,KD021,,Control,5.64,3.58,0,0,9.21,Large Scale Testing 2012
119,,,2012,Kaduna,Kidandan,,,11.0549,7.1965,Maize,KD029,,Control,1.28,3.31,0,0,4.59,Large Scale Testing 2012
404,16-Feb-12,,2012,Kaduna,Sabon Gari,,,11.1766,7.6765,Maize,KD807M,,,3.07,7.71,12.8,0.67,24.25,NAFDAC Market Survey Sample 2012
405,16-Feb-12,,2012,Kaduna,Kachia,,,9.8734,7.9552,Maize,KD808M,,,0,0,0,0,0,NAFDAC Market Survey Sample 2012
406,16-Feb-12,,2012,Kaduna,Kachia,,,9.8734,7.9552,Maize,KD809M,,,6.04,4.94,2.23,0.88,14.09,NAFDAC Market Survey Sample 2012
407,16-Feb-12,,2012,Kaduna,Kudan,,,11.2643,7.7634,Maize,KD810M,,,0,0,0,0,0,NAFDAC Market Survey Sample 2012
408,16-Feb-12,,2012,Kaduna,Zangon Kataf,,,9.8906,8.2213,Maize,KD811M,,,2.19,1.47,0,0,3.66,NAFDAC Market Survey Sample 2012
409,16-Feb-12,,2012,Kaduna,Kajuru,,,10.3243,7.6833,Maize,KD812M,,,3.41,1.47,0,0,4.88,NAFDAC Market Survey Sample 2012
410,16-Feb-12,,2012,Kaduna,Igabi,,,10.5036,7.4337,Maize,KD813M,,,0.93,1.57,0,0,2.5,NAFDAC Market Survey Sample 2012
411,16-Feb-12,,2012,Kaduna,Igabi,,,10.5036,7.4337,Maize,KD814M,,,15.55,2.26,14.28,3.21,35.3,NAFDAC Market Survey Sample 2012
412,16-Feb-12,,2012,Kaduna,Zaria,,,11.1047,7.7207,Maize,KD815M,,,1.55,1.6,1.9,1.15,6.2,NAFDAC Market Survey Sample 2012
413,16-Feb-12,,2012,Kaduna,Jaba,,,9.4754,8.0247,Maize,KD816M,,,2.72,0,6.31,0,9.03,NAFDAC Market Survey Sample 2012
414,16-Feb-12,,2012,Kaduna,Kaduna South,,,10.4631,7.4138,Maize,KD817M,,,2.25,0.63,2.28,0.59,5.75,NAFDAC Market Survey Sample 2012
415,16-Feb-12,,2012,Kaduna,Jema'a,,,9.3607,8.2213,Maize,KD818M,,,0,0,0,0,0,NAFDAC Market Survey Sample 2012
416,16-Feb-12,,2012,Kaduna,Zaria,,,11.1047,7.7207,Maize,KD819M,,,4.6,1.57,7.16,2.51,15.84,NAFDAC Market Survey Sample 2012
417,16-Feb-12,,2012,Kaduna,Kaduna North,,,10.5036,7.4337,Maize,KD820M,,,4.03,1.64,2.15,0,7.82,NAFDAC Market Survey Sample 2012
418,16-Feb-12,,2012,Kaduna,Jaba,,,9.4754,8.0247,Maize,KD821M,,,12.68,1.38,2.65,0.96,17.67,NAFDAC Market Survey Sample 2012
419,16-Feb-12,,2012,Kaduna,Kaduna South,,,10.4631,7.4138,Maize,KD822M,,,4.97,2.13,17.33,1.1,25.53,NAFDAC Market Survey Sample 2012
420,16-Feb-12,,2012,Kaduna,Zangon Kataf,,,9.8906,8.2213,Maize,KD823M,,,0,0,0,0,0,NAFDAC Market Survey Sample 2012
421,16-Feb-12,,2012,Kaduna,Sabon Gari,,,11.1766,7.6765,Maize,KD824M,,,1.76,0.63,0,0,2.39,NAFDAC Market Survey Sample 2012
422,16-Feb-12,,2012,Kaduna,Jema'a,,,9.3607,8.2213,Maize,KD825M,,,8.12,4.83,2.77,0.79,16.51,NAFDAC Market Survey Sample 2012
423,16-Feb-12,,2012,Kaduna,Kudan,,,11.2643,7.7634,Maize,KD826M,,,8.07,1.12,0,0,9.19,NAFDAC Market Survey Sample 2012
424,16-Feb-12,,2012,Kaduna,Zangon Kataf,,,9.8906,8.2213,Maize,KD827M,,,1.27,5.43,14.07,0,20.77,NAFDAC Market Survey Sample 2012
425,16-Feb-12,,2012,Kaduna,Kaura,,,9.6322,8.5035,Maize,KD828M,,,3.53,1.67,0,0,5.2,NAFDAC Market Survey Sample 2012
426,16-Feb-12,,2012,Kaduna,Kaura,,,9.6322,8.5035,Maize,KD829M,,,2.04,5.49,4.49,1.02,13.04,NAFDAC Market Survey Sample 2012
427,16-Feb-12,,2012,Kaduna,Jaba,,,9.4754,8.0247,Maize,KD830M,,,3.93,1.26,0,0,5.19,NAFDAC Market Survey Sample 2012
428,16-Feb-12,,2012,Kaduna,Makarfi,,,11.3766,7.8803,Maize,KD831M,,,12.03,4.31,2.29,6.84,25.47,NAFDAC Market Survey Sample 2012
429,16-Feb-12,,2012,Kaduna,Chikun,,,10.2697,7.1101,Maize,KD832M,,,10.31,7.31,2.23,0.74,20.59,NAFDAC Market Survey Sample 2012
430,16-Feb-12,,2012,Kaduna,Makarfi,,,11.3766,7.8803,Maize,KD833M,,,4.07,2.59,4.93,2.76,14.35,NAFDAC Market Survey Sample 2012
431,16-Feb-12,,2012,Kaduna,Zaria,,,11.1047,7.7207,Maize,KD834M,,,10.71,2.68,2.54,0.93,16.86,NAFDAC Market Survey Sample 2012
432,16-Feb-12,,2012,Kaduna,Kachia,,,9.8734,7.9552,Maize,KD835M,,,2.31,0,1.23,0,3.54,NAFDAC Market Survey Sample 2012
433,16-Feb-12,,2012,Kaduna,Kaduna South,,,10.4631,7.4138,Maize,KD836M,,,0,0,0,0,0,NAFDAC Market Survey Sample 2012
434,16-Feb-12,,2012,Kaduna,Sabon Gari,,,11.1766,7.6765,Maize,KD837M,,,33.86,1.84,48.52,1.39,85.61,NAFDAC Market Survey Sample 2012
435,16-Feb-12,,2012,Kaduna,Kajuru,,,10.3243,7.6833,Maize,KD838M,,,0,0,0,0,0,NAFDAC Market Survey Sample 2012
436,16-Feb-12,,2012,Kaduna,Kudan,,,11.2643,7.7634,Maize,KD839M,,,0.63,1.6,0,0,2.23,NAFDAC Market Survey Sample 2012
437,16-Feb-12,,2012,Kaduna,Sabon Gari,,,11.1766,7.6765,Maize,KD840M,,,7.21,1.15,0,0,8.36,NAFDAC Market Survey Sample 2012
438,16-Feb-12,,2012,Kaduna,Makarfi,,,11.3766,7.8803,Maize,KD841M,,,2.35,1.48,2.09,0,5.92,NAFDAC Market Survey Sample 2012
439,16-Feb-12,,2012,Kaduna,Igabi,,,10.8,7.72,Maize,KD842M,,,0,0,0,0,0,NAFDAC Market Survey Sample 2012
440,16-Feb-12,,2012,Kaduna,Chikun,,,10.2697,7.1101,Maize,KD843M,,,1.95,8.37,0,0,10.32,NAFDAC Market Survey Sample 2012
441,16-Feb-12,,2012,Kaduna,Sabon Gari,,,11.1766,7.6765,Maize,KD844M,,,0.79,2.37,0,0,3.16,NAFDAC Market Survey Sample 2012
442,16-Feb-12,,2012,Kaduna,Kaura,,,9.6322,8.5035,Maize,KD845M,,,8.22,1.46,5.91,3.58,19.17,NAFDAC Market Survey Sample 2012
443,16-Feb-12,,2012,Kaduna,Kajuru,,,10.3243,7.6833,Maize,KD846M,,,4.91,2.45,2.89,1.37,11.62,NAFDAC Market Survey Sample 2012
444,16-Feb-12,,2012,Kaduna,Jema'a,,,9.3607,8.2213,Maize,KD847M,,,5.06,8.64,0,0,13.7,NAFDAC Market Survey Sample 2012
445,16-Feb-12,,2012,Kaduna,Chikun,,,10.2697,7.1101,Maize,KD848M,,,0,0,0,0,0,NAFDAC Market Survey Sample 2012
446,16-Feb-12,,2012,Kaduna,Sabon Gari,,,11.1766,7.6765,Maize,KD849M,,,4.42,6.38,0,0,10.8,NAFDAC Market Survey Sample 2012
447,16-Feb-12,,2012,Kaduna,Kaduna North,,,10.5432,7.449,Maize,KD850M,,,8.37,1.94,4.63,0,14.94,NAFDAC Market Survey Sample 2012
448,16-Feb-12,,2012,Kaduna,Kaduna North,,,10.5432,7.449,Maize,KD851M,,,0,0,0,0,0,NAFDAC Market Survey Sample 2012
1,,,2012,Kano,Rimin Gado,,,11.9673,8.2472,Maize,KN489,,Control,1.31,1.92,0,0,3.23,Large Scale Testing 2012
2,,,2012,Kano,Tudun Wada,,,11.2497,8.4047,Maize,KN705,,Control,1.43,2.86,18.71,0.72,23.73,Large Scale Testing 2012
3,,,2012,Kano,Tudun Wada,,,11.2497,8.4047,Maize,KN708,,Control,0.91,1.06,1.51,2.54,6.02,Large Scale Testing 2012
4,,,2012,Kano,Tudun Wada,,,11.2497,8.4047,Maize,KN706,,Control,10.52,9.2,0,0,19.72,Large Scale Testing 2012
5,,,2012,Kano,Tudun Wada,,,11.2497,8.4047,Maize,KN709,,Control,1.63,4.16,0,0,5.79,Large Scale Testing 2012
6,,,2012,Kano,Tudun Wada,,,11.2497,8.4047,Maize,KN715,,Control,3.17,7.54,0,0,10.71,Large Scale Testing 2012
7,,,2012,Kano,Tudun Wada,,,11.2497,8.4047,Maize,KN717,,Control,2.33,2.41,0,0,4.74,Large Scale Testing 2012
8,,,2012,Kano,Tudun Wada,,,11.2497,8.4047,Maize,KN718,,Control,0,0,0,0,0,Large Scale Testing 2012
9,,,2012,Kano,Tudun Wada,,,11.2497,8.4047,Maize,KN704,,Control,7.31,1.4,4.71,2.14,15.56,Large Scale Testing 2012
10,,,2012,Kano,Tudun Wada,,,11.2497,8.4047,Maize,KN702,,Control,1.94,4.46,0,0,6.4,Large Scale Testing 2012
11,,,2012,Kano,Tudun Wada,,,11.2497,8.4047,Maize,KN703,,Control,1.42,4.77,2.25,0,8.44,Large Scale Testing 2012
12,,,2012,Kano,Tudun Wada,,,11.2497,8.4047,Maize,KNN712,,Control,5.13,3.11,0,0,8.25,Large Scale Testing 2012
13,,,2012,Kano,Tudun Wada,,,11.2497,8.4047,Maize,KN713,,Control,2.89,0,0,0,2.89,Large Scale Testing 2012
14,,,2012,Kano,Tudun Wada,,,11.2497,8.4047,Maize,KN712,,Control,0,0,0,0,0,Large Scale Testing 2012
15,,,2012,Kano,Tudun Wada,,,11.2497,8.4047,Maize,KN714,,Control,1.59,1.04,6.88,0,9.52,Large Scale Testing 2012
16,,,2012,Kano,Tudun Wada,,,11.2497,8.4047,Maize,KN700,,Control,1.38,1.99,0,0,3.37,Large Scale Testing 2012
17,,,2012,Kano,Tudun Wada,,,11.2497,8.4047,Maize,KN701,,Control,0.78,3.4,1.8,0,5.97,Large Scale Testing 2012
18,,,2012,Kano,Tudun Wada,,,11.2497,8.4047,Maize,KN707,,Control,0,0,0,0,0,Large Scale Testing 2012
19,,,2012,Kano,Gwarzo,,,11.9171,7.9348,Maize,KN02,,Control,0,2.42,0,3.08,5.5,Large Scale Testing 2012
20,,,2012,Kano,Gwarzo,,,11.9171,7.9348,Maize,KN03,,Control,2.21,12.46,4.5,0.69,19.86,Large Scale Testing 2012
21,,,2012,Kano,Gwarzo,,,11.9171,7.9348,Maize,KN05,,Control,5.16,2.71,0,0,7.87,Large Scale Testing 2012
22,,,2012,Kano,Gwarzo,,,11.9171,7.9348,Maize,KN07,,Control,0.99,7.79,3.5,1.08,13.35,Large Scale Testing 2012
23,,,2012,Kano,Gwarzo,,,11.9171,7.9348,Maize,KN10,,Control,0,1.2,0,0,1.2,Large Scale Testing 2012
24,,,2012,Kano,Gwarzo,,,11.9171,7.9348,Maize,KN11,,Control,4.11,3.21,2.55,1.16,11.04,Large Scale Testing 2012
25,,,2012,Kano,Gwarzo,,,11.9171,7.9348,Maize,KN13,,Control,7.34,8.52,3.26,0,19.12,Large Scale Testing 2012
26,,,2012,Kano,Gwarzo,,,11.9171,7.9348,Maize,KN15,,Control,1.87,5.19,2.56,0,9.62,Large Scale Testing 2012
27,,,2012,Kano,Gwarzo,,,11.9171,7.9348,Maize,KN17,,Control,0,0,0,0,0,Large Scale Testing 2012
28,,,2012,Kano,Gwarzo,,,11.9171,7.9348,Maize,KN20,,Control,10.57,2.41,9.16,4.64,26.78,Large Scale Testing 2012
29,,,2012,Kano,Gwarzo,,,11.9171,7.9348,Maize,KN21,,Control,0,0,0,0,0,Large Scale Testing 2012
30,,,2012,Kano,Gwarzo,,,11.9171,7.9348,Maize,KN25,,Control,1.18,1.3,0,0,2.48,Large Scale Testing 2012
31,,,2012,Kano,Gwarzo,,,11.9171,7.9348,Maize,KN70,,Control,2.7,2.87,0,1.68,7.24,Large Scale Testing 2012
32,,,2012,Kano,Gwarzo,,,11.9171,7.9348,Maize,KN71,,Control,0,2.28,0,0,2.28,Large Scale Testing 2012
33,,,2012,Kano,Gwarzo,,,11.9171,7.9348,Maize,KN72,,Control,4.4,7.59,0,0,11.99,Large Scale Testing 2012
34,,,2012,Kano,Gwarzo,,,11.9171,7.9348,Maize,KN73,,Control,1.82,0,0,0,1.82,Large Scale Testing 2012
35,,,2012,Kano,Gwarzo,,,11.9171,7.9348,Maize,KN74,,Control,1.34,1.64,9.71,0.37,13.06,Large Scale Testing 2012
36,,,2012,Kano,Gwarzo,,,11.9171,7.9348,Maize,KN75,,Control,3.72,0,0,0,3.72,Large Scale Testing 2012
37,,,2012,Kano,Gwarzo,,,11.9171,7.9348,Maize,KN76,,Control,0,0,0,0,0,Large Scale Testing 2012
38,,,2012,Kano,Gwarzo,,,11.9171,7.9348,Maize,KN77,,Control,6.84,4.03,0,1.68,12.55,Large Scale Testing 2012
39,,,2012,Kano,Gwarzo,,,11.9171,7.9348,Maize,KN78,,Control,0,3.38,1.18,0.91,5.47,Large Scale Testing 2012
40,,,2012,Kano,Gwarzo,,,11.9171,7.9348,Maize,KN79,,Control,9.25,1.92,2.61,1.12,14.9,Large Scale Testing 2012
41,,,2012,Kano,Gwarzo,,,11.9171,7.9348,Maize,KN80,,Control,3.3,4.77,0,0,8.08,Large Scale Testing 2012
42,,,2012,Kano,Gwarzo,,,11.9171,7.9348,Maize,KN81,,Control,0.7,4.26,2.34,1.13,8.43,Large Scale Testing 2012
43,,,2012,Kano,Gwarzo,,,11.9171,7.9348,Maize,KN82,,Control,2.94,5.5,3.37,1.26,13.07,Large Scale Testing 2012
44,,,2012,Kano,Gwarzo,,,11.9171,7.9348,Maize,KN83,,Control,1.8,2.84,11.2,0,15.84,Large Scale Testing 2012
45,,,2012,Kano,Gwarzo,,,11.9171,7.9348,Maize,KN85,,Control,1.89,4.88,10.64,0,17.4,Large Scale Testing 2012
46,,,2012,Kano,Gwarzo,,,11.9171,7.9348,Maize,KN86,,Control,8.69,2.22,5.59,0.85,17.36,Large Scale Testing 2012
47,,,2012,Kano,Doguwa,,,10.8125,8.7041,Maize,KN609,,Control,0.98,2.3,0,0,3.28,Large Scale Testing 2012
48,,,2012,Kano,Doguwa,,,10.8125,8.7041,Maize,KN152,,Control,10.35,4.47,3.27,3.32,21.42,Large Scale Testing 2012
49,,,2012,Kano,Doguwa,,,10.8125,8.7041,Maize,KN482,,Control,4.41,1.88,0,0,6.29,Large Scale Testing 2012
50,,,2012,Kano,Doguwa,,,10.8125,8.7041,Maize,KN612,,Control,0.87,2.35,0,0,3.22,Large Scale Testing 2012
51,,,2012,Kano,Doguwa,,,10.8125,8.7041,Maize,KN601,,Control,11.77,10.83,0,1,23.61,Large Scale Testing 2012
52,,,2012,Kano,Doguwa,,,10.8125,8.7041,Maize,KN601,,Control,0,0,0,0,0,Large Scale Testing 2012
53,,,2012,Kano,Doguwa,,,10.8125,8.7041,Maize,KN611,,Control,1.66,3.46,0,0,5.12,Large Scale Testing 2012
54,,,2012,Kano,Doguwa,,,10.8125,8.7041,Maize,KN600,,Control,0,0,0,0,0,Large Scale Testing 2012
55,,,2012,Kano,Doguwa,,,10.8125,8.7041,Maize,KN602,,Control,6.2,4.6,6.65,0.67,18.11,Large Scale Testing 2012
56,,,2012,Kano,Doguwa,,,10.8125,8.7041,Maize,KN603,,Control,2.08,4.23,3.69,0.72,10.72,Large Scale Testing 2012
57,,,2012,Kano,Danbatta,,,12.4382,8.6161,Maize,KN653,,Control,1.97,3.62,1.11,1.66,8.36,Large Scale Testing 2012
58,,,2012,Kano,Danbatta,,,12.4382,8.6161,Maize,KN654,,Control,2.84,2.08,0,0,4.92,Large Scale Testing 2012
59,,,2012,Kano,Danbatta,,,12.4382,8.6161,Maize,KN655,,Control,19.24,1.52,3.45,0,24.21,Large Scale Testing 2012
60,,,2012,Kano,Danbatta,,,12.4382,8.6161,Maize,KN656,,Control,9.52,1.34,1.72,1.27,13.85,Large Scale Testing 2012
524,21-Feb-12,,2012,Kano,Kano Municipal,,,11.96,8.5007,Maize,KN1047M,,,3.7,1.58,8.41,6.64,20.33,NAFDAC Market Survey Sample 2012
525,21-Feb-12,,2012,Kano,Kano Municipal,,,11.96,8.5007,Maize,KN1048M,,,12.06,3.87,0,0,15.93,NAFDAC Market Survey Sample 2012
526,21-Feb-12,,2012,Kano,Kano Municipal,,,11.96,8.5007,Maize,KN1049M,,,1.96,2.19,1.38,0,5.53,NAFDAC Market Survey Sample 2012
527,21-Feb-12,,2012,Kano,Dawakin Tofa,,,12.115,8.3256,Maize,KN1050M,,,3.39,1.46,7.6,10.03,22.48,NAFDAC Market Survey Sample 2012
528,21-Feb-12,,2012,Kano,Dawakin Tofa,,,12.115,8.3256,Maize,KN1051M,,,0,0,0,0,0,NAFDAC Market Survey Sample 2012
529,21-Feb-12,,2012,Kano,Dawakin Tofa,,,12.115,8.3256,Maize,KN1052M,,,0,0,0,0,0,NAFDAC Market Survey Sample 2012
530,21-Feb-12,,2012,Kano,Fagge,,,12.0315,8.5213,Maize,KN1053M,,,0,0,0,0,0,NAFDAC Market Survey Sample 2012
531,21-Feb-12,,2012,Kano,Fagge,,,12.0315,8.5213,Maize,KN1054M,,,0,0,0,0,0,NAFDAC Market Survey Sample 2012
532,21-Feb-12,,2012,Kano,Fagge,,,12.0315,8.5213,Maize,KN1055M,,,0,0,0,0,0,NAFDAC Market Survey Sample 2012
533,21-Feb-12,,2012,Kano,Nasarawa,,,11.9971,8.5831,Maize,KN1056M,,,7.42,1.63,0,0,9.05,NAFDAC Market Survey Sample 2012
534,21-Feb-12,,2012,Kano,Nasarawa,,,11.9971,8.5831,Maize,KN1057M,,,3.09,1.8,0,0,4.89,NAFDAC Market Survey Sample 2012
535,21-Feb-12,,2012,Kano,Nasarawa,,,11.9971,8.5831,Maize,KN1058M,,,0,0,0,0,0,NAFDAC Market Survey Sample 2012
536,21-Feb-12,,2012,Kano,Tarauni,,,11.9768,8.5542,Maize,KN1059M,,,0,0,0,0,0,NAFDAC Market Survey Sample 2012
537,21-Feb-12,,2012,Kano,Tarauni,,,11.9768,8.5542,Maize,KN1060M,,,6.84,0,15.11,1.05,23,NAFDAC Market Survey Sample 2012
538,21-Feb-12,,2012,Kano,Tarauni,,,11.9768,8.5542,Maize,KN1061M,,,3.15,2.64,1.11,0,6.9,NAFDAC Market Survey Sample 2012
360,15-Feb-12,,2012,Katsina,Sandamu,,,12.9617,8.3609,Maize,KT718M,,,0,0,0,0,0,NAFDAC Market Survey Sample 2012
361,15-Feb-12,,2012,Katsina,Sabuwa,,,12.9617,8.3609,Maize,KT719M,,,10.51,4.68,0,0,15.19,NAFDAC Market Survey Sample 2012
362,15-Feb-12,,2012,Katsina,Mashi,,,13.0959,8.0029,Maize,KT720M,,,25.67,10.56,0,0,36.23,NAFDAC Market Survey Sample 2012
363,15-Feb-12,,2012,Katsina,Batsari,,,12.7578,7.2491,Maize,KT721M,,,0,0,0,0,0,NAFDAC Market Survey Sample 2012
364,15-Feb-12,,2012,Katsina,Katsina,,,12.9816,7.6223,Maize,KT722M,,,7.11,3.52,14.53,9.23,34.39,NAFDAC Market Survey Sample 2012
365,15-Feb-12,,2012,Katsina,Jibia,,,13.1027,7.2147,Maize,KT723M,,,0,0,0,0,0,NAFDAC Market Survey Sample 2012
366,15-Feb-12,,2012,Katsina,Mai'adua,,,13.1468,8.2261,Maize,KT724M,,,0,0,0,0,0,NAFDAC Market Survey Sample 2012
367,15-Feb-12,,2012,Katsina,Daura,,,13.0315,8.3225,Maize,KT725M,,,23.97,5.66,19.1,16.1,64.83,NAFDAC Market Survey Sample 2012
368,15-Feb-12,,2012,Katsina,Mashi,,,13.0959,8.0029,Maize,KT726M,,,6.67,8.99,0,0,15.66,NAFDAC Market Survey Sample 2012
369,15-Feb-12,,2012,Katsina,Sandamu,,,12.9617,8.3609,Maize,KT727M,,,0,0,0,0,0,NAFDAC Market Survey Sample 2012
370,15-Feb-12,,2012,Katsina,Sandamu,,,12.9617,8.3609,Maize,KT728M,,,0,0,0,0,0,NAFDAC Market Survey Sample 2012
371,15-Feb-12,,2012,Katsina,Baure,,,12.8375,8.7457,Maize,KT729M,,,3.2,6.88,0,0,10.08,NAFDAC Market Survey Sample 2012
372,15-Feb-12,,2012,Katsina,Jibia,,,13.1027,7.2147,Maize,KT730M,,,6.81,6.48,0,0,13.29,NAFDAC Market Survey Sample 2012
373,15-Feb-12,,2012,Katsina,Malumfashi,,,11.7929,7.6168,Maize,KT731M,,,0,0,0,0,0,NAFDAC Market Survey Sample 2012
374,15-Feb-12,,2012,Katsina,Bakori,,,11.5577,7.4246,Maize,KT732M,,,0,0,0,0,0,NAFDAC Market Survey Sample 2012
375,15-Feb-12,,2012,Katsina,Batsari,,,12.7578,7.2491,Maize,KT733M,,,13.84,8.86,0,0,22.7,NAFDAC Market Survey Sample 2012
376,15-Feb-12,,2012,Katsina,Katsina,,,12.9816,7.6223,Maize,KT734M,,,184.3,1.8,16.87,11.45,214.42,NAFDAC Market Survey Sample 2012
377,15-Feb-12,,2012,Katsina,Mashi,,,13.0959,8.0029,Maize,KT735M,,,3.5,4.99,0,0,8.49,NAFDAC Market Survey Sample 2012
378,15-Feb-12,,2012,Katsina,Baure,,,12.8375,8.7457,Maize,KT736M,,,0,0,0,0,0,NAFDAC Market Survey Sample 2012
379,15-Feb-12,,2012,Katsina,Daura,,,13.0315,8.3225,Maize,KT737M,,,8.27,1.69,9.81,0,19.77,NAFDAC Market Survey Sample 2012
380,15-Feb-12,,2012,Katsina,Rimi,,,12.8505,7.7064,Maize,KT738M,,,13.42,3.16,0,0,16.58,NAFDAC Market Survey Sample 2012
381,15-Feb-12,,2012,Katsina,Bakori,,,11.5577,7.4246,Maize,KT739M,,,0,0,0,0,0,NAFDAC Market Survey Sample 2012
382,15-Feb-12,,2012,Katsina,Rimi,,,12.8505,7.7064,Maize,KT740M,,,12.33,1.35,36.89,0,50.57,NAFDAC Market Survey Sample 2012
383,15-Feb-12,,2012,Katsina,Sabuwa,,,11.3267,7.0714,Maize,KT741M,,,6.62,0,0,0,6.62,NAFDAC Market Survey Sample 2012
384,15-Feb-12,,2012,Katsina,Mai'adua,,,13.1468,8.2261,Maize,KT742M,,,5.21,0,11.31,0,16.52,NAFDAC Market Survey Sample 2012
385,15-Feb-12,,2012,Katsina,Dandume,,,11.3907,7.2221,Maize,KT743M,,,0,0,0,0,0,NAFDAC Market Survey Sample 2012
386,15-Feb-12,,2012,Katsina,Batagarawa,,,12.9049,7.6033,Maize,KT744M,,,9,4.4,0,0,13.4,NAFDAC Market Survey Sample 2012
387,15-Feb-12,,2012,Katsina,Rimi,,,12.8505,7.7064,Maize,KT745M,,,104.71,8.63,55.73,0,169.07,NAFDAC Market Survey Sample 2012
388,15-Feb-12,,2012,Katsina,Batagarawa,,,12.9049,7.6033,Maize,KT746M,,,16.76,0,0,0,16.76,NAFDAC Market Survey Sample 2012
389,15-Feb-12,,2012,Katsina,Katsina,,,12.9816,7.6223,Maize,KT747M,,,0,0,0,0,0,NAFDAC Market Survey Sample 2012
390,15-Feb-12,,2012,Katsina,Daura,,,13.0315,8.3225,Maize,KT748M,,,0,0,0,0,0,NAFDAC Market Survey Sample 2012
391,15-Feb-12,,2012,Katsina,Batsari,,,12.7578,7.2491,Maize,KT749M,,,34.41,4.25,0,0,38.66,NAFDAC Market Survey Sample 2012
392,15-Feb-12,,2012,Katsina,Batagarawa,,,12.9049,7.6033,Maize,KT750M,,,5.77,0,13.58,28.66,48.01,NAFDAC Market Survey Sample 2012
393,15-Feb-12,,2012,Katsina,Malumfashi,,,11.7929,7.6168,Maize,KT751M,,,0,0,0,0,0,NAFDAC Market Survey Sample 2012
394,15-Feb-12,,2012,Katsina,Jibia,,,13.1027,7.2147,Maize,KT752M,,,9.62,10.29,0,0,19.91,NAFDAC Market Survey Sample 2012
395,15-Feb-12,,2012,Katsina,Funtua,,,11.5185,7.3129,Maize,KT753M,,,24.14,5.13,11.5,5.27,46.04,NAFDAC Market Survey Sample 2012
396,15-Feb-12,,2012,Katsina,Funtua,,,11.5185,7.3129,Maize,KT754M,,,0,0,0,0,0,NAFDAC Market Survey Sample 2012
397,15-Feb-12,,2012,Katsina,Mai'adua,,,13.1468,8.2261,Maize,KT755M,,,2.33,0,6.41,0,8.74,NAFDAC Market Survey Sample 2012
398,15-Feb-12,,2012,Katsina,Dandume,,,11.3907,7.2221,Maize,KT756M,,,7.48,7.03,10.97,10.66,36.14,NAFDAC Market Survey Sample 2012
399,15-Feb-12,,2012,Katsina,Bakori,,,11.5577,7.4246,Maize,KT757M,,,5.05,0,11.7,6.51,23.26,NAFDAC Market Survey Sample 2012
400,15-Feb-12,,2012,Katsina,Malumfashi,,,11.7929,7.6168,Maize,KT758M,,,25.41,3.44,32.31,51.66,112.82,NAFDAC Market Survey Sample 2012
401,15-Feb-12,,2012,Katsina,Baure,,,12.8375,8.7457,Maize,KT759M,,,6.11,5.73,15.7,0,27.54,NAFDAC Market Survey Sample 2012
402,15-Feb-12,,2012,Katsina,Sabuwa,,,11.3267,7.0714,Maize,KT760M,,,4.66,3.92,4.81,0,13.39,NAFDAC Market Survey Sample 2012
403,15-Feb-12,,2012,Katsina,Dandume,,,11.3907,7.2221,Maize,KT761M,,,0,0,0,0,0,NAFDAC Market Survey Sample 2012
449,17-Feb-12,,2012,Kebbi,Wasagu/Danko,,,11.3799,5.6458,Maize,KB897M,,,6.1,2.15,8.81,9.86,26.92,NAFDAC Market Survey Sample 2012
450,17-Feb-12,,2012,Kebbi,Jega,,,12.2258,4.3822,Maize,KB898M,,,0,0,0,0,0,NAFDAC Market Survey Sample 2012
451,17-Feb-12,,2012,Kebbi,Sakaba,,,11.0655,5.5965,Maize,KB899M,,,23.44,3.93,8.71,0.66,36.74,NAFDAC Market Survey Sample 2012
452,17-Feb-12,,2012,Kebbi,Birni Kebbi,,,12.4318,4.1956,Maize,KB900M,,,41.89,8.13,32.23,1.9,84.15,NAFDAC Market Survey Sample 2012
453,17-Feb-12,,2012,Kebbi,Maiyama,,,11.8103,4.3565,Maize,KB901M,,,20.17,1.51,10.21,1.2,33.09,NAFDAC Market Survey Sample 2012
454,17-Feb-12,,2012,Kebbi,Birni Kebbi,,,12.4318,4.1956,Maize,KB902M,,,4.83,3.29,4.49,7.03,19.64,NAFDAC Market Survey Sample 2012
455,17-Feb-12,,2012,Kebbi,Birni Kebbi,,,12.4318,4.1956,Maize,KB903M,,,9.61,5.31,3.8,0.75,19.47,NAFDAC Market Survey Sample 2012
456,17-Feb-12,,2012,Kebbi,Jega,,,12.2258,4.3822,Maize,KB904M,,,11.13,16.92,0,0,28.05,NAFDAC Market Survey Sample 2012
457,17-Feb-12,,2012,Kebbi,Augie ,,,12.8932,4.5999,Maize,KB905M,,,8.22,2.88,2.45,0,13.55,NAFDAC Market Survey Sample 2012
458,17-Feb-12,,2012,Kebbi,Yauri,,,10.9925,4.5212,Maize,KB906M,,,11.03,12.61,3.47,1.27,28.38,NAFDAC Market Survey Sample 2012
459,17-Feb-12,,2012,Kebbi,Jega,,,12.2258,4.3822,Maize,KB907M,,,8.56,4,3.37,8.09,24.02,NAFDAC Market Survey Sample 2012
460,17-Feb-12,,2012,Kebbi,Arewa Dandi,,,12.6857,4.0815,Maize,KB908M,,,10.95,16.63,0,0,27.58,NAFDAC Market Survey Sample 2012
461,17-Feb-12,,2012,Kebbi,Arewa Dandi,,,12.6857,4.0815,Maize,KB909M,,,37.15,14.69,11.17,3.28,66.29,NAFDAC Market Survey Sample 2012
462,17-Feb-12,,2012,Kebbi,Aleiro,,,12.3562,4.4388,Maize,KB910M,,,7.12,8.48,4.46,2.07,22.13,NAFDAC Market Survey Sample 2012
463,17-Feb-12,,2012,Kebbi,Wasagu/Danko,,,11.3799,5.6458,Maize,KB911M,,,4.07,4.14,3.02,0,11.23,NAFDAC Market Survey Sample 2012
464,17-Feb-12,,2012,Kebbi,Suru,,,11.9253,4.1834,Maize,KB912M,,,7.52,4.89,4.06,2.58,19.05,NAFDAC Market Survey Sample 2012
465,17-Feb-12,,2012,Kebbi,Dandi,,,11.7295,3.7121,Maize,KB913M,,,4.91,2.3,2.21,1.63,11.05,NAFDAC Market Survey Sample 2012
466,17-Feb-12,,2012,Kebbi,Dandi,,,11.7295,3.7121,Maize,KB914M,,,4.98,6.46,4.91,1.36,17.71,NAFDAC Market Survey Sample 2012
467,17-Feb-12,,2012,Kebbi,Argungu,,,11.7295,3.7121,Maize,KB915M,,,2.92,4.22,3.4,0.94,11.48,NAFDAC Market Survey Sample 2012
468,17-Feb-12,,2012,Kebbi,Gwandu,,,12.4986,4.6425,Maize,KB916M,,,1.43,6.41,0,0,7.84,NAFDAC Market Survey Sample 2012
469,17-Feb-12,,2012,Kebbi,Zuru,,,11.4384,5.2319,Maize,KB917M,,,0.85,3.44,2.64,2.58,9.51,NAFDAC Market Survey Sample 2012
470,17-Feb-12,,2012,Kebbi,Zuru,,,11.4384,5.2319,Maize,KB918M,,,1.21,3.35,0,0,4.56,NAFDAC Market Survey Sample 2012
471,17-Feb-12,,2012,Kebbi,Argungu,,,11.7295,3.7121,Maize,KB919M,,,4.37,1.73,12.05,3.52,21.67,NAFDAC Market Survey Sample 2012
472,17-Feb-12,,2012,Kebbi,Aleiro,,,12.3562,4.4388,Maize,KB920M,,,4.55,2.02,0,0,6.57,NAFDAC Market Survey Sample 2012
473,17-Feb-12,,2012,Kebbi,Sakaba,,,11.0655,5.5965,Maize,KB921M,,,4.52,3.3,8.98,2.97,19.77,NAFDAC Market Survey Sample 2012
474,17-Feb-12,,2012,Kebbi,Aleiro,,,12.3562,4.4388,Maize,KB922M,,,6.94,9.13,4.17,1.28,21.52,NAFDAC Market Survey Sample 2012
475,17-Feb-12,,2012,Kebbi,Wasagu/Danko,,,11.3799,5.6458,Maize,KB923M,,,3.15,1.61,2.19,0.83,7.78,NAFDAC Market Survey Sample 2012
476,17-Feb-12,,2012,Kebbi,Zuru,,,11.4384,5.2319,Maize,KB924M,,,3.21,4.25,5.82,1.16,14.44,NAFDAC Market Survey Sample 2012
477,17-Feb-12,,2012,Kebbi,Argungu,,,11.7295,3.7121,Maize,KB925M,,,1.23,4.27,0,0,5.5,NAFDAC Market Survey Sample 2012
478,17-Feb-12,,2012,Kebbi,Yauri,,,10.9925,4.5212,Maize,KB926M,,,4.89,15.26,2.79,0,22.94,NAFDAC Market Survey Sample 2012
479,17-Feb-12,,2012,Kebbi,Arewa Dandi,,,12.6857,4.0815,Maize,KB927M,,,7.32,3.22,7.22,2.24,20,NAFDAC Market Survey Sample 2012
480,17-Feb-12,,2012,Kebbi,Maiyama,,,11.8103,4.3565,Maize,KB928M,,,0.97,2.21,1.4,4.59,9.17,NAFDAC Market Survey Sample 2012
481,17-Feb-12,,2012,Kebbi,Yauri,,,10.9925,4.5212,Maize,KB929M,,,9.95,3.73,0,0,13.68,NAFDAC Market Survey Sample 2012
482,17-Feb-12,,2012,Kebbi,Gwandu,,,12.4986,4.6425,Maize,KB930M,,,7.35,1.61,2.96,0.66,12.58,NAFDAC Market Survey Sample 2012
483,17-Feb-12,,2012,Kebbi,Suru,,,11.9253,4.1834,Maize,KB931M,,,6.17,1.9,0,0,8.07,NAFDAC Market Survey Sample 2012
484,17-Feb-12,,2012,Kebbi,Suru,,,11.9253,4.1834,Maize,KB932M,,,2.41,4.16,14.99,2.74,24.3,NAFDAC Market Survey Sample 2012
485,17-Feb-12,,2012,Kebbi,Gwandu,,,12.4986,4.6425,Maize,KB933M,,,3.17,6.16,22.16,0.72,32.21,NAFDAC Market Survey Sample 2012
486,17-Feb-12,,2012,Kebbi,Sakaba,,,11.0655,5.5965,Maize,KB934M,,,16.81,2.23,15.09,1.24,35.37,NAFDAC Market Survey Sample 2012
487,17-Feb-12,,2012,Kebbi,Augie ,,,12.8932,4.5999,Maize,KB935M,,,11.26,9.21,2.89,1.82,25.18,NAFDAC Market Survey Sample 2012
488,17-Feb-12,,2012,Kebbi,Dandi,,,11.7295,3.7121,Maize,KB936M,,,24.04,1.98,0,0,26.02,NAFDAC Market Survey Sample 2012
489,17-Feb-12,,2012,Kebbi,Maiyama,,,11.8103,4.3565,Maize,KB937M,,,2.72,1.98,0,0,4.7,NAFDAC Market Survey Sample 2012
490,17-Feb-12,,2012,Kebbi,Augie ,,,12.8932,4.5999,Maize,KB938M,,,3.66,8.86,1.98,1.62,16.12,NAFDAC Market Survey Sample 2012
271,13-Feb-12,,2012,Kogi,Adavi,,,7.672,6.429,Maize,KG541M,,,8,4.21,0,0,12.21,NAFDAC Market Survey Sample 2012
272,13-Feb-12,,2012,Kogi,Kabba/Bunu,,,8.2175,6.1951,Maize,KG542M,,,13.66,1.65,0,0,15.31,NAFDAC Market Survey Sample 2012
273,13-Feb-12,,2012,Kogi,Kogi,,,7.7337,6.6906,Maize,KG543M,,,365.63,34.76,0,0,400.39,NAFDAC Market Survey Sample 2012
274,13-Feb-12,,2012,Kogi,Ibaji,,,6.8302,6.7922,Maize,KG544M,,,310.33,36.5,0,0,346.83,NAFDAC Market Survey Sample 2012
275,13-Feb-12,,2012,Kogi,Dekina,,,7.5948,7.2221,Maize,KG545M,,,7.72,2.85,0,0,10.57,NAFDAC Market Survey Sample 2012
276,13-Feb-12,,2012,Kogi,Adavi,,,7.672,6.429,Maize,KG546M,,,4.01,1.74,0,0,5.75,NAFDAC Market Survey Sample 2012
277,13-Feb-12,,2012,Kogi,Adavi,,,7.672,6.429,Maize,KG547M,,,43.64,3.85,5.66,0,53.15,NAFDAC Market Survey Sample 2012
278,13-Feb-12,,2012,Kogi,Mopa-Muro,,,8.1355,5.8565,Maize,KG548M,,,6.22,0,0,0,6.22,NAFDAC Market Survey Sample 2012
279,13-Feb-12,,2012,Kogi,Dekina,,,7.5948,7.2221,Maize,KG549M,,,0,0,0,0,0,NAFDAC Market Survey Sample 2012
280,13-Feb-12,,2012,Kogi,Kabba/Bunu,,,8.2175,6.1951,Maize,KG550M,,,0,0,0,0,0,NAFDAC Market Survey Sample 2012
281,13-Feb-12,,2012,Kogi,Igalamela-Odolu,,,7.0825,7.0498,Maize,KG551M,,,42.94,14.01,3.84,1.13,61.92,NAFDAC Market Survey Sample 2012
282,13-Feb-12,,2012,Kogi,Idah,,,7.1138,6.744,Maize,KG552M,,,6.06,2.16,3.67,0,11.89,NAFDAC Market Survey Sample 2012
283,13-Feb-12,,2012,Kogi,Dekina,,,7.5948,7.2221,Maize,KG553M,,,6.13,1.43,3.39,0,10.95,NAFDAC Market Survey Sample 2012
284,13-Feb-12,,2012,Kogi,Ogori Magongo,,,7.471,6.1633,Maize,KG554M,,,11.66,0,0,0,11.66,NAFDAC Market Survey Sample 2012
285,13-Feb-12,,2012,Kogi,Ibaji,,,6.8302,6.7922,Maize,KG555M,,,7.88,3.24,0,0,11.12,NAFDAC Market Survey Sample 2012
286,13-Feb-12,,2012,Kogi,Ijumu,,,7.8737,5.941,Maize,KG556M,,,0,0,0,0,0,NAFDAC Market Survey Sample 2012
287,13-Feb-12,,2012,Kogi,Okene,,,7.5614,6.2429,Maize,KG557M,,,265.08,27.01,29.35,7.56,329,NAFDAC Market Survey Sample 2012
288,13-Feb-12,,2012,Kogi,Igalamela-Odolu,,,7.0825,7.0498,Maize,KG558M,,,4.01,1.73,0,0,5.74,NAFDAC Market Survey Sample 2012
289,13-Feb-12,,2012,Kogi,Ofu,,,7.3396,7.0498,Maize,KG559M,,,20.94,3.99,32.31,4.96,62.2,NAFDAC Market Survey Sample 2012
290,13-Feb-12,,2012,Kogi,Ofu,,,7.3396,7.0498,Maize,KG560M,,,0.96,5.42,0,0,6.38,NAFDAC Market Survey Sample 2012
291,13-Feb-12,,2012,Kogi,Okene,,,7.5614,6.2429,Maize,KG561M,,,0,0,0,0,0,NAFDAC Market Survey Sample 2012
292,13-Feb-12,,2012,Kogi,Lokoja,,,7.8023,6.7333,Maize,KG562M,,,15.29,5.17,0,0,20.46,NAFDAC Market Survey Sample 2012
293,13-Feb-12,,2012,Kogi,Idah,,,7.1138,6.744,Maize,KG563M,,,5.12,2.04,0,0,7.16,NAFDAC Market Survey Sample 2012
294,13-Feb-12,,2012,Kogi,Mopa-Muro,,,8.1355,5.8565,Maize,KG564M,,,3.57,7.39,0,0,10.96,NAFDAC Market Survey Sample 2012
295,13-Feb-12,,2012,Kogi,Mopa-Muro,,,8.1355,5.8565,Maize,KG565M,,,0,0,0,0,0,NAFDAC Market Survey Sample 2012
296,13-Feb-12,,2012,Kogi,Idah,,,7.1138,6.744,Maize,KG566M,,,0.78,3.31,0,0,4.09,NAFDAC Market Survey Sample 2012
297,13-Feb-12,,2012,Kogi,Okehi,,,7.7164,6.3439,Maize,KG567M,,,2.43,4.69,4.34,1.49,12.95,NAFDAC Market Survey Sample 2012
298,13-Feb-12,,2012,Kogi,Okehi,,,7.7164,6.3439,Maize,KG568M,,,0,0,0,0,0,NAFDAC Market Survey Sample 2012
299,13-Feb-12,,2012,Kogi,Igalamela-Odolu,,,7.0825,7.0498,Maize,KG569M,,,0,0,0,0,0,NAFDAC Market Survey Sample 2012
300,13-Feb-12,,2012,Kogi,Ijumu,,,7.8737,5.941,Maize,KG570M,,,6.34,3.02,0,0,9.36,NAFDAC Market Survey Sample 2012
301,13-Feb-12,,2012,Kogi,Ijumu,,,7.8737,5.941,Maize,KG571M,,,0,0,0,0,0,NAFDAC Market Survey Sample 2012
302,13-Feb-12,,2012,Kogi,Ajaokuta,,,7.5584,6.6344,Maize,KG572M,,,48.66,0,0,0,48.66,NAFDAC Market Survey Sample 2012
303,13-Feb-12,,2012,Kogi,Ajaokuta,,,7.5584,6.6344,Maize,KG573M,,,0,0,0,0,0,NAFDAC Market Survey Sample 2012
304,13-Feb-12,,2012,Kogi,Ogori Magongo,,,7.471,6.1633,Maize,KG574M,,,0,0,0,0,0,NAFDAC Market Survey Sample 2012
305,13-Feb-12,,2012,Kogi,Kabba/Bunu,,,8.2175,6.1951,Maize,KG575M,,,265.98,32.79,0,0,298.77,NAFDAC Market Survey Sample 2012
306,13-Feb-12,,2012,Kogi,Okehi,,,7.7164,6.3439,Maize,KG576M,,,270.49,35.35,0,0,305.84,NAFDAC Market Survey Sample 2012
307,13-Feb-12,,2012,Kogi,Ajaokuta,,,7.5584,6.6344,Maize,KG577M,,,0,0,0,0,0,NAFDAC Market Survey Sample 2012
308,13-Feb-12,,2012,Kogi,Lokoja,,,7.8023,6.7333,Maize,KG578M,,,89.92,9.93,97.44,21.27,218.56,NAFDAC Market Survey Sample 2012
309,13-Feb-12,,2012,Kogi,Okene,,,7.5614,6.2429,Maize,KG579M,,,5.9,2.54,0,0,8.44,NAFDAC Market Survey Sample 2012
310,13-Feb-12,,2012,Kogi,Ogori Magongo,,,7.471,6.1633,Maize,KG580M,,,3.01,2.85,0,0,5.86,NAFDAC Market Survey Sample 2012
311,13-Feb-12,,2012,Kogi,Ofu,,,7.3396,7.0498,Maize,KG581M,,,0,0,0,0,0,NAFDAC Market Survey Sample 2012
312,13-Feb-12,,2012,Kogi,Kogi,,,7.7337,6.6906,Maize,KG582M,,,2.08,4,0,0,6.08,NAFDAC Market Survey Sample 2012
313,13-Feb-12,,2012,Kogi,Lokoja,,,7.8023,6.7333,Maize,KG583M,,,0,0,0,0,0,NAFDAC Market Survey Sample 2012
314,13-Feb-12,,2012,Kogi,Ibaji,,,6.8302,6.7922,Maize,KG584M,,,0,0,0,0,0,NAFDAC Market Survey Sample 2012
136,08-Feb-12,,2012,Lagos,Ibeju-Lekki,,,6.4569,3.8859,Maize,LA271M,,,1.96,1.39,0,0,3.35,NAFDAC Market Survey Sample 2012
137,08-Feb-12,,2012,Lagos,Ibeju-Lekki,,,6.4569,3.8859,Maize,LA272M,,,0,0,0,0,0,NAFDAC Market Survey Sample 2012
138,08-Feb-12,,2012,Lagos,Ibeju-Lekki,,,6.4569,3.8859,Maize,LA273M,,,0,0,0,0,0,NAFDAC Market Survey Sample 2012
139,08-Feb-12,,2012,Lagos,Ajeromi-Ifelodun,,,6.4555,3.3339,Maize,LA274M,,,0,0,0,0,0,NAFDAC Market Survey Sample 2012
140,08-Feb-12,,2012,Lagos,Ajeromi-Ifelodun,,,6.4555,3.3339,Maize,LA275M,,,0,0,0,0,0,NAFDAC Market Survey Sample 2012
141,08-Feb-12,,2012,Lagos,Ajeromi-Ifelodun,,,6.4555,3.3339,Maize,LA276M,,,0,0,0,0,0,NAFDAC Market Survey Sample 2012
142,08-Feb-12,,2012,Lagos,Agege,,,6.618,3.3209,Maize,LA277M,,,0,0,0,0,0,NAFDAC Market Survey Sample 2012
143,08-Feb-12,,2012,Lagos,Agege,,,6.618,3.3209,Maize,LA278M,,,0,0,0,0,0,NAFDAC Market Survey Sample 2012
144,08-Feb-12,,2012,Lagos,Agege,,,6.618,3.3209,Maize,LA279M,,,1.85,3.15,0,0,5,NAFDAC Market Survey Sample 2012
145,08-Feb-12,,2012,Lagos,Kosofe,,,6.5777,3.3885,Maize,LA280M,,,0,0,0,0,0,NAFDAC Market Survey Sample 2012
146,08-Feb-12,,2012,Lagos,Kosofe,,,6.5777,3.3885,Maize,LA281M,,,0,0,0,0,0,NAFDAC Market Survey Sample 2012
147,08-Feb-12,,2012,Lagos,Kosofe,,,6.5777,3.3885,Maize,LA282M,,,0,0,0,0,0,NAFDAC Market Survey Sample 2012
148,08-Feb-12,,2012,Lagos,Alimosho,,,6.5744,3.257,Maize,LA283M,,,2.25,2.61,1.25,0.54,6.65,NAFDAC Market Survey Sample 2012
149,08-Feb-12,,2012,Lagos,Alimosho,,,6.5744,3.257,Maize,LA284M,,,13.39,3.88,4.77,0.5,22.54,NAFDAC Market Survey Sample 2012
150,08-Feb-12,,2012,Lagos,Ikeja,,,6.6018,3.3515,Maize,LA285M,,,0,0,0,0,0,NAFDAC Market Survey Sample 2012
151,08-Feb-12,,2012,Lagos,Ikeja,,,6.6018,3.3515,Maize,LA286M,,,12.28,2.22,0,0,14.5,NAFDAC Market Survey Sample 2012
152,08-Feb-12,,2012,Lagos,Ikeja,,,6.6018,3.3515,Maize,LA287M,,,3.7,3.2,0.59,6.17,13.66,NAFDAC Market Survey Sample 2012
153,08-Feb-12,,2012,Lagos,Alimosho,,,6.5744,3.257,Maize,LA288M,,,1.67,1.81,0,0,3.48,NAFDAC Market Survey Sample 2012
154,08-Feb-12,,2012,Lagos,Oshodi/Isolo,,,6.5355,3.3087,Maize,LA289M,,,8.92,2.54,1.72,0.55,13.73,NAFDAC Market Survey Sample 2012
155,08-Feb-12,,2012,Lagos,Shomolu,,,6.5392,3.3842,Maize,LA290M,,,7.76,2.48,0,0,10.24,NAFDAC Market Survey Sample 2012
156,08-Feb-12,,2012,Lagos,Shomolu,,,6.5392,3.3842,Maize,LA291M,,,0,0,0,0,0,NAFDAC Market Survey Sample 2012
157,08-Feb-12,,2012,Lagos,Shomolu,,,6.5392,3.3842,Maize,LA292M,,,5.27,8.27,2.96,0,16.5,NAFDAC Market Survey Sample 2012
158,08-Feb-12,,2012,Lagos,Surulere,,,6.4983,3.3486,Maize,LA293M,,,5.82,12.42,0,0,18.24,NAFDAC Market Survey Sample 2012
159,08-Feb-12,,2012,Lagos,Surulere,,,6.4983,3.3486,Maize,LA294M,,,10.44,1.56,0,0,12,NAFDAC Market Survey Sample 2012
160,08-Feb-12,,2012,Lagos,Surulere,,,6.4983,3.3486,Maize,LA295M,,,10.02,2.49,0,0,12.51,NAFDAC Market Survey Sample 2012
161,08-Feb-12,,2012,Lagos,Oshodi/Isolo,,,6.5355,3.3087,Maize,LA296M,,,6.57,2.33,0,0,8.9,NAFDAC Market Survey Sample 2012
162,08-Feb-12,,2012,Lagos,Oshodi/Isolo,,,6.5355,3.3087,Maize,LA297M,,,5.72,2.83,0,0,8.55,NAFDAC Market Survey Sample 2012
163,08-Feb-12,,2012,Lagos,Mushin,,,6.5352,3.349,Maize,LA298M,,,1.23,2.12,0,0,3.35,NAFDAC Market Survey Sample 2012
164,08-Feb-12,,2012,Lagos,Badagry,,,6.4183,2.8901,Maize,LA299M,,,1.45,2.18,0,0,3.63,NAFDAC Market Survey Sample 2012
165,08-Feb-12,,2012,Lagos,Lagos Island,,,6.4549,3.4246,Maize,LA300M,,,0,0,0,0,0,NAFDAC Market Survey Sample 2012
166,08-Feb-12,,2012,Lagos,Badagry,,,6.4183,2.8901,Maize,LA301M,,,1.96,2.06,1.02,4.76,9.8,NAFDAC Market Survey Sample 2012
167,08-Feb-12,,2012,Lagos,Badagry,,,6.4183,2.8901,Maize,LA302M,,,0,0,0,0,0,NAFDAC Market Survey Sample 2012
168,08-Feb-12,,2012,Lagos,Lagos Island,,,6.4549,3.4246,Maize,LA303M,,,5.01,3.74,0,0,8.75,NAFDAC Market Survey Sample 2012
169,08-Feb-12,,2012,Lagos,Lagos Mainland,,,6.5059,3.3781,Maize,LA304M,,,3.72,3.31,0,0,7.03,NAFDAC Market Survey Sample 2012
170,08-Feb-12,,2012,Lagos,Mushin,,,6.5352,3.349,Maize,LA305M,,,10.6,3.04,0,0,13.64,NAFDAC Market Survey Sample 2012
171,08-Feb-12,,2012,Lagos,Mushin,,,6.5352,3.349,Maize,LA306M,,,10.58,2.11,0,0,12.69,NAFDAC Market Survey Sample 2012
172,08-Feb-12,,2012,Lagos,Ojo,,,6.4579,6.4579,Maize,LA307M,,,0,0,0,0,0,NAFDAC Market Survey Sample 2012
173,08-Feb-12,,2012,Lagos,Etiosa,,,6.459,3.6015,Maize,LA308M,,,0,0,0,0,0,NAFDAC Market Survey Sample 2012
174,08-Feb-12,,2012,Lagos,Lagos Mainland,,,6.5059,3.3781,Maize,LA309M,,,0,0,0,0,0,NAFDAC Market Survey Sample 2012
175,08-Feb-12,,2012,Lagos,Etiosa,,,6.459,3.6015,Maize,LA310M,,,0,0,0,0,0,NAFDAC Market Survey Sample 2012
176,08-Feb-12,,2012,Lagos,Lagos Mainland,,,6.5059,3.3781,Maize,LA311M,,,3.96,3.05,0,0,7.01,NAFDAC Market Survey Sample 2012
177,08-Feb-12,,2012,Lagos,Etiosa,,,6.459,3.6015,Maize,LA312M,,,0,0,0,0,0,NAFDAC Market Survey Sample 2012
178,08-Feb-12,,2012,Lagos,Ojo,,,6.4579,6.4579,Maize,LA313M,,,4.75,9.81,1.5,0,16.06,NAFDAC Market Survey Sample 2012
179,08-Feb-12,,2012,Lagos,Lagos Island,,,6.4549,3.4246,Maize,LA314M,,,0,0,0,0,0,NAFDAC Market Survey Sample 2012
180,08-Feb-12,,2012,Lagos,Ojo,,,6.4579,6.4579,Maize,LA315M,,,2.68,8.24,0,0,10.92,NAFDAC Market Survey Sample 2012
315,14-Feb-12,,2012,Niger,Suleja,,,9.1701,7.1861,Maize,NG628M,,,7.49,4.19,0,0,11.68,NAFDAC Market Survey Sample 2012
316,14-Feb-12,,2012,Niger,Gurara,,,9.3418,7.0498,Maize,NG629M,,,0,0,0,0,0,NAFDAC Market Survey Sample 2012
317,14-Feb-12,,2012,Niger,Gurara,,,9.3418,7.0498,Maize,NG630M,,,3.75,6.53,0,0,10.28,NAFDAC Market Survey Sample 2012
318,14-Feb-12,,2012,Niger,Wushishi,,,9.7221,6.1113,Maize,NG631M,,,1.49,2.64,2.53,0,6.66,NAFDAC Market Survey Sample 2012
319,14-Feb-12,,2012,Niger,Kontagora,,,10.4071,5.4699,Maize,NG632M,,,3.53,5.6,0,0,9.13,NAFDAC Market Survey Sample 2012
320,14-Feb-12,,2012,Niger,Magama,,,10.3116,4.9767,Maize,NG633M,,,12.19,5.41,2.33,0,19.93,NAFDAC Market Survey Sample 2012
321,14-Feb-12,,2012,Niger,Chanchaga,,,9.6278,6.5463,Maize,NG634M,,,2.96,7.84,0,0,10.8,NAFDAC Market Survey Sample 2012
322,14-Feb-12,,2012,Niger,Mashegu,,,9.9492,5.3103,Maize,NG635M,,,22.01,7.42,3.74,10.18,43.35,NAFDAC Market Survey Sample 2012
323,14-Feb-12,,2012,Niger,Lapai,,,9.0493,6.5797,Maize,NG636M,,,7.02,12.96,5.55,2.95,28.48,NAFDAC Market Survey Sample 2012
324,14-Feb-12,,2012,Niger,Mashegu,,,9.9492,5.3103,Maize,NG637M,,,0,0,0,0,0,NAFDAC Market Survey Sample 2012
325,14-Feb-12,,2012,Niger,Bida,,,9.0797,6.0097,Maize,NG638M,,,3.72,4,4.29,0,12.01,NAFDAC Market Survey Sample 2012
326,14-Feb-12,,2012,Niger,Suleja,,,9.1701,7.1861,Maize,NG639M,,,2.12,4.33,10.35,0,16.8,NAFDAC Market Survey Sample 2012
327,14-Feb-12,,2012,Niger,Lapai,,,9.0493,6.5797,Maize,NG640M,,,68.35,8.98,9.72,0,87.05,NAFDAC Market Survey Sample 2012
328,14-Feb-12,,2012,Niger,Katcha,,,8.7602,6.3133,Maize,NG641M,,,96.9,0,0,0,96.9,NAFDAC Market Survey Sample 2012
329,14-Feb-12,,2012,Niger,Agaie,,,9.0001,6.3213,Maize,NG642M,,,23.31,11.71,1.06,0,36.08,NAFDAC Market Survey Sample 2012
330,14-Feb-12,,2012,Niger,Bida,,,9.0797,6.0097,Maize,NG643M,,,12.63,4.76,3.66,0,21.05,NAFDAC Market Survey Sample 2012
331,14-Feb-12,,2012,Niger,Katcha,,,8.7602,6.3133,Maize,NG644M,,,3.47,4.39,0,0,7.86,NAFDAC Market Survey Sample 2012
332,14-Feb-12,,2012,Niger,Rafi,,,10.113,6.1527,Maize,NG645M,,,4.87,3.22,0,0,8.09,NAFDAC Market Survey Sample 2012
333,14-Feb-12,,2012,Niger,Bosso,,,9.6522,6.5261,Maize,NG646M,,,0,0,0,0,0,NAFDAC Market Survey Sample 2012
334,14-Feb-12,,2012,Niger,Wushishi,,,9.7221,6.1113,Maize,NG647M,,,0,0,0,0,0,NAFDAC Market Survey Sample 2012
335,14-Feb-12,,2012,Niger,Bida,,,9.0797,6.0097,Maize,NG648M,,,305.53,53.12,0,0,358.65,NAFDAC Market Survey Sample 2012
336,14-Feb-12,,2012,Niger,Paikoro,,,9.4351,6.7922,Maize,NG649M,,,2.84,3.92,0,0,6.76,NAFDAC Market Survey Sample 2012
337,14-Feb-12,,2012,Niger,Suleja,,,9.1701,7.1861,Maize,NG650M,,,3.03,4.41,0,0,7.44,NAFDAC Market Survey Sample 2012
338,14-Feb-12,,2012,Niger,Gbako,,,9.2723,7.1861,Maize,NG651M,,,3.76,6.52,0,0,10.28,NAFDAC Market Survey Sample 2012
339,14-Feb-12,,2012,Niger,Bosso,,,9.6522,6.5261,Maize,NG652M,,,24.56,8.24,6.32,0,39.12,NAFDAC Market Survey Sample 2012
340,14-Feb-12,,2012,Niger,Agaie,,,9.0001,6.3213,Maize,NG653M,,,9.06,3.19,0,0,12.25,NAFDAC Market Survey Sample 2012
341,14-Feb-12,,2012,Niger,Agaie,,,9.0001,6.3213,Maize,NG654M,,,9.94,4.49,5.59,2.76,22.78,NAFDAC Market Survey Sample 2012
342,14-Feb-12,,2012,Niger,Wushishi,,,9.7221,6.1113,Maize,NG655M,,,0,0,0,0,0,NAFDAC Market Survey Sample 2012
343,14-Feb-12,,2012,Niger,Bosso,,,9.6522,6.5261,Maize,NG656M,,,0,0,0,0,0,NAFDAC Market Survey Sample 2012
344,14-Feb-12,,2012,Niger,Rafi,,,10.113,6.1527,Maize,NG657M,,,8.39,8.96,0,0,17.35,NAFDAC Market Survey Sample 2012
345,14-Feb-12,,2012,Niger,Gurara,,,9.3418,7.0498,Maize,NG658M,,,0,0,0,0,0,NAFDAC Market Survey Sample 2012
346,14-Feb-12,,2012,Niger,Lapai,,,9.0493,6.5797,Maize,NG659M,,,2.54,3.1,3.37,1.72,10.73,NAFDAC Market Survey Sample 2012
347,14-Feb-12,,2012,Niger,Paikoro,,,9.4351,6.7922,Maize,NG660M,,,16.1,0,2.52,0,18.62,NAFDAC Market Survey Sample 2012
348,14-Feb-12,,2012,Niger,Mashegu,,,9.9492,5.3103,Maize,NG661M,,,2.57,2.89,1.69,0,7.15,NAFDAC Market Survey Sample 2012
349,14-Feb-12,,2012,Niger,Kontagora,,,10.4071,5.4699,Maize,NG662M,,,2.03,2.59,1.76,0,6.38,NAFDAC Market Survey Sample 2012
350,14-Feb-12,,2012,Niger,Magama,,,10.3116,4.9767,Maize,NG663M,,,2.24,13.52,1.34,1,18.1,NAFDAC Market Survey Sample 2012
351,14-Feb-12,,2012,Niger,Chanchaga,,,9.6278,6.5463,Maize,NG664M,,,10.21,4.18,0,0,14.39,NAFDAC Market Survey Sample 2012
352,14-Feb-12,,2012,Niger,Chanchaga,,,9.6278,6.5463,Maize,NG665M,,,5.87,13.05,0,0,18.92,NAFDAC Market Survey Sample 2012
353,14-Feb-12,,2012,Niger,Kontagora,,,10.4071,5.4699,Maize,NG666M,,,2.05,5.21,1.75,8.87,17.88,NAFDAC Market Survey Sample 2012
354,14-Feb-12,,2012,Niger,Paikoro,,,9.4351,6.7922,Maize,NG667M,,,5.11,2.84,0,0,7.95,NAFDAC Market Survey Sample 2012
355,14-Feb-12,,2012,Niger,Rafi,,,10.113,6.1527,Maize,NG668M,,,1.72,10.13,1.69,0,13.54,NAFDAC Market Survey Sample 2012
356,14-Feb-12,,2012,Niger,Katcha,,,8.7602,6.3133,Maize,NG669M,,,8.48,15.39,5.95,0.88,30.7,NAFDAC Market Survey Sample 2012
357,14-Feb-12,,2012,Niger,Gbako,,,9.2723,7.1861,Maize,NG670M,,,4.36,6.58,4.86,0.54,16.34,NAFDAC Market Survey Sample 2012
358,14-Feb-12,,2012,Niger,Gbako,,,9.2723,7.1861,Maize,NG671M,,,2.68,14.55,0,0,17.23,NAFDAC Market Survey Sample 2012
359,14-Feb-12,,2012,Niger,Magama,,,10.3116,4.9767,Maize,NG672M,,,0,0,0,0,0,NAFDAC Market Survey Sample 2012
91,07-Feb-12,,2012,Ondo,Akure South,,,7.2146,5.1641,Maize,OD181M,,,2.9,3.07,3.36,2.73,12.06,NAFDAC Market Survey Sample 2012
92,07-Feb-12,,2012,Ondo,Okitipupa,,,6.504,4.7707,Maize,OD182M,,,11.79,5.78,0,0,17.57,NAFDAC Market Survey Sample 2012
93,07-Feb-12,,2012,Ondo,Ilaje,,,6.2585,4.7692,Maize,OD183M,,,15.64,3.85,7.78,1.76,29.03,NAFDAC Market Survey Sample 2012
94,07-Feb-12,,2012,Ondo,Ileoluji-Okeigbo,,,7.2825,4.8521,Maize,OD184M,,,3.24,3.13,0,0,6.37,NAFDAC Market Survey Sample 2012
95,07-Feb-12,,2012,Ondo,Ileoluji-Okeigbo,,,7.2825,4.8521,Maize,OD185M,,,0,0,0,0,0,NAFDAC Market Survey Sample 2012
96,07-Feb-12,,2012,Ondo,Ileoluji-Okeigbo,,,7.2825,4.8521,Maize,OD186M,,,11.75,3.99,1.17,1.35,18.26,NAFDAC Market Survey Sample 2012
97,07-Feb-12,,2012,Ondo,Ondo East,,,7.0881,4.9559,Maize,OD187M,,,7.56,30.28,0,0,37.84,NAFDAC Market Survey Sample 2012
98,07-Feb-12,,2012,Ondo,Ondo East,,,7.0881,4.9559,Maize,OD188M,,,0,0,0,0,0,NAFDAC Market Survey Sample 2012
99,07-Feb-12,,2012,Ondo,Ondo-West,,,7.0257,4.7692,Maize,OD189M,,,0,0,0,0,0,NAFDAC Market Survey Sample 2012
100,07-Feb-12,,2012,Ondo,Ose,,,7.0155,5.6879,Maize,OD190M,,,0,0,0,0,0,NAFDAC Market Survey Sample 2012
101,07-Feb-12,,2012,Ondo,Ondo-West,,,7.0257,4.7692,Maize,OD191M,,,3.86,3.76,1.36,1.11,10.09,NAFDAC Market Survey Sample 2012
102,07-Feb-12,,2012,Ondo,Irele,,,6.4883,4.8702,Maize,OD192M,,,0,0,0,0,0,NAFDAC Market Survey Sample 2012
103,07-Feb-12,,2012,Ondo,Akure South,,,7.2146,5.1641,Maize,OD193M,,,6.7,2.8,0,0,9.5,NAFDAC Market Survey Sample 2012
104,07-Feb-12,,2012,Ondo,Ondo-West,,,7.0257,4.7692,Maize,OD194M,,,8.39,9.92,1.71,0.93,20.95,NAFDAC Market Survey Sample 2012
105,07-Feb-12,,2012,Ondo,Okitipupa,,,6.504,4.7707,Maize,OD195M,,,1.7,6.2,0,0,7.9,NAFDAC Market Survey Sample 2012
106,07-Feb-12,,2012,Ondo,Akoko North-East,,,7.5503,5.8776,Maize,OD196M,,,3.11,4.56,0,0,7.67,NAFDAC Market Survey Sample 2012
107,07-Feb-12,,2012,Ondo,Owo,,,7.1989,5.5932,Maize,OD197M,,,4.31,2.08,0,0,6.39,NAFDAC Market Survey Sample 2012
108,07-Feb-12,,2012,Ondo,Ifedore,,,7.3877,5.0807,Maize,OD198M,,,0,0,0,0,0,NAFDAC Market Survey Sample 2012
109,07-Feb-12,,2012,Ondo,Akure-North,,,7.2779,5.2684,Maize,OD199M,,,2.76,7.72,0,0,10.48,NAFDAC Market Survey Sample 2012
110,07-Feb-12,,2012,Ondo,Owo,,,7.1989,5.5932,Maize,OD200M,,,9.01,0,1.94,1.65,12.6,NAFDAC Market Survey Sample 2012
111,07-Feb-12,,2012,Ondo,Odigbo,,,6.7947,4.8676,Maize,OD201M,,,3.68,6.03,0,0,9.71,NAFDAC Market Survey Sample 2012
112,07-Feb-12,,2012,Ondo,Irele,,,6.4883,4.8702,Maize,OD202M,,,13.59,0,0,0,13.59,NAFDAC Market Survey Sample 2012
113,07-Feb-12,,2012,Ondo,Ose,,,7.0155,5.6879,Maize,OD203M,,,2.91,1.63,0,0,4.54,NAFDAC Market Survey Sample 2012
114,07-Feb-12,,2012,Ondo,Odigbo,,,6.7947,4.8676,Maize,OD204M,,,43.53,5.44,17.39,3.29,69.65,NAFDAC Market Survey Sample 2012
115,07-Feb-12,,2012,Ondo,Ifedore,,,7.3877,5.0807,Maize,OD205M,,,0,0,0,0,0,NAFDAC Market Survey Sample 2012
116,07-Feb-12,,2012,Ondo,Akoko North-East,,,7.5503,5.8776,Maize,OD206M,,,0,0,0,0,0,NAFDAC Market Survey Sample 2012
117,07-Feb-12,,2012,Ondo,Akoko South-West,,,7.3807,5.6668,Maize,OD207M,,,4.28,0,0,0,4.28,NAFDAC Market Survey Sample 2012
118,07-Feb-12,,2012,Ondo,Ose,,,7.0155,5.6879,Maize,OD208M,,,2.72,8.37,0,0,11.09,NAFDAC Market Survey Sample 2012
119,07-Feb-12,,2012,Ondo,Ilaje,,,6.2585,4.7692,Maize,OD209M,,,1.88,0,0,0,1.88,NAFDAC Market Survey Sample 2012
120,07-Feb-12,,2012,Ondo,Irele,,,6.4883,4.8702,Maize,OD210M,,,35.69,5.65,3.37,0.44,45.15,NAFDAC Market Survey Sample 2012
121,07-Feb-12,,2012,Ondo,Akoko South-East,,,7.4204,5.9198,Maize,OD211M,,,38.41,4.49,0,0,42.9,NAFDAC Market Survey Sample 2012
122,07-Feb-12,,2012,Ondo,Akoko South-West,,,7.3807,5.6668,Maize,OD212M,,,41.94,4.94,5.67,1.57,54.12,NAFDAC Market Survey Sample 2012
123,07-Feb-12,,2012,Ondo,Akoko South-East,,,7.5503,5.8776,Maize,OD213M,,,3.34,1.92,0,0,5.26,NAFDAC Market Survey Sample 2012
124,07-Feb-12,,2012,Ondo,Akure North,,,7.2779,5.2684,Maize,OD214M,,,0,0,0,0,0,NAFDAC Market Survey Sample 2012
125,07-Feb-12,,2012,Ondo,Odigbo,,,6.7947,4.8676,Maize,OD215M,,,1.6,1.27,0,0,2.87,NAFDAC Market Survey Sample 2012
126,07-Feb-12,,2012,Ondo,Ondo East,,,7.0881,4.9559,Maize,OD216M,,,0,0,0,0,0,NAFDAC Market Survey Sample 2012
127,07-Feb-12,,2012,Ondo,Akure North,,,7.2779,5.2684,Maize,OD217M,,,0,0,0,0,0,NAFDAC Market Survey Sample 2012
128,07-Feb-12,,2012,Ondo,Akoko North-East,,,7.5503,5.8776,Maize,OD218M,,,75.2,7.25,0,0,82.45,NAFDAC Market Survey Sample 2012
129,07-Feb-12,,2012,Ondo,Akoko South-East,,,7.3807,5.6668,Maize,OD219M,,,1.32,0.76,0,0,2.08,NAFDAC Market Survey Sample 2012
130,07-Feb-12,,2012,Ondo,Ilaje,,,6.2585,4.7692,Maize,OD220M,,,0,0,0,0,0,NAFDAC Market Survey Sample 2012
131,07-Feb-12,,2012,Ondo,Owo,,,7.1989,5.5932,Maize,OD221M,,,9.66,1.37,0,0,11.03,NAFDAC Market Survey Sample 2012
132,07-Feb-12,,2012,Ondo,Akure South,,,7.2146,5.1641,Maize,OD222M,,,0,0,0,0,0,NAFDAC Market Survey Sample 2012
133,07-Feb-12,,2012,Ondo,Ifedore,,,7.3877,5.0807,Maize,OD223M,,,1.87,4.1,0,0,5.97,NAFDAC Market Survey Sample 2012
134,07-Feb-12,,2012,Ondo,Akoko South-West,,,7.2146,5.1641,Maize,OD224M,,,0,0,0,0,0,NAFDAC Market Survey Sample 2012
135,07-Feb-12,,2012,Ondo,Okitipupa,,,6.504,4.7707,Maize,OD225M,,,4.15,4.08,0,0,8.23,NAFDAC Market Survey Sample 2012
46,03-Feb-12,,2012,Oyo,Ogbomoso South,,,8.0794,4.2231,Maize,OY91M,,,7.44,9.08,3.67,9.31,29.5,NAFDAC Market Survey Sample 2012
47,03-Feb-12,,2012,Oyo,Ibarapa North-East,,,7.646111111,7.646111111,Maize,OY92M,,,3.27,0,6.71,0.82,10.8,NAFDAC Market Survey Sample 2012
48,03-Feb-12,,2012,Oyo,Ibarapa North-East,,,7.646111111,7.646111111,Maize,OY93M,,,18.55,0,0.61,1.41,20.57,NAFDAC Market Survey Sample 2012
49,03-Feb-12,,2012,Oyo,Ibarapa North-East,,,7.646111111,7.646111111,Maize,OY94M,,,0,0,0,0,0,NAFDAC Market Survey Sample 2012
50,03-Feb-12,,2012,Oyo,Ibarapa Central,,,7.4048,3.2383,Maize,OY95M,,,7.89,2.02,0,0,9.91,NAFDAC Market Survey Sample 2012
51,03-Feb-12,,2012,Oyo,Ibarapa North,,,7.646111111,7.646111111,Maize,OY96M,,,3.81,2.63,13.63,0,20.07,NAFDAC Market Survey Sample 2012
52,03-Feb-12,,2012,Oyo,Ibarapa Central,,,7.4048,3.2383,Maize,OY97M,,,15.43,0,0,0,15.43,NAFDAC Market Survey Sample 2012
53,03-Feb-12,,2012,Oyo,Kajola,,,8.0902,3.3464,Maize,OY98M,,,5.47,2.25,0,0,7.72,NAFDAC Market Survey Sample 2012
54,03-Feb-12,,2012,Oyo,Kajola,,,8.0902,3.3464,Maize,OY99M,,,6.41,13.86,1.29,1.9,23.46,NAFDAC Market Survey Sample 2012
55,03-Feb-12,,2012,Oyo,Ibarapa North,,,7.646111111,7.646111111,Maize,OY100M,,,6.99,0,0.73,1.64,9.36,NAFDAC Market Survey Sample 2012
56,03-Feb-12,,2012,Oyo,Ibarapa North,,,7.646111111,7.646111111,Maize,OY101M,,,7.56,0,0,0,7.56,NAFDAC Market Survey Sample 2012
57,03-Feb-12,,2012,Oyo,Ibadan North-East,,,7.646111111,7.646111111,Maize,OY102M,,,2.78,0,2.94,0.85,6.57,NAFDAC Market Survey Sample 2012
58,03-Feb-12,,2012,Oyo,Ibarapa Central,,,7.4048,3.2383,Maize,OY103M,,,3.25,1.44,0,0,4.69,NAFDAC Market Survey Sample 2012
59,03-Feb-12,,2012,Oyo,Ibadan North-East,,,7.646111111,7.646111111,Maize,OY104M,,,4.91,0,0.93,2.37,8.21,NAFDAC Market Survey Sample 2012
60,03-Feb-12,,2012,Oyo,Ibadan North-East,,,7.646111111,7.646111111,Maize,OY105M,,,4.25,0.92,4.55,0.68,10.4,NAFDAC Market Survey Sample 2012
61,03-Feb-12,,2012,Oyo,Kajola,,,8.0902,3.3464,Maize,OY106M,,,3.46,1.52,0,0,4.98,NAFDAC Market Survey Sample 2012
62,03-Feb-12,,2012,Oyo,Ibadan South-West,,,7.3458,3.8757,Maize,OY107M,,,4.02,1.89,1.38,1.27,8.56,NAFDAC Market Survey Sample 2012
63,03-Feb-12,,2012,Oyo,Ibadan South-West,,,7.3458,3.8757,Maize,OY108M,,,3.28,1.74,0,0,5.02,NAFDAC Market Survey Sample 2012
64,03-Feb-12,,2012,Oyo,Ibadan South-West,,,7.3458,3.8757,Maize,OY109M,,,4.65,17.03,3.93,1.08,26.69,NAFDAC Market Survey Sample 2012
65,03-Feb-12,,2012,Oyo,Ogbomoso South,,,8.0794,4.2231,Maize,OY110M,,,16.5,0,2.58,1.08,20.16,NAFDAC Market Survey Sample 2012
66,03-Feb-12,,2012,Oyo,Ogbomoso South,,,8.0794,4.2231,Maize,OY111M,,,12.53,0,4.33,1.72,18.58,NAFDAC Market Survey Sample 2012
67,03-Feb-12,,2012,Oyo,Akinyele,,,7.5952,3.9177,Maize,OY112M,,,2.7,0,0,0,2.7,NAFDAC Market Survey Sample 2012
68,03-Feb-12,,2012,Oyo,Ogbomoso North,,,8.1335,4.2538,Maize,OY113M,,,4.48,0,0,0,4.48,NAFDAC Market Survey Sample 2012
69,03-Feb-12,,2012,Oyo,Ogbomoso North,,,8.1335,4.2538,Maize,OY114M,,,5.27,0,1.6,1.07,7.94,NAFDAC Market Survey Sample 2012
70,03-Feb-12,,2012,Oyo,Egbeda,,,7.3796,3.9675,Maize,OY115M,,,4.04,0,13.05,0.99,18.08,NAFDAC Market Survey Sample 2012
71,03-Feb-12,,2012,Oyo,Egbeda,,,7.3796,3.9675,Maize,OY116M,,,3.59,0,0.63,1.04,5.26,NAFDAC Market Survey Sample 2012
72,03-Feb-12,,2012,Oyo,Egbeda,,,7.3796,3.9675,Maize,OY117M,,,4.86,0,0,0,4.86,NAFDAC Market Survey Sample 2012
73,03-Feb-12,,2012,Oyo,Oyo East,,,7.8745,4.0491,Maize,OY118M,,,6.68,3.18,2.28,2.92,15.06,NAFDAC Market Survey Sample 2012
74,03-Feb-12,,2012,Oyo,Oyo East,,,7.8745,4.0491,Maize,OY119M,,,2.95,0,0,0,2.95,NAFDAC Market Survey Sample 2012
75,03-Feb-12,,2012,Oyo,Oyo East,,,7.8745,4.0491,Maize,OY120M,,,17.15,0,0,0,17.15,NAFDAC Market Survey Sample 2012
76,03-Feb-12,,2012,Oyo,Akinyele,,,7.5952,3.9177,Maize,OY121M,,,14.96,0,15.01,1.09,31.06,NAFDAC Market Survey Sample 2012
77,03-Feb-12,,2012,Oyo,Akinyele,,,7.5952,3.9177,Maize,OY122M,,,11.41,5.98,1.89,0.94,20.22,NAFDAC Market Survey Sample 2012
78,03-Feb-12,,2012,Oyo,Afijio,,,7.7243,3.8655,Maize,OY123M,,,2.14,0,0,0,2.14,NAFDAC Market Survey Sample 2012
79,03-Feb-12,,2012,Oyo,Afijio,,,7.7243,3.8655,Maize,OY124M,,,4.04,28.15,2.08,1.27,35.54,NAFDAC Market Survey Sample 2012
80,03-Feb-12,,2012,Oyo,Afijio,,,7.7243,3.8655,Maize,OY125M,,,2.45,2.42,1.86,3.16,9.89,NAFDAC Market Survey Sample 2012
81,03-Feb-12,,2012,Oyo,Ibadan North,,,7.4102,3.9165,Maize,OY126M,,,1.88,4.1,0.98,0.94,7.9,NAFDAC Market Survey Sample 2012
82,03-Feb-12,,2012,Oyo,Atiba,,,8.2465,3.8655,Maize,OY127M,,,4.48,2.12,0,0,6.6,NAFDAC Market Survey Sample 2012
83,03-Feb-12,,2012,Oyo,Atiba,,,8.2465,3.8655,Maize,OY128M,,,6.22,0,5.6,1.39,13.21,NAFDAC Market Survey Sample 2012
84,03-Feb-12,,2012,Oyo,Atiba,,,8.2465,3.8655,Maize,OY129M,,,10.73,2.31,0,0,13.04,NAFDAC Market Survey Sample 2012
85,03-Feb-12,,2012,Oyo,Ogbomoso North,,,8.1335,4.2538,Maize,OY130M,,,4.19,0,9.22,3.58,16.99,NAFDAC Market Survey Sample 2012
86,03-Feb-12,,2012,Oyo,Ido,,,7.5077,3.7194,Maize,OY131M,,,3.1,0,1.66,2.35,7.11,NAFDAC Market Survey Sample 2012
87,03-Feb-12,,2012,Oyo,Ido,,,7.5077,3.7194,Maize,OY132M,,,3.27,0,1.57,0.93,5.77,NAFDAC Market Survey Sample 2012
88,03-Feb-12,,2012,Oyo,Ido,,,7.5077,3.7194,Maize,OY133M,,,9.42,0,0,0,9.42,NAFDAC Market Survey Sample 2012
89,03-Feb-12,,2012,Oyo,Ibadan North,,,7.4102,3.9165,Maize,OY134M,,,1.14,2.62,0,0,3.76,NAFDAC Market Survey Sample 2012
90,03-Feb-12,,2012,Oyo,Ibadan North,,,7.4102,3.9165,Maize,OY135M,,,2.01,4.09,1.01,5.75,12.86,NAFDAC Market Survey Sample 2012
1,02-Feb-12,,2012,Rivers,Ogba-Egbema-Ndoni,,,5.3998,6.6211,Maize,RV01M,,,2.39,1.78,0,0,4.17,NAFDAC Market Survey Sample 2012
2,02-Feb-12,,2012,Rivers,Asari Toru,,,4.7456,6.8458,Maize,RV02M,,,1.73,2.11,8.72,0,12.56,NAFDAC Market Survey Sample 2012
3,02-Feb-12,,2012,Rivers,Gokana,,,4.6692,7.2869,Maize,RVO3M,,,0,0,0,0,0,NAFDAC Market Survey Sample 2012
4,02-Feb-12,,2012,Rivers,Gokana,,,4.6692,7.2869,Maize,RV04M,,,2.08,0.46,0,0,2.54,NAFDAC Market Survey Sample 2012
5,02-Feb-12,,2012,Rivers,Port Harcourt,,,4.8472,6.9746,Maize,RV05M,,,0,0,0,0,0,NAFDAC Market Survey Sample 2012
6,02-Feb-12,,2012,Rivers,Oyigbo,,,4.8812,7.1326,Maize,RV06M,,,0,0,0,0,0,NAFDAC Market Survey Sample 2012
7,02-Feb-12,,2012,Rivers,Oyigbo,,,4.8812,7.1326,Maize,RV07M,,,3.1,0,0,0,3.1,NAFDAC Market Survey Sample 2012
8,02-Feb-12,,2012,Rivers,Etche,,,5.0632,7.0498,Maize,RV08M,,,3.47,0,10.15,0.58,14.2,NAFDAC Market Survey Sample 2012
9,02-Feb-12,,2012,Rivers,Port Harcourt,,,4.8472,6.9746,Maize,RV09M,,,1.65,0,0,0,1.65,NAFDAC Market Survey Sample 2012
10,02-Feb-12,,2012,Rivers,Ahoada East,,,5.0468,6.6424,Maize,RV10M,,,2.83,0,0,0,2.83,NAFDAC Market Survey Sample 2012
11,02-Feb-12,,2012,Rivers,Ahoada East,,,5.0468,6.6424,Maize,RV11M,,,1.94,0,0,0,1.94,NAFDAC Market Survey Sample 2012
12,02-Feb-12,,2012,Rivers,Akuku Toru,,,4.6138,6.6638,Maize,RV12M,,,8.79,0,0.71,1.33,10.83,NAFDAC Market Survey Sample 2012
13,02-Feb-12,,2012,Rivers,Ogba-Egbema-Ndoni,,,5.3998,6.6211,Maize,RV13M,,,5.64,0,0,0,5.64,NAFDAC Market Survey Sample 2012
14,02-Feb-12,,2012,Rivers,Etche,,,5.0632,7.0498,Maize,RV14M,,,1.94,0,0,0,1.94,NAFDAC Market Survey Sample 2012
15,02-Feb-12,,2012,Rivers,Ikwerre,,,5.1478,6.878,Maize,RV15M,,,1.14,3.24,0,0,4.38,NAFDAC Market Survey Sample 2012
16,02-Feb-12,,2012,Rivers, Obio/Akpor,,,4.8776,7.0283,Maize,RV16M,,,2.83,0,0,0,2.83,NAFDAC Market Survey Sample 2012
17,02-Feb-12,,2012,Rivers,Khana,,,4.6476,7.3949,Maize,RV17M,,,6.68,2.05,3.15,0.35,12.23,NAFDAC Market Survey Sample 2012
18,02-Feb-12,,2012,Rivers,Khana,,,4.6476,7.3949,Maize,RV18M,,,5.37,0,0.8,3.62,9.79,NAFDAC Market Survey Sample 2012
19,02-Feb-12,,2012,Rivers,Oyigbo,,,4.8812,7.1326,Maize,RV19M,,,3.58,0,0,0,3.58,NAFDAC Market Survey Sample 2012
20,02-Feb-12,,2012,Rivers,Port Harcourt,,,4.8472,6.9746,Maize,RV20M,,,4.9,1.4,0.69,1.19,8.18,NAFDAC Market Survey Sample 2012
21,02-Feb-12,,2012,Rivers,Asari Toru,,,4.7456,6.8458,Maize,RV21M,,,7.24,0,1.44,13.4,22.08,NAFDAC Market Survey Sample 2012
22,02-Feb-12,,2012,Rivers,Tai,,,4.7518,7.2437,Maize,RV22M,,,8.63,0,2.73,0.5,11.86,NAFDAC Market Survey Sample 2012
23,02-Feb-12,,2012,Rivers,Ikwerre,,,5.1478,6.878,Maize,RV23M,,,3.54,0,7.66,4.38,15.58,NAFDAC Market Survey Sample 2012
24,02-Feb-12,,2012,Rivers,Ikwerre,,,5.1478,6.878,Maize,RV24M,,,3.86,0,0,0,3.86,NAFDAC Market Survey Sample 2012
25,02-Feb-12,,2012,Rivers,Khana,,,4.6476,7.3949,Maize,RV25M,,,1.56,0,0,0,1.56,NAFDAC Market Survey Sample 2012
26,02-Feb-12,,2012,Rivers,Ahoada East,,,5.0468,6.6424,Maize,RV26M,,,5.07,0,0,0,5.07,NAFDAC Market Survey Sample 2012
27,02-Feb-12,,2012,Rivers,Emohua,,,4.8851,6.8612,Maize,RV27M,,,3.76,0,0,0,3.76,NAFDAC Market Survey Sample 2012
28,02-Feb-12,,2012,Rivers,Emohua,,,4.8851,6.8612,Maize,RV28M,,,3.24,6.94,0,0,10.18,NAFDAC Market Survey Sample 2012
29,02-Feb-12,,2012,Rivers,Eleme,,,4.7939,7.1575,Maize,RV29M,,,5.86,0.89,1.14,2.86,10.75,NAFDAC Market Survey Sample 2012
30,02-Feb-12,,2012,Rivers,Tai,,,4.7518,7.2437,Maize,RV30M,,,1.75,0,0,0,1.75,NAFDAC Market Survey Sample 2012
31,02-Feb-12,,2012,Rivers,Ogba-Egbema-Ndoni,,,5.3998,6.6211,Maize,RV31M,,,0,0,0,0,0,NAFDAC Market Survey Sample 2012
32,02-Feb-12,,2012,Rivers,Gokana,,,4.6692,7.2869,Maize,RV32M,,,0,0,0,0,0,NAFDAC Market Survey Sample 2012
33,02-Feb-12,,2012,Rivers,Tai,,,4.7518,7.2437,Maize,RV33M,,,11.17,17.28,3.22,1.87,33.54,NAFDAC Market Survey Sample 2012
34,02-Feb-12,,2012,Rivers,Obio/Akpr,,,4.8776,7.0283,Maize,RV34M,,,5.76,1.51,4.21,1.21,12.69,NAFDAC Market Survey Sample 2012
35,02-Feb-12,,2012,Rivers,Degema,,,4.7554,6.7668,Maize,RV35M,,,1.46,3.2,0,0,4.66,NAFDAC Market Survey Sample 2012
36,02-Feb-12,,2012,Rivers,Eleme,,,4.7939,7.1575,Maize,RV36M,,,0,0,0,0,0,NAFDAC Market Survey Sample 2012
37,02-Feb-12,,2012,Rivers,Degema,,,4.7554,6.7668,Maize,RV37M,,,0,0,0,0,0,NAFDAC Market Survey Sample 2012
38,02-Feb-12,,2012,Rivers,Akuku Toru,,,4.6138,6.6638,Maize,RV38M,,,2.32,1.7,0,0,4.02,NAFDAC Market Survey Sample 2012
39,02-Feb-12,,2012,Rivers,Eleme,,,4.7939,7.1575,Maize,RV39M,,,0,0,0,0,0,NAFDAC Market Survey Sample 2012
40,02-Feb-12,,2012,Rivers,Emohua,,,4.8851,6.8612,Maize,RV40M,,,0,0,0,0,0,NAFDAC Market Survey Sample 2012
41,02-Feb-12,,2012,Rivers,Akuku Toru,,,4.6138,6.6638,Maize,RV41M,,,2.48,3.53,2.98,1.58,10.57,NAFDAC Market Survey Sample 2012
42,02-Feb-12,,2012,Rivers,Etche,,,5.0632,7.0498,Maize,RV42M,,,3.03,2.95,8.27,1.19,15.44,NAFDAC Market Survey Sample 2012
43,02-Feb-12,,2012,Rivers,Degema,,,4.7554,6.7668,Maize,RV43M,,,4.39,0,0,0,4.39,NAFDAC Market Survey Sample 2012
44,02-Feb-12,,2012,Rivers,Asari Toru,,,4.7456,6.8458,Maize,RV44M,,,4.12,3.29,0,0,7.41,NAFDAC Market Survey Sample 2012
45,02-Feb-12,,2012,Rivers,Obio/Akpr,,,4.8776,7.0283,Maize,RV45M,,,3.52,2.9,1.41,0,7.83,NAFDAC Market Survey Sample 2012
701,Not reported,,2013,ANAMBRA,AWKA,,,6.222,7.0821,MAIZE,AN1453M-2,,,0,0,0,0,0,NAFDAC Market Survey Sample 2013
702,Not reported,,2013,ANAMBRA,AWKA,,,6.222,7.0821,MAIZE,AN1454M-2,,,2.62,0,0,0,2.62,NAFDAC Market Survey Sample 2013
703,Not reported,,2013,ANAMBRA,AWKA,,,6.222,7.0821,MAIZE,AN1455M-2,,,13.27,0.82,0,0,14.08,NAFDAC Market Survey Sample 2013
704,Not reported,,2013,ANAMBRA,OYI,,,6.2196,6.8619,MAIZE,AN1456M-2,,,9.76,0,0,0,9.76,NAFDAC Market Survey Sample 2013
705,Not reported,,2013,ANAMBRA,OYI,,,6.2196,6.8619,MAIZE,AN1457M-2,,,1.1,0,0,0,1.1,NAFDAC Market Survey Sample 2013
706,Not reported,,2013,ANAMBRA,OYI,,,6.2196,6.8619,MAIZE,AN1458M-2,,,3.61,0,0,0,3.61,NAFDAC Market Survey Sample 2013
707,Not reported,,2013,ANAMBRA,AWKA NORTH,,,6.2636,7.1252,MAIZE,AN1459M-2,,,7.92,0,8,2.19,18.1,NAFDAC Market Survey Sample 2013
708,Not reported,,2013,ANAMBRA,AWKA NORTH,,,6.2636,7.1252,MAIZE,AN1460M-2,,,10.32,0.84,0,0,11.16,NAFDAC Market Survey Sample 2013
709,Not reported,,2013,ANAMBRA,AWKA NORTH,,,6.2636,7.1252,MAIZE,AN1461M-2,,,3.11,0,0,0,3.11,NAFDAC Market Survey Sample 2013
710,Not reported,,2013,ANAMBRA,ONITHSHA SOUTH,,,6.1364,6.7762,MAIZE,AN1462M-2,,,27.92,2.16,0,0,30.08,NAFDAC Market Survey Sample 2013
711,Not reported,,2013,ANAMBRA,ONITHSHA SOUTH,,,6.1364,6.7762,MAIZE,AN1463M-2,,,3.41,0,0,0,3.41,NAFDAC Market Survey Sample 2013
712,Not reported,,2013,ANAMBRA,ONITHSHA SOUTH,,,6.1364,6.7762,MAIZE,AN1464M-2,,,2.09,0,0,0,2.09,NAFDAC Market Survey Sample 2013
713,Not reported,,2013,ANAMBRA,ANAMBRA EAST,,,6.3093,6.8673,MAIZE,AN1465M-2,,,25.36,2.99,6.12,2.01,36.47,NAFDAC Market Survey Sample 2013
714,Not reported,,2013,ANAMBRA,ANAMBRA EAST,,,6.3093,6.8673,MAIZE,AN1466M-2,,,6.59,0,0,0,6.59,NAFDAC Market Survey Sample 2013
715,Not reported,,2013,ANAMBRA,ANAMBRA EAST,,,6.3093,6.8673,MAIZE,AN1467M-2,,,2.52,0,0,0,2.52,NAFDAC Market Survey Sample 2013
716,Not reported,,2013,ANAMBRA,IHIALA,,,5.8516,6.8512,MAIZE,AN1468M-2,,,0,0,0,0,0,NAFDAC Market Survey Sample 2013
717,Not reported,,2013,ANAMBRA,IHIALA,,,5.8516,6.8512,MAIZE,AN1469M-2,,,2.71,0,0,0,2.71,NAFDAC Market Survey Sample 2013
718,Not reported,,2013,ANAMBRA,IHIALA,,,5.8516,6.8512,MAIZE,AN1470M-2,,,2.72,0,0,0,2.72,NAFDAC Market Survey Sample 2013
719,Not reported,,2013,ANAMBRA,AGUATA,,,6.0086,7.1009,MAIZE,AN1471M-2,,,1.41,0,0,0,1.41,NAFDAC Market Survey Sample 2013
720,Not reported,,2013,ANAMBRA,AGUATA,,,6.0086,7.1009,MAIZE,AN1472M-2,,,1.6,0,0,0,1.6,NAFDAC Market Survey Sample 2013
721,Not reported,,2013,ANAMBRA,AGUATA,,,6.0086,7.1009,MAIZE,AN1473M-2,,,0,0,0,0,0,NAFDAC Market Survey Sample 2013
722,Not reported,,2013,ANAMBRA,ONITHSHA NORTH,,,6.1624,6.8029,MAIZE,AN1474M-2,,,0,0,0,0,0,NAFDAC Market Survey Sample 2013
723,Not reported,,2013,ANAMBRA,ONITHSHA NORTH,,,6.1624,6.8029,MAIZE,AN1475M-2,,,16.19,1.55,0,0,17.73,NAFDAC Market Survey Sample 2013
724,Not reported,,2013,ANAMBRA,ONITHSHA NORTH,,,6.1624,6.8029,MAIZE,AN1476M-2,,,1.45,0,0,0,1.45,NAFDAC Market Survey Sample 2013
725,Not reported,,2013,ANAMBRA,ANAMBRA WEST ,,,6.4902,6.7922,MAIZE,AN1477M-2,,,5.46,1.88,0,0,7.33,NAFDAC Market Survey Sample 2013
726,Not reported,,2013,ANAMBRA,ANAMBRA WEST ,,,6.4902,6.7922,MAIZE,AN1478M-2,,,3.29,0,0,0,3.29,NAFDAC Market Survey Sample 2013
727,Not reported,,2013,ANAMBRA,ANAMBRA WEST ,,,6.4902,6.7922,MAIZE,AN1479M-2,,,44.77,3.36,11.79,2.33,62.25,NAFDAC Market Survey Sample 2013
728,Not reported,,2013,ANAMBRA,EKWUSIGHO,,,5.9566,6.8512,MAIZE,AN1480M-2,,,1.12,0,0,0,1.12,NAFDAC Market Survey Sample 2013
729,Not reported,,2013,ANAMBRA,EKWUSIGHO,,,5.9566,6.8512,MAIZE,AN1481M-2,,,3.99,0,0,0,3.99,NAFDAC Market Survey Sample 2013
730,Not reported,,2013,ANAMBRA,EKWUSIGHO,,,5.9566,6.8512,MAIZE,AN1482M-2,,,16.76,0,22.13,2.19,41.09,NAFDAC Market Survey Sample 2013
731,Not reported,,2013,ANAMBRA,NNEWI NORTH,,,6.0137,6.9102,MAIZE,AN1483M-2,,,22.5,0,0,0,22.5,NAFDAC Market Survey Sample 2013
732,Not reported,,2013,ANAMBRA,NNEWI NORTH,,,6.0137,6.9102,MAIZE,AN1484M-2,,,20.67,0,0,0,20.67,NAFDAC Market Survey Sample 2013
733,Not reported,,2013,ANAMBRA,NNEWI NORTH,,,6.0137,6.9102,MAIZE,AN1485M-2,,,11.73,0,0,0,11.73,NAFDAC Market Survey Sample 2013
734,Not reported,,2013,ANAMBRA,IDEMILI SOUTH,,,6.0773,6.8673,MAIZE,AN1486M-2,,,26.18,12.58,0,0,38.77,NAFDAC Market Survey Sample 2013
735,Not reported,,2013,ANAMBRA,IDEMILI SOUTH,,,6.0773,6.8673,MAIZE,AN1487M-2,,,0,0,0,0,0,NAFDAC Market Survey Sample 2013
736,Not reported,,2013,ANAMBRA,IDEMILI SOUTH,,,6.0773,6.8673,MAIZE,AN1488M-2,,,31.89,3.71,0,0,35.6,NAFDAC Market Survey Sample 2013
737,Not reported,,2013,ANAMBRA,NNEWI SOUTH,,,5.9602,6.9853,MAIZE,AN1489M-2,,,81.28,12.28,0,0,93.56,NAFDAC Market Survey Sample 2013
738,Not reported,,2013,ANAMBRA,NNEWI SOUTH,,,5.9602,6.9853,MAIZE,AN1490M-2,,,21.78,0,0,0,21.78,NAFDAC Market Survey Sample 2013
739,Not reported,,2013,ANAMBRA,NNEWI SOUTH,,,5.9602,6.9853,MAIZE,AN1491M-2,,,22.57,0,0,0,22.57,NAFDAC Market Survey Sample 2013
740,Not reported,,2013,ANAMBRA,NJIOKA,,,6.1784,6.988,MAIZE,AN1492M-2,,,17.48,0,0,0,17.48,NAFDAC Market Survey Sample 2013
741,Not reported,,2013,ANAMBRA,NJIOKA,,,6.1784,6.988,MAIZE,AN1493M-2,,,347.54,17.31,0,0,364.85,NAFDAC Market Survey Sample 2013
742,Not reported,,2013,ANAMBRA,NJIOKA,,,6.1784,6.988,MAIZE,AN1494M-2,,,12.97,0,0,0,12.97,NAFDAC Market Survey Sample 2013
743,Not reported,,2013,ANAMBRA,IDEMILI NORTH,,,6.1237,6.9478,MAIZE,AN1495M-2,,,8.8,0,0,0,8.8,NAFDAC Market Survey Sample 2013
744,Not reported,,2013,ANAMBRA,IDEMILI NORTH,,,6.1237,6.9478,MAIZE,AN1496M-2,,,22.27,2.99,0,0,25.26,NAFDAC Market Survey Sample 2013
745,Not reported,,2013,ANAMBRA,IDEMILI NORTH,,,6.1237,6.9478,MAIZE,AN1497M-2,,,18.71,0,0,0,18.71,NAFDAC Market Survey Sample 2013
296,14/11/2013,,2013,BAUCHI,DASS,,,9.9894,9.5006,MAIZE,BA633M-2,,,0,0,0,0,0,NAFDAC Market Survey Sample 2013
297,14/11/2013,,2013,BAUCHI,DASS,,,9.9894,9.5006,MAIZE,BA634M-2,,,0,0,0,0,0,NAFDAC Market Survey Sample 2013
298,14/11/2013,,2013,BAUCHI,DASS,,,9.9894,9.5006,MAIZE,BA635M-2,,,0,0,0,0,0,NAFDAC Market Survey Sample 2013
299,14/11/2013,,2013,BAUCHI,DAMBAM,,,11.6795,10.707,MAIZE,BA636M-2,,,152.57,6.21,0,0,158.78,NAFDAC Market Survey Sample 2013
300,14/11/2013,,2013,BAUCHI,DAMBAM,,,11.6795,10.707,MAIZE,BA637M-2,,,0,0,0,0,0,NAFDAC Market Survey Sample 2013
301,14/11/2013,,2013,BAUCHI,DAMBAM,,,11.6795,10.707,MAIZE,BA638M-2,,,0,0,0,0,0,NAFDAC Market Survey Sample 2013
302,14/11/2013,,2013,BAUCHI,BAUCHI,,,10.306,9.8404,MAIZE,BA639M-2,,,0,0,0,0,0,NAFDAC Market Survey Sample 2013
303,14/11/2013,,2013,BAUCHI,BAUCHI,,,10.306,9.8404,MAIZE,BA640M-2,,,113.98,3.18,0,0,117.16,NAFDAC Market Survey Sample 2013
304,14/11/2013,,2013,BAUCHI,BAUCHI,,,10.306,9.8404,MAIZE,BA641M-2,,,0,0,0,0,0,NAFDAC Market Survey Sample 2013
305,14/11/2013,,2013,BAUCHI,NINGI,,,11.0716,9.5729,MAIZE,BA642M-2,,,0,0,0,0,0,NAFDAC Market Survey Sample 2013
306,14/11/2013,,2013,BAUCHI,NINGI,,,11.0716,9.5729,MAIZE,BA643M-2,,,0,0,0,0,0,NAFDAC Market Survey Sample 2013
307,14/11/2013,,2013,BAUCHI,NINGI,,,11.0716,9.5729,MAIZE,BA644M-2,,,0,0,0,0,0,NAFDAC Market Survey Sample 2013
308,14/11/2013,,2013,BAUCHI,JAMA'ARE,,,11.6697,9.9283,MAIZE,BA645M-2,,,0,0,0,0,0,NAFDAC Market Survey Sample 2013
309,14/11/2013,,2013,BAUCHI,JAMA'ARE,,,11.6697,9.9283,MAIZE,BA646M-2,,,0,0,0,0,0,NAFDAC Market Survey Sample 2013
310,14/11/2013,,2013,BAUCHI,JAMA'ARE,,,11.6697,9.9283,MAIZE,BA647M-2,,,132.05,4.57,0,0,136.61,NAFDAC Market Survey Sample 2013
311,14/11/2013,,2013,BAUCHI,KIRFI,,,10.3562,10.5296,MAIZE,BA648M-2,,,0,0,0,0,0,NAFDAC Market Survey Sample 2013
312,14/11/2013,,2013,BAUCHI,KIRFI,,,10.3562,10.5296,MAIZE,BA649M-2,,,0,0,0,0,0,NAFDAC Market Survey Sample 2013
313,14/11/2013,,2013,BAUCHI,KIRFI,,,10.3562,10.5296,MAIZE,BA650M-2,,,32.15,0,0,0,32.15,NAFDAC Market Survey Sample 2013
314,14/11/2013,,2013,BAUCHI,GANJUWA,,,10.729,9.9912,MAIZE,BA651M-2,,,0,0,0,0,0,NAFDAC Market Survey Sample 2013
315,14/11/2013,,2013,BAUCHI,GANJUWA,,,10.729,9.9912,MAIZE,BA652M-2,,,0,0,0,0,0,NAFDAC Market Survey Sample 2013
316,14/11/2013,,2013,BAUCHI,GANJUWA,,,10.729,9.9912,MAIZE,BA653M-2,,,13.93,0,0,0,13.93,NAFDAC Market Survey Sample 2013
317,14/11/2013,,2013,BAUCHI,KATAGUN,,,12.2857,10.3484,MAIZE,BA654M-2,,,0,0,0,0,0,NAFDAC Market Survey Sample 2013
318,14/11/2013,,2013,BAUCHI,KATAGUN,,,12.2857,10.3484,MAIZE,BA655M-2,,,0,0,0,0,0,NAFDAC Market Survey Sample 2013
319,14/11/2013,,2013,BAUCHI,KATAGUN,,,12.2857,10.3484,MAIZE,BA656M-2,,,0,0,0,0,0,NAFDAC Market Survey Sample 2013
320,14/11/2013,,2013,BAUCHI,WARJI,,,11.1805,9.7539,MAIZE,BA657M-2,,,0,0,0,0,0,NAFDAC Market Survey Sample 2013
321,14/11/2013,,2013,BAUCHI,WARJI,,,11.1805,9.7539,MAIZE,BA658M-2,,,0,0,0,0,0,NAFDAC Market Survey Sample 2013
322,14/11/2013,,2013,BAUCHI,WARJI,,,11.1805,9.7539,MAIZE,BA659M-2,,,0,0,0,0,0,NAFDAC Market Survey Sample 2013
323,14/11/2013,,2013,BAUCHI,ALKA LERI,,,9.8263,10.5296,MAIZE,BA660M-2,,,0,0,0,0,0,NAFDAC Market Survey Sample 2013
324,14/11/2013,,2013,BAUCHI,ALKA LERI,,,9.8263,10.5296,MAIZE,BA661M-2,,,0,0,0,0,0,NAFDAC Market Survey Sample 2013
325,14/11/2013,,2013,BAUCHI,ALKA LERI,,,9.8263,10.5296,MAIZE,BA662M-2,,,0,0,0,0,0,NAFDAC Market Survey Sample 2013
326,14/11/2013,,2013,BAUCHI,TAFAWA-BALEWA,,,9.756,9.756,MAIZE,BA663M-2,,,173.81,4.02,0,0,177.83,NAFDAC Market Survey Sample 2013
327,14/11/2013,,2013,BAUCHI,TAFAWA-BALEWA,,,9.756,9.756,MAIZE,BA664M-2,,,149.73,2.27,0,0,151.99,NAFDAC Market Survey Sample 2013
328,14/11/2013,,2013,BAUCHI,TAFAWA-BALEWA,,,9.756,9.756,MAIZE,BA665M-2,,,0,0,0,0,0,NAFDAC Market Survey Sample 2013
329,14/11/2013,,2013,BAUCHI,GIADE,,,11.3882,10.1973,MAIZE,BA666M-2,,,0,0,0,0,0,NAFDAC Market Survey Sample 2013
330,14/11/2013,,2013,BAUCHI,GIADE,,,11.3882,10.1973,MAIZE,BA667M-2,,,2.71,0,0,0,2.71,NAFDAC Market Survey Sample 2013
331,14/11/2013,,2013,BAUCHI,GIADE,,,11.3882,10.1973,MAIZE,BA668M-2,,,5.14,0,0,0,5.14,NAFDAC Market Survey Sample 2013
332,14/11/2013,,2013,BAUCHI,SHIRA,,,11.4615,10.0457,MAIZE,BA669M-2,,,25.89,0,0,0,25.89,NAFDAC Market Survey Sample 2013
333,14/11/2013,,2013,BAUCHI,SHIRA,,,11.4615,10.0457,MAIZE,BA670M-2,,,2.58,0,0,0,2.58,NAFDAC Market Survey Sample 2013
334,14/11/2013,,2013,BAUCHI,SHIRA,,,11.4615,10.0457,MAIZE,BA671M-2,,,10.81,0,0,0,10.81,NAFDAC Market Survey Sample 2013
335,14/11/2013,,2013,BAUCHI,MISAU,,,11.314,10.4652,MAIZE,BA672M-2,,,9.28,1.09,0,0,10.37,NAFDAC Market Survey Sample 2013
336,14/11/2013,,2013,BAUCHI,MISAU,,,11.314,10.4652,MAIZE,BA673M-2,,,3.66,0,0,0,3.66,NAFDAC Market Survey Sample 2013
337,14/11/2013,,2013,BAUCHI,MISAU,,,11.314,10.4652,MAIZE,BA674M-2,,,3.55,0,0,0,3.55,NAFDAC Market Survey Sample 2013
338,14/11/2013,,2013,BAUCHI,ITAS-GADAU,,,11.9343,10.1255,MAIZE,BA675M-2,,,2.87,0,0,0,2.87,NAFDAC Market Survey Sample 2013
339,14/11/2013,,2013,BAUCHI,ITAS-GADAU,,,11.9343,10.1255,MAIZE,BA676M-2,,,22.4,1.65,0,0,24.05,NAFDAC Market Survey Sample 2013
340,14/11/2013,,2013,BAUCHI,ITAS-GADAU,,,11.9343,10.1255,MAIZE,BA677M-2,,,6.19,0,0,0,6.19,NAFDAC Market Survey Sample 2013
250,13/11/2013,,2013,BENUE,ADO,,,7.7821,7.6206,MAIZE,BN543M-2,,,0,0,0,0,0,NAFDAC Market Survey Sample 2013
251,13/11/2013,,2013,BENUE,ADO,,,7.7821,7.6206,MAIZE,BN544M-2,,,4.65,3.39,0,0,8.04,NAFDAC Market Survey Sample 2013
252,13/11/2013,,2013,BENUE,ADO,,,7.7821,7.6206,MAIZE,BN545M-2,,,1.74,0,3.69,0,5.44,NAFDAC Market Survey Sample 2013
253,13/11/2013,,2013,BENUE,ADO,,,7.7821,7.6206,MAIZE,BN546M-2,,,1.42,0.99,0,0,2.4,NAFDAC Market Survey Sample 2013
254,13/11/2013,,2013,BENUE,VANDEIKYA,,,6.7835,9.0695,MAIZE,BN547M-2,,,0,0,0,0,0,NAFDAC Market Survey Sample 2013
255,13/11/2013,,2013,BENUE,VANDEIKYA,,,6.7835,9.0695,MAIZE,BN548M-2,,,0.25,0,0,0,0.25,NAFDAC Market Survey Sample 2013
256,13/11/2013,,2013,BENUE,OTUKPO,,,7.1909,8.1323,MAIZE,BN549M-2,,,1.39,0,0,0,1.39,NAFDAC Market Survey Sample 2013
257,13/11/2013,,2013,BENUE,OTUKPO,,,7.1909,8.1323,MAIZE,BN550M-2,,,0.65,0,5.57,1.96,8.18,NAFDAC Market Survey Sample 2013
258,13/11/2013,,2013,BENUE,OTUKPO,,,7.1909,8.1323,MAIZE,BN551M-2,,,0.46,0,0,0,0.46,NAFDAC Market Survey Sample 2013
259,13/11/2013,,2013,BENUE,OKPOKWU,,,7.0701,7.0701,MAIZE,BN552M-2,,,0.76,0,0,0,0.76,NAFDAC Market Survey Sample 2013
260,13/11/2013,,2013,BENUE,OKPOKWU,,,7.0701,7.0701,MAIZE,BN553M-2,,,3.43,1.38,1.77,0,6.58,NAFDAC Market Survey Sample 2013
261,12/11/2013,,2013,BENUE,OHIMINI,,,7.2396,7.9157,MAIZE,BN554M-2,,,1.46,0,0,0,1.46,NAFDAC Market Survey Sample 2013
262,12/11/2013,,2013,BENUE,OHIMINI,,,7.2396,7.9157,MAIZE,BN555M-2,,,0.69,0,0,0,0.69,NAFDAC Market Survey Sample 2013
263,12/11/2013,,2013,BENUE,OHIMINI,,,7.2396,7.9157,MAIZE,BN556M-2,,,5.36,0,21.68,4.68,31.72,NAFDAC Market Survey Sample 2013
264,12/11/2013,,2013,BENUE,OHIMINI,,,7.2396,7.9157,MAIZE,BN557M-2,,,0.54,0,0,0,0.54,NAFDAC Market Survey Sample 2013
265,12/11/2013,,2013,BENUE,GWAR EAST,,,7.4,8.5,MAIZE,BN558M-2,,,1.57,0,0,0,1.57,NAFDAC Market Survey Sample 2013
266,12/11/2013,,2013,BENUE,GWAR EAST,,,7.4,8.5,MAIZE,BN559M-2,,,0.57,0,0,0,0.57,NAFDAC Market Survey Sample 2013
267,12/11/2013,,2013,BENUE,GWAR EAST,,,7.4,8.5,MAIZE,BN560M-2,,,1.76,0,0,0,1.76,NAFDAC Market Survey Sample 2013
268,12/11/2013,,2013,BENUE,GWAR EAST,,,7.4,8.5,MAIZE,BN561M-2,,,1.31,0,0,0,1.31,NAFDAC Market Survey Sample 2013
269,13/11/2013,,2013,BENUE,USHONGO,,,6.947,9.255,MAIZE,BN562M-2,,,0.49,0,0,0,0.49,NAFDAC Market Survey Sample 2013
270,13/11/2013,,2013,BENUE,USHONGO,,,6.947,9.255,MAIZE,BN563M-2,,,0.27,0,0,0,0.27,NAFDAC Market Survey Sample 2013
271,13/11/2013,,2013,BENUE,USHONGO,,,6.947,9.255,MAIZE,BN564M-2,,,0,0,0,0,0,NAFDAC Market Survey Sample 2013
272,13/11/2013,,2013,BENUE,MAKURDI,,,7.7322,8.5391,MAIZE,BN565M-2,,,3.63,2.37,2.77,0,8.77,NAFDAC Market Survey Sample 2013
273,12/11/2013,,2013,BENUE,GBOKO,,,7.3368,9.0018,MAIZE,BN566M-2,,,0.61,0,0,0,0.61,NAFDAC Market Survey Sample 2013
274,12/11/2013,,2013,BENUE,GBOKO,,,7.3368,9.0018,MAIZE,BN567M-2,,,0,0,0,0,0,NAFDAC Market Survey Sample 2013
275,12/11/2013,,2013,BENUE,GBOKO,,,7.3368,9.0018,MAIZE,BN568M-2,,,0.96,0,0,0,0.96,NAFDAC Market Survey Sample 2013
276,12/11/2013,,2013,BENUE,GUMA,,,7.9541,8.7481,MAIZE,BN569M-2,,,0,0,0,0,0,NAFDAC Market Survey Sample 2013
277,12/11/2013,,2013,BENUE,GUMA,,,7.9541,8.7481,MAIZE,BN570M-2,,,0.49,0,0,0,0.49,NAFDAC Market Survey Sample 2013
278,12/11/2013,,2013,BENUE,GUMA,,,7.9541,8.7481,MAIZE,BN571M-2,,,4.65,2.74,2.33,1.38,11.1,NAFDAC Market Survey Sample 2013
279,12/11/2013,,2013,BENUE,GUMA,,,7.9541,8.7481,MAIZE,BN572M-2,,,1.22,0,1.89,0,3.11,NAFDAC Market Survey Sample 2013
280,12/11/2013,,2013,BENUE,KATSINA ALA,,,7.1658,9.2841,MAIZE,BN573M-2,,,0.29,0,0,0,0.29,NAFDAC Market Survey Sample 2013
281,12/11/2013,,2013,BENUE,KATSINA ALA,,,7.1658,9.2841,MAIZE,BN574M-2,,,0.32,0,0,0,0.32,NAFDAC Market Survey Sample 2013
282,12/11/2013,,2013,BENUE,KONSHI SHA,,,7.5747,9.1003,MAIZE,BN575M-2,,,0.57,0,0,0,0.57,NAFDAC Market Survey Sample 2013
283,12/11/2013,,2013,BENUE,KONSHI SHA,,,7.5747,9.1003,MAIZE,BN576M-2,,,0.93,0,0,0,0.93,NAFDAC Market Survey Sample 2013
284,12/11/2013,,2013,BENUE,KONSHI SHA,,,7.5747,9.1003,MAIZE,BN577M-2,,,2.23,1.62,0,0,3.85,NAFDAC Market Survey Sample 2013
285,13/11/2013,,2013,BENUE,ADO,,,7.7821,7.6206,MAIZE,BN578M-2,,,2.04,0,0,0,2.04,NAFDAC Market Survey Sample 2013
286,13/11/2013,,2013,BENUE,KWANDE,,,6.9126,9.4562,MAIZE,BN579M-2,,,1.94,0,5.14,0,7.08,NAFDAC Market Survey Sample 2013
287,13/11/2013,,2013,BENUE,KWANDE,,,6.9126,9.4562,MAIZE,BN580M-2,,,1.36,0,0,0,1.36,NAFDAC Market Survey Sample 2013
288,12/11/2013,,2013,BENUE,OJU,,,6.8398,8.415,MAIZE,BN581M-2,,,0.56,0,0,0,0.56,NAFDAC Market Survey Sample 2013
289,12/11/2013,,2013,BENUE,OJU,,,6.8398,8.415,MAIZE,BN582M-2,,,0.32,0,0,0,0.32,NAFDAC Market Survey Sample 2013
290,12/11/2013,,2013,BENUE,,,,7.3369,8.7404,MAIZE,BN583M-2,,,0.58,0,0,0,0.58,NAFDAC Market Survey Sample 2013
291,12/11/2013,,2013,BENUE,,,,7.3369,8.7404,MAIZE,BN584M-2,,,0.54,0,0,0,0.54,NAFDAC Market Survey Sample 2013
292,13/11/2013,,2013,BENUE,MAKURDI,,,7.7322,8.5391,MAIZE,BN585M-2,,,0.23,0,0,0,0.23,NAFDAC Market Survey Sample 2013
293,13/11/2013,,2013,BENUE,OKPOKWU,,,7.0701,7.0701,MAIZE,BN586M-2,,,2.33,0,2.93,0,5.26,NAFDAC Market Survey Sample 2013
294,12/11/2013,,2013,BENUE,,,,7.0701,7.0701,MAIZE,BN587M-2,,,0.26,0,0,0,0.26,NAFDAC Market Survey Sample 2013
295,13/11/2013,,2013,BENUE,OKPOKWU,,,7.0701,7.0701,MAIZE,BN588M-2,,,0.39,0,0,0,0.39,NAFDAC Market Survey Sample 2013
524,Not reported,,2013,BORNO,ABADAM,,,13.6182,13.2649,MAIZE,BR1092M-2,,,7.8,0,0,0,7.8,NAFDAC Market Survey Sample 2013
525,Not reported,,2013,BORNO,NGANZAI,,,12.5736,13.0818,MAIZE,BR1093M-2,,,0,0,0,0,0,NAFDAC Market Survey Sample 2013
526,Not reported,,2013,BORNO,HAWUL,,,10.4676,12.3464,MAIZE,BR1094M-2,,,0.81,0,0,0,0.81,NAFDAC Market Survey Sample 2013
527,Not reported,,2013,BORNO,KONDUGA,,,11.6549,13.4197,MAIZE,BR1095M-2,,,2.62,0,0,0,2.62,NAFDAC Market Survey Sample 2013
528,Not reported,,2013,BORNO,ASKIRA UBA,,,10.6563,13.1279,MAIZE,BR1096M-2,,,2.69,0,0,0,2.69,NAFDAC Market Survey Sample 2013
529,Not reported,,2013,BORNO,KALA BALGE,,,12.0825,14.4672,MAIZE,BR1097M-2,,,2.18,0,0,0,2.18,NAFDAC Market Survey Sample 2013
530,Not reported,,2013,BORNO,BAMA,,,11.5218,13.6884,MAIZE,BR1098M-2,,,3.81,0,0,0,3.81,NAFDAC Market Survey Sample 2013
531,Not reported,,2013,BORNO,MMC,,,11.8372,13.1542,MAIZE,BR1099M-2,,,7.73,0,0,0,7.73,NAFDAC Market Survey Sample 2013
532,Not reported,,2013,BORNO,GWOZA,,,11.8372,13.1542,MAIZE,BR1100M-2,,,27.46,1.11,0,0,28.56,NAFDAC Market Survey Sample 2013
533,Not reported,,2013,BORNO,GUBIO,,,11.8372,13.1542,MAIZE,BR1101M-2,,,2.79,0,0,0,2.79,NAFDAC Market Survey Sample 2013
534,Not reported,,2013,BORNO,BAMA,,,11.8372,13.1542,MAIZE,BR1102M-2,,,0,0,0,0,0,NAFDAC Market Survey Sample 2013
535,Not reported,,2013,BORNO,ABADAM,,,11.8372,13.1542,MAIZE,BR1103M-2,,,13.13,0.68,0,0,13.81,NAFDAC Market Survey Sample 2013
536,Not reported,,2013,BORNO,GUBIO,,,11.8372,13.1542,MAIZE,BR1104M-2,,,3.08,0,0,0,3.08,NAFDAC Market Survey Sample 2013
537,Not reported,,2013,BORNO,DIKWA,,,11.8372,13.1542,MAIZE,BR1105M-2,,,1.09,0,0,0,1.09,NAFDAC Market Survey Sample 2013
538,Not reported,,2013,BORNO,GWOZA,,,11.8372,13.1542,MAIZE,BR1106M-2,,,0,0,0,0,0,NAFDAC Market Survey Sample 2013
539,Not reported,,2013,BORNO,KONDUGA,,,11.8372,13.1542,MAIZE,BR1107M-2,,,1.63,0,0,0,1.63,NAFDAC Market Survey Sample 2013
540,Not reported,,2013,BORNO,HAWUL,,,11.8372,13.1542,MAIZE,BR1108M-2,,,3.66,0,0,0,3.66,NAFDAC Market Survey Sample 2013
541,Not reported,,2013,BORNO,ASKIRA UBA,,,11.8372,13.1542,MAIZE,BR1109M-2,,,1.41,0,0,0,1.41,NAFDAC Market Survey Sample 2013
542,Not reported,,2013,BORNO,MMC,,,11.8372,13.1542,MAIZE,BR1110M-2,,,4.94,0,0,0,4.94,NAFDAC Market Survey Sample 2013
543,Not reported,,2013,BORNO,MONGUNO,,,11.8372,13.1542,MAIZE,BR1111M-2,,,10.19,0,0,0,10.19,NAFDAC Market Survey Sample 2013
544,Not reported,,2013,BORNO,NGANZAI,,,11.8372,13.1542,MAIZE,BR1112M-2,,,5.41,0,0,0,5.41,NAFDAC Market Survey Sample 2013
545,Not reported,,2013,BORNO,MAFA,,,11.8372,13.1542,MAIZE,BR1113M-2,,,1.56,0,0,0,1.56,NAFDAC Market Survey Sample 2013
546,Not reported,,2013,BORNO,BIU,,,11.8372,13.1542,MAIZE,BR1114M-2,,,3.28,0,0,0,3.28,NAFDAC Market Survey Sample 2013
547,Not reported,,2013,BORNO,BAMA,,,11.8372,13.1542,MAIZE,BR1115M-2,,,1.85,0,0,0,1.85,NAFDAC Market Survey Sample 2013
548,Not reported,,2013,BORNO,NGANZAI,,,11.8372,13.1542,MAIZE,BR1116M-2,,,4.04,0,0,0,4.04,NAFDAC Market Survey Sample 2013
549,Not reported,,2013,BORNO,ABADAM,,,11.8372,13.1542,MAIZE,BR1117M-2,,,3.16,0,0,0,3.16,NAFDAC Market Survey Sample 2013
550,Not reported,,2013,BORNO,GUBIO,,,11.8372,13.1542,MAIZE,BR1118M-2,,,2.71,0,0,0,2.71,NAFDAC Market Survey Sample 2013
551,Not reported,,2013,BORNO,ASKIRA UBA,,,11.8372,13.1542,MAIZE,BR1119M-2,,,2.22,0,0,0,2.22,NAFDAC Market Survey Sample 2013
552,Not reported,,2013,BORNO,BIU,,,11.8372,13.1542,MAIZE,BR1120M-2,,,59,4.04,0,0,63.04,NAFDAC Market Survey Sample 2013
553,Not reported,,2013,BORNO,MMC,,,11.8372,13.1542,MAIZE,BR1121M-2,,,1.26,0,0,0,1.26,NAFDAC Market Survey Sample 2013
554,Not reported,,2013,BORNO,GWOZA,,,11.0897,13.6884,MAIZE,BR1122M-2,,,2.33,0,0,0,2.33,NAFDAC Market Survey Sample 2013
555,Not reported,,2013,BORNO,KONDUGA,,,11.6549,13.4197,MAIZE,BR1123M-2,,,74.64,4.53,0,0,79.17,NAFDAC Market Survey Sample 2013
556,Not reported,,2013,BORNO,DAMBOA,,,11.1561,12.7566,MAIZE,BR1124M-2,,,1.49,0,0,0,1.49,NAFDAC Market Survey Sample 2013
557,Not reported,,2013,BORNO,DAMBOA,,,11.1561,12.7566,MAIZE,BR1125M-2,,,0,0,0,0,0,NAFDAC Market Survey Sample 2013
558,Not reported,,2013,BORNO,KALA BALGE,,,12.0825,14.4672,MAIZE,BR1126M-2,,,4.06,0,0,0,4.06,NAFDAC Market Survey Sample 2013
559,Not reported,,2013,BORNO,DIKWA,,,12.042,13.9173,MAIZE,BR1127M-2,,,11.66,0,0,0,11.66,NAFDAC Market Survey Sample 2013
560,Not reported,,2013,BORNO,BIU,,,10.6117,12.1919,MAIZE,BR1128M-2,,,12.8,0.98,0,0,13.78,NAFDAC Market Survey Sample 2013
561,Not reported,,2013,BORNO,MAFA,,,11.924,13.5987,MAIZE,BR1129M-2,,,2.69,0,0,0,2.69,NAFDAC Market Survey Sample 2013
562,Not reported,,2013,BORNO,HAWUL,,,10.4676,12.3464,MAIZE,BR1130M-2,,,1.87,0,0,0,1.87,NAFDAC Market Survey Sample 2013
563,Not reported,,2013,BORNO,DIKWA,,,12.042,13.9173,MAIZE,BR1131M-2,,,1.73,0,0,0,1.73,NAFDAC Market Survey Sample 2013
564,Not reported,,2013,BORNO,MONGUNO,,,12.6729,13.616,MAIZE,BR1132M-2,,,1.25,0,0,0,1.25,NAFDAC Market Survey Sample 2013
565,Not reported,,2013,BORNO,MONGUNO,,,12.6729,13.616,MAIZE,BR1133M-2,,,2.15,0,0,0,2.15,NAFDAC Market Survey Sample 2013
566,Not reported,,2013,BORNO,DAMBOA,,,11.1561,12.7566,MAIZE,BR1134M-2,,,5.61,0,0,0,5.61,NAFDAC Market Survey Sample 2013
567,Not reported,,2013,BORNO,,,,11.8846,13.152,MAIZE,BR1135M-2,,,1.16,0,0,0,1.16,NAFDAC Market Survey Sample 2013
568,Not reported,,2013,BORNO,,,,11.8846,13.152,MAIZE,BR1136M-2,,,3.62,0,0,0,3.62,NAFDAC Market Survey Sample 2013
657,Not reported,,2013,DELTA,ANIOCHA SOUTH,,,6.1562,6.4503,MAIZE,DT1363M-2,,,0,0,0,0,0,NAFDAC Market Survey Sample 2013
658,Not reported,,2013,DELTA,ANIOCHA SOUTH,,,6.1562,6.4503,MAIZE,DT1364M-2,,,0,0,0,0,0,NAFDAC Market Survey Sample 2013
659,Not reported,,2013,DELTA,ANIOCHA SOUTH,,,6.1562,6.4503,MAIZE,DT1365M-2,,,0,0,0,0,0,NAFDAC Market Survey Sample 2013
660,Not reported,,2013,DELTA,IKA NORTH EAST,,,6.2213,6.3013,MAIZE,DT1366M-2,,,0,0,0,0,0,NAFDAC Market Survey Sample 2013
661,Not reported,,2013,DELTA,IKA NORTH EAST,,,6.2213,6.3013,MAIZE,DT1367M-2,,,0,0,0,0,0,NAFDAC Market Survey Sample 2013
662,Not reported,,2013,DELTA,IKA NORTH EAST,,,6.2213,6.3013,MAIZE,DT1368M-2,,,0,0,0,0,0,NAFDAC Market Survey Sample 2013
663,Not reported,,2013,DELTA,ANIOCHA NORTH,,,6.3461,6.4717,MAIZE,DT1369M-2,,,0,0,0,0,0,NAFDAC Market Survey Sample 2013
664,Not reported,,2013,DELTA,ANIOCHA NORTH,,,6.3461,6.4717,MAIZE,DT1370M-2,,,0,0,0,0,0,NAFDAC Market Survey Sample 2013
665,Not reported,,2013,DELTA,ANIOCHA NORTH,,,6.3461,6.4717,MAIZE,DT1371M-2,,,0,0,0,0,0,NAFDAC Market Survey Sample 2013
666,Not reported,,2013,DELTA,OSHIMILI NORTH,,,6.4077,6.6211,MAIZE,DT1372M-2,,,0,0,0,0,0,NAFDAC Market Survey Sample 2013
667,Not reported,,2013,DELTA,OSHIMILI NORTH,,,6.4077,6.6211,MAIZE,DT1373M-2,,,0,0,0,0,0,NAFDAC Market Survey Sample 2013
668,Not reported,,2013,DELTA,OSHIMILI NORTH,,,6.4077,6.6211,MAIZE,DT1374M-2,,,0,0,0,0,0,NAFDAC Market Survey Sample 2013
669,Not reported,,2013,DELTA,OSHIMILI SOUTH,,,6.0698,6.6211,MAIZE,DT1375M-2,,,0,0,0,0,0,NAFDAC Market Survey Sample 2013
670,Not reported,,2013,DELTA,OSHIMILI SOUTH,,,6.0698,6.6211,MAIZE,DT1376M-2,,,0.81,0,0,0,0.81,NAFDAC Market Survey Sample 2013
671,Not reported,,2013,DELTA,OSHIMILI SOUTH,,,6.0698,6.6211,MAIZE,DT1377M-2,,,0,0,0,0,0,NAFDAC Market Survey Sample 2013
672,Not reported,,2013,DELTA,ETHIOPE WEST,,,5.9323,5.751,MAIZE,DT1378M-2,,,0,0,0,0,0,NAFDAC Market Survey Sample 2013
673,Not reported,,2013,DELTA,ETHIOPE WEST,,,5.9323,5.751,MAIZE,DT1379M-2,,,0,0,0,0,0,NAFDAC Market Survey Sample 2013
674,Not reported,,2013,DELTA,ETHIOPE WEST,,,5.9323,5.751,MAIZE,DT1380M-2,,,0,0,0,0,0,NAFDAC Market Survey Sample 2013
675,Not reported,,2013,DELTA,SAPELE,,,5.8751,5.6931,MAIZE,DT1381M-2,,,0,0,0,0,0,NAFDAC Market Survey Sample 2013
676,Not reported,,2013,DELTA,SAPELE,,,5.8751,5.6931,MAIZE,DT1382M-2,,,6.93,2.48,0,0,9.41,NAFDAC Market Survey Sample 2013
677,Not reported,,2013,DELTA,SAPELE,,,5.8751,5.6931,MAIZE,DT1383M-2,,,0,0,0,0,0,NAFDAC Market Survey Sample 2013
678,Not reported,,2013,DELTA,UVWIE,,,5.565,5.7827,MAIZE,DT1384M-2,,,1.14,0,0,0,1.14,NAFDAC Market Survey Sample 2013
679,Not reported,,2013,DELTA,UVWIE,,,5.565,5.7827,MAIZE,DT1385M-2,,,0,0,0,0,0,NAFDAC Market Survey Sample 2013
680,Not reported,,2013,DELTA,UVWIE,,,5.565,5.7827,MAIZE,DT1386M-2,,,0,0,0,0,0,NAFDAC Market Survey Sample 2013
681,Not reported,,2013,DELTA,UDU,,,5.4704,5.8354,MAIZE,DT1388M-2,,,0,0,0,0,0,NAFDAC Market Survey Sample 2013
682,Not reported,,2013,DELTA,UDU,,,5.4704,5.8354,MAIZE,DT1389M-2,,,0,0,0,0,0,NAFDAC Market Survey Sample 2013
683,Not reported,,2013,DELTA,ETHIOPE EAST,,,5.6782,5.9621,MAIZE,DT1390M-2,,,0,0,0,0,0,NAFDAC Market Survey Sample 2013
684,Not reported,,2013,DELTA,ETHIOPE EAST,,,5.6782,5.9621,MAIZE,DT1391M-2,,,0,0,0,0,0,NAFDAC Market Survey Sample 2013
685,Not reported,,2013,DELTA,ETHIOPE EAST,,,5.6782,5.9621,MAIZE,DT1392M-2,,,0,0,0,0,0,NAFDAC Market Survey Sample 2013
686,Not reported,,2013,DELTA,WARRI NORTH,,,5.9593,5.1432,MAIZE,DT1393M-2,,,0,0,0,0,0,NAFDAC Market Survey Sample 2013
687,Not reported,,2013,DELTA,WARRI NORTH,,,5.9593,5.1432,MAIZE,DT1394M-2,,,0,0,0,0,0,NAFDAC Market Survey Sample 2013
688,Not reported,,2013,DELTA,WARRI NORTH,,,5.9593,5.1432,MAIZE,DT1395M-2,,,0,0,0,0,0,NAFDAC Market Survey Sample 2013
689,Not reported,,2013,DELTA,WARRI SOUTH,,,5.6609,5.6037,MAIZE,DT1396M-2,,,2.16,0,0,0,2.16,NAFDAC Market Survey Sample 2013
690,Not reported,,2013,DELTA,WARRI SOUTH,,,5.6609,5.6037,MAIZE,DT1397M-2,,,0,0,0,0,0,NAFDAC Market Survey Sample 2013
691,Not reported,,2013,DELTA,WARRI SOUTH,,,5.6609,5.6037,MAIZE,DT1398M-2,,,0,0,0,0,0,NAFDAC Market Survey Sample 2013
692,Not reported,,2013,DELTA,WARRI SOUTH WEST,,,5.5787,5.4359,MAIZE,DT1399M-2,,,0,0,0,0,0,NAFDAC Market Survey Sample 2013
693,Not reported,,2013,DELTA,WARRI SOUTH WEST,,,5.5787,5.4359,MAIZE,DT1400M-2,,,0,0,0,0,0,NAFDAC Market Survey Sample 2013
694,Not reported,,2013,DELTA,WARRI SOUTH WEST,,,5.5787,5.4359,MAIZE,DT1401M-2,,,2.31,0,0,0,2.31,NAFDAC Market Survey Sample 2013
695,Not reported,,2013,DELTA,ISOKO SOUTH,,,5.4043,6.1951,MAIZE,DT1402M-2,,,0,0,0,0,0,NAFDAC Market Survey Sample 2013
696,Not reported,,2013,DELTA,ISOKO SOUTH,,,5.4043,6.1951,MAIZE,DT1403M-2,,,33.82,16.31,0,0,50.13,NAFDAC Market Survey Sample 2013
697,Not reported,,2013,DELTA,ISOKO SOUTH,,,5.4043,6.1951,MAIZE,DT1404M-2,,,28.94,15.4,0,0,44.34,NAFDAC Market Survey Sample 2013
698,Not reported,,2013,DELTA,ISOKO NORTH,,,5.5919,6.2164,MAIZE,DT1405M-2,,,0,0,0,0,0,NAFDAC Market Survey Sample 2013
699,Not reported,,2013,DELTA,ISOKO NORTH,,,5.5919,6.2164,MAIZE,DT1406M-2,,,0,0,0,0,0,NAFDAC Market Survey Sample 2013
700,Not reported,,2013,DELTA,ISOKO NORTH,,,5.5919,6.2164,MAIZE,DT1407M-2,,,0,0,0,0,0,NAFDAC Market Survey Sample 2013
91,20/11/2013,,2013,EDO,ESAN SOUTH EAST,,,6.6214,6.493,MAIZE,ED181M-2,,,0.47,0,0,0,0.47,NAFDAC Market Survey Sample 2013
92,20/11/2013,,2013,EDO,ESAN SOUTH EAST,,,6.6214,6.493,MAIZE,ED182M-2,,,0,0,0,0,0,NAFDAC Market Survey Sample 2013
93,20/11/2013,,2013,EDO,ESAN SOUTH EAST,,,6.6214,6.493,MAIZE,ED183M-2,,,1.48,1.46,0,0,2.93,NAFDAC Market Survey Sample 2013
94,20/11/2013,,2013,EDO,OWAN WEST,,,6.9279,5.8565,MAIZE,ED184M-2,,,1.37,0,0,0,1.37,NAFDAC Market Survey Sample 2013
95,20/11/2013,,2013,EDO,OWAN WEST,,,6.9279,5.8565,MAIZE,ED185M-2,,,0,0,0,0,0,NAFDAC Market Survey Sample 2013
96,20/11/2013,,2013,EDO,OWAN WEST,,,6.9279,5.8565,MAIZE,ED186M-2,,,1.07,0,0,0,1.07,NAFDAC Market Survey Sample 2013
97,20/11/2013,,2013,EDO,ESAN NORTH EAST,,,6.7297,6.3439,MAIZE,ED187M-2,,,0,0,0,0,0,NAFDAC Market Survey Sample 2013
98,20/11/2013,,2013,EDO,ESAN NORTH EAST,,,6.7297,6.3439,MAIZE,ED188M-2,,,0,0,0,0,0,NAFDAC Market Survey Sample 2013
99,20/11/2013,,2013,EDO,ESAN NORTH EAST,,,6.7297,6.3439,MAIZE,ED189M-2,,,2.05,0,1.88,0,3.92,NAFDAC Market Survey Sample 2013
100,18/11/2013,,2013,EDO,EGOR,,,6.3671,5.5722,MAIZE,ED190M-2,,,0,0,0,0,0,NAFDAC Market Survey Sample 2013
101,18/11/2013,,2013,EDO,EGOR,,,6.3671,5.5722,MAIZE,ED191M-2,,,0,0,0,0,0,NAFDAC Market Survey Sample 2013
102,18/11/2013,,2013,EDO,EGOR,,,6.3671,5.5722,MAIZE,ED192M-2,,,0,0,0,0,0,NAFDAC Market Survey Sample 2013
103,20/11/2013,,2013,EDO,AKOKO EDO ,,,7.3533,6.1103,MAIZE,ED193M-2,,,0,0,0,0,0,NAFDAC Market Survey Sample 2013
104,20/11/2013,,2013,EDO,AKOKO EDO ,,,7.3533,6.1103,MAIZE,ED194M-2,,,0,0,0,0,0,NAFDAC Market Survey Sample 2013
105,20/11/2013,,2013,EDO,AKOKO EDO ,,,7.3533,6.1103,MAIZE,ED195M-2,,,1.04,0,0,0,1.04,NAFDAC Market Survey Sample 2013
106,20/11/2013,,2013,EDO,ORHIONMWON,,,6.1194,5.9833,MAIZE,ED196M-2,,,0.54,0,0,0,0.54,NAFDAC Market Survey Sample 2013
107,20/11/2013,,2013,EDO,ORHIONMWON,,,6.1194,5.9833,MAIZE,ED197M-2,,,0,0,0,0,0,NAFDAC Market Survey Sample 2013
108,20/11/2013,,2013,EDO,ORHIONMWON,,,6.1194,5.9833,MAIZE,ED198M-2,,,0,0,0,0,0,NAFDAC Market Survey Sample 2013
109,20/11/2013,,2013,EDO,UHUNMWODE,,,6.4579,5.9833,MAIZE,ED199M-2,,,0,0,0,0,0,NAFDAC Market Survey Sample 2013
110,20/11/2013,,2013,EDO,UHUNMWODE,,,6.4579,5.9833,MAIZE,ED200M-2,,,0,0,0,0,0,NAFDAC Market Survey Sample 2013
111,20/11/2013,,2013,EDO,UHUNMWODE,,,6.4579,5.9833,MAIZE,ED201M-2,,,0,0,0,0,0,NAFDAC Market Survey Sample 2013
112,19/11/2013,,2013,EDO,OREDO,,,6.2298,5.5407,MAIZE,ED202M-2,,,0,0,0,0,0,NAFDAC Market Survey Sample 2013
113,19/11/2013,,2013,EDO,OREDO,,,6.2298,5.5407,MAIZE,ED203M-2,,,0.77,0,0,0,0.77,NAFDAC Market Survey Sample 2013
114,19/11/2013,,2013,EDO,OREDO,,,6.2298,5.5407,MAIZE,ED204M-2,,,0,0,0,0,0,NAFDAC Market Survey Sample 2013
115,19/11/2013,,2013,EDO,IKPOBA OKHA,,,6.1649,5.6879,MAIZE,ED205M-2,,,0,0,0,0,0,NAFDAC Market Survey Sample 2013
116,19/11/2013,,2013,EDO,IKPOBA OKHA,,,6.1649,5.6879,MAIZE,ED206M-2,,,0,0,0,0,0,NAFDAC Market Survey Sample 2013
117,19/11/2013,,2013,EDO,IKPOBA OKHA,,,6.1649,5.6879,MAIZE,ED207M-2,,,0,0,0,0,0,NAFDAC Market Survey Sample 2013
118,20/11/2013,,2013,EDO,ETSAKO CENTRAL,,,7.0057,6.4503,MAIZE,ED208M-2,,,0,0,0,0,0,NAFDAC Market Survey Sample 2013
119,20/11/2013,,2013,EDO,ETSAKO CENTRAL,,,7.0057,6.4503,MAIZE,ED209M-2,,,0,0,0,0,0,NAFDAC Market Survey Sample 2013
120,20/11/2013,,2013,EDO,ETSAKO CENTRAL,,,7.0057,6.4503,MAIZE,ED210M-2,,,0.6,0,0,0,0.6,NAFDAC Market Survey Sample 2013
121,20/11/2013,,2013,EDO,OVIA NORTH EAST,,,6.5047,5.6037,MAIZE,ED211M-2,,,0,0,0,0,0,NAFDAC Market Survey Sample 2013
122,20/11/2013,,2013,EDO,OVIA NORTH EAST,,,6.5047,5.6037,MAIZE,ED212M-2,,,0,0,0,0,0,NAFDAC Market Survey Sample 2013
123,20/11/2013,,2013,EDO,OVIA NORTH EAST,,,6.5047,5.6037,MAIZE,ED213M-2,,,0,0,0,0,0,NAFDAC Market Survey Sample 2013
124,20/11/2013,,2013,EDO,ESAN WEST,,,6.6899,6.1315,MAIZE,ED214M-2,,,0.82,0,0,0,0.82,NAFDAC Market Survey Sample 2013
125,20/11/2013,,2013,EDO,ESAN WEST,,,6.6899,6.1315,MAIZE,ED215M-2,,,0.54,0,0,0,0.54,NAFDAC Market Survey Sample 2013
126,Not reported,,2013,EDO,ESAN WEST,,,6.6899,6.1315,MAIZE,ED216M-2,,,0,0,0,0,0,NAFDAC Market Survey Sample 2013
127,20/11/2013,,2013,EDO,OVIA SOUTH WEST,,,6.4653,5.3103,MAIZE,ED217M-2,,,0,0,0,0,0,NAFDAC Market Survey Sample 2013
128,20/11/2013,,2013,EDO,OVIA SOUTH WEST,,,6.4653,5.3103,MAIZE,ED218M-2,,,0,0,0,0,0,NAFDAC Market Survey Sample 2013
129,20/11/2013,,2013,EDO,OVIA SOUTH WEST,,,6.4653,5.3103,MAIZE,ED219M-2,,,0,0,0,0,0,NAFDAC Market Survey Sample 2013
130,Not reported,,2013,EDO,ESTAKO WEST,,,7.008,6.2801,MAIZE,ED220M-2,,,0,0,0,0,0,NAFDAC Market Survey Sample 2013
131,Not reported,,2013,EDO,ESTAKO WEST,,,7.008,6.2801,MAIZE,ED221M-2,,,0,0,0,0,0,NAFDAC Market Survey Sample 2013
132,Not reported,,2013,EDO,ESTAKO WEST,,,7.008,6.2801,MAIZE,ED222M-2,,,1.55,0,0,0,1.55,NAFDAC Market Survey Sample 2013
133,Not reported,,2013,EDO,OWAN EAST,,,7.0969,6.0256,MAIZE,ED223M-2,,,0,0,0,0,0,NAFDAC Market Survey Sample 2013
134,Not reported,,2013,EDO,OWAN EAST,,,7.0969,6.0256,MAIZE,ED224M-2,,,0,0,0,0,0,NAFDAC Market Survey Sample 2013
135,Not reported,,2013,EDO,OWAN EAST,,,7.0969,6.0256,MAIZE,ED225M-2,,,0,0,0,0,0,NAFDAC Market Survey Sample 2013
163,12/11/2013,,2013,ENUGU,NKANU WEST,,,6.3322,7.5031,MAIZE,EN361M-2,,,2.51,0,0,0,2.51,NAFDAC Market Survey Sample 2013
164,12/11/2013,,2013,ENUGU,NKANU EAST ,,,6.3322,7.5031,MAIZE,EN362M-2,,,2.22,0,0,0,2.22,NAFDAC Market Survey Sample 2013
165,12/11/2013,,2013,ENUGU,ENUGU EAST,,,6.5639,7.5681,MAIZE,EN363M-2,,,0.92,0,0,0,0.92,NAFDAC Market Survey Sample 2013
166,12/11/2013,,2013,ENUGU,ENUGU SOUTH,,,6.3849,7.5139,MAIZE,EN364M-2,,,0.6,0,0,0,0.6,NAFDAC Market Survey Sample 2013
167,12/11/2013,,2013,ENUGU,ENUGU NORTH,,,6.4584,7.5464,MAIZE,EN365M-2,,,6.85,0,0,0,6.85,NAFDAC Market Survey Sample 2013
168,13/11/2013,,2013,ENUGU,UDENU,,,6.8828,7.5464,MAIZE,EN366M-2,,,0,0,0,0,0,NAFDAC Market Survey Sample 2013
169,13/11/2013,,2013,ENUGU,NSUKKA,,,6.8429,7.3733,MAIZE,EN368M-2,,,0,0,0,0,0,NAFDAC Market Survey Sample 2013
170,13/11/2013,,2013,ENUGU,IGBO ETITI,,,6.6722,7.4165,MAIZE,EN369M-2,,,7.01,0,0,0,7.01,NAFDAC Market Survey Sample 2013
171,13/11/2013,,2013,ENUGU,IGBO EZE SOUTH,,,6.9386,7.3841,MAIZE,EN370M-2,,,0,0,0,0,0,NAFDAC Market Survey Sample 2013
172,14/11/2013,,2013,ENUGU,ORJI RIVER ,,,6.2537,7.2734,MAIZE,EN371M-2,,,10.05,0,0,0,10.05,NAFDAC Market Survey Sample 2013
173,14/11/2013,,2013,ENUGU,EZEAGU,,,6.3846,7.2914,MAIZE,EN372M-2,,,16.18,0,0,0,16.18,NAFDAC Market Survey Sample 2013
174,14/11/2013,,2013,ENUGU,AGWU,,,6.0649,7.476,MAIZE,EN373M-2,,,6.28,0,0,0,6.28,NAFDAC Market Survey Sample 2013
175,14/11/2013,,2013,ENUGU,UDI,,,6.4818,7.3949,MAIZE,EN374M-2,,,5.91,0,0,0,5.91,NAFDAC Market Survey Sample 2013
176,14/11/2013,,2013,ENUGU,ANINRI,,,6.0362,7.5897,MAIZE,EN375M-2,,,0,0,0,0,0,NAFDAC Market Survey Sample 2013
341,12/11/2013,,2013,FCT,,,,9.0563,7.4985,MAIZE,FC723M-2,,,0,0,0,0,0,NAFDAC Market Survey Sample 2013
342,12/11/2013,,2013,FCT,,,,9.0563,7.4985,MAIZE,FC724M-2,,,0,0,0,0,0,NAFDAC Market Survey Sample 2013
343,12/11/2013,,2013,FCT,,,,9.0563,7.4985,MAIZE,FC725M-2,,,0,0,0,0,0,NAFDAC Market Survey Sample 2013
344,12/11/2013,,2013,FCT,,,,9.0563,7.4985,MAIZE,FC726M-2,,,0,0,0,0,0,NAFDAC Market Survey Sample 2013
345,12/11/2013,,2013,FCT,,,,9.0563,7.4985,MAIZE,FC727M-2,,,0,0,0,0,0,NAFDAC Market Survey Sample 2013
346,12/11/2013,,2013,FCT,,,,9.0563,7.4985,MAIZE,FC728M-2,,,1.27,0,0,0,1.27,NAFDAC Market Survey Sample 2013
347,12/11/2013,,2013,FCT,,,,9.0563,7.4985,MAIZE,FC729M-2,,,0,0,0,0,0,NAFDAC Market Survey Sample 2013
348,12/11/2013,,2013,FCT,,,,9.0563,7.4985,MAIZE,FC730M-2,,,4.79,0,0,0,4.79,NAFDAC Market Survey Sample 2013
349,12/11/2013,,2013,FCT,,,,9.0563,7.4985,MAIZE,FC731M-2,,,0,0,0,0,0,NAFDAC Market Survey Sample 2013
350,12/11/2013,,2013,FCT,,,,9.0563,7.4985,MAIZE,FC732M-2,,,0,0,0,0,0,NAFDAC Market Survey Sample 2013
351,12/11/2013,,2013,FCT,,,,9.0563,7.4985,MAIZE,FC733M-2,,,1.5,0,0,0,1.5,NAFDAC Market Survey Sample 2013
352,12/11/2013,,2013,FCT,,,,9.0563,7.4985,MAIZE,FC734M-2,,,0,0,0,0,0,NAFDAC Market Survey Sample 2013
353,12/11/2013,,2013,FCT,,,,9.0563,7.4985,MAIZE,FC735M-2,,,0,0,0,0,0,NAFDAC Market Survey Sample 2013
354,12/11/2013,,2013,FCT,,,,9.0563,7.4985,MAIZE,FC736M-2,,,16.63,3.78,0,0,20.4,NAFDAC Market Survey Sample 2013
355,12/11/2013,,2013,FCT,,,,9.0563,7.4985,MAIZE,FC737M-2,,,0,0,0,0,0,NAFDAC Market Survey Sample 2013
221,14/11/2013,,2013,GOMBE,,,,10.2791,11.1731,MAIZE,GM481M-2,,,0,0,0,0,0,NAFDAC Market Survey Sample 2013
222,14/11/2013,,2013,GOMBE,,,,10.2791,11.1731,MAIZE,GM482M-2,,,0,0,0,0,0,NAFDAC Market Survey Sample 2013
223,14/11/2013,,2013,GOMBE,,,,10.2791,11.1731,MAIZE,GM483M-2,,,0,0,0,0,0,NAFDAC Market Survey Sample 2013
224,14/11/2013,,2013,GOMBE,KWAMI,,,10.4019,11.1391,MAIZE,GM484M-2,,,0,0,0,0,0,NAFDAC Market Survey Sample 2013
225,14/11/2013,,2013,GOMBE,GOMBE SOUTH,,,10.25,11.1666,MAIZE,GM485M-2,,,0,0,0,0,0,NAFDAC Market Survey Sample 2013
226,14/11/2013,,2013,GOMBE,,,,10.2791,11.1731,MAIZE,GM486M-2,,,0,0,0,0,0,NAFDAC Market Survey Sample 2013
227,14/11/2013,,2013,GOMBE,GOMBE SOUTH,,,10.25,11.1666,MAIZE,GM487M-2,,,0,0,0,0,0,NAFDAC Market Survey Sample 2013
228,14/11/2013,,2013,GOMBE,,,,10.2791,11.1731,MAIZE,GM488M-2,,,0.81,0,0,0,0.81,NAFDAC Market Survey Sample 2013
229,14/11/2013,,2013,GOMBE,,,,10.2791,11.1731,MAIZE,GM489M-2,,,0,0,0,0,0,NAFDAC Market Survey Sample 2013
230,14/11/2013,,2013,GOMBE,,,,10.2791,11.1731,MAIZE,GM490M-2,,,0,0,0,0,0,NAFDAC Market Survey Sample 2013
231,14/11/2013,,2013,GOMBE,GOMBE NORTH,,,10.5189,11,MAIZE,GM491M-2,,,0,0,0,0,0,NAFDAC Market Survey Sample 2013
232,14/11/2013,,2013,GOMBE,,,,10.2791,11.1731,MAIZE,GM492M-2,,,74.36,36.64,0,0,111.01,NAFDAC Market Survey Sample 2013
233,14/11/2013,,2013,GOMBE,,,,10.2791,11.1731,MAIZE,GM493M-2,,,0,0,0,0,0,NAFDAC Market Survey Sample 2013
234,14/11/2013,,2013,GOMBE,,,,10.2791,11.1731,MAIZE,GM494M-2,,,0,0,0,0,0,NAFDAC Market Survey Sample 2013
235,14/11/2013,,2013,GOMBE,,,,10.2791,11.1731,MAIZE,GM495M-2,,,0,0,0,0,0,NAFDAC Market Survey Sample 2013
236,14/11/2013,,2013,GOMBE,,,,10.2791,11.1731,MAIZE,GM496M-2,,,0,0,0,0,0,NAFDAC Market Survey Sample 2013
237,14/11/2013,,2013,GOMBE,,,,10.2791,11.1731,MAIZE,GM497M-2,,,0,0,0,0,0,NAFDAC Market Survey Sample 2013
238,14/11/2013,,2013,GOMBE,,,,10.2791,11.1731,MAIZE,GM498M-2,,,1.28,0,9.37,0,10.64,NAFDAC Market Survey Sample 2013
239,14/11/2013,,2013,GOMBE,,,,10.2791,11.1731,MAIZE,GM499M-2,,,0,0,0,0,0,NAFDAC Market Survey Sample 2013
240,14/11/2013,,2013,GOMBE,,,,10.2791,11.1731,MAIZE,GM500M-2,,,0,0,0,0,0,NAFDAC Market Survey Sample 2013
241,14/11/2013,,2013,GOMBE,,,,10.2791,11.1731,MAIZE,GM501M-2,,,0,0,0,0,0,NAFDAC Market Survey Sample 2013
242,14/11/2013,,2013,GOMBE,,,,10.2791,11.1731,MAIZE,GM502M-2,,,0,0,0,0,0,NAFDAC Market Survey Sample 2013
243,14/11/2013,,2013,GOMBE,,,,10.2791,11.1731,MAIZE,GM503M-2,,,0,0,0,0,0,NAFDAC Market Survey Sample 2013
244,14/11/2013,,2013,GOMBE,,,,10.2791,11.1731,MAIZE,GM504M-2,,,7.17,3.57,0,0,10.74,NAFDAC Market Survey Sample 2013
245,14/11/2013,,2013,GOMBE,,,,10.2791,11.1731,MAIZE,GM505M-2,,,0,0,0,0,0,NAFDAC Market Survey Sample 2013
246,14/11/2013,,2013,GOMBE,,,,10.2791,11.1731,MAIZE,GM506M-2,,,0,0,0,0,0,NAFDAC Market Survey Sample 2013
247,14/11/2013,,2013,GOMBE,,,,10.2791,11.1731,MAIZE,GM507M-2,,,0,0,0,0,0,NAFDAC Market Survey Sample 2013
248,14/11/2013,,2013,GOMBE,,,,10.2791,11.1731,MAIZE,GM508M-2,,,0,0,0,0,0,NAFDAC Market Survey Sample 2013
249,14/11/2013,,2013,GOMBE,KALTUNGO,,,9.8201,11.3119,MAIZE,GM509M-2,,,1.19,0,0,0,1.19,NAFDAC Market Survey Sample 2013
136, 7/11/2013,,2013,IMO,OWERRI NORTH,,,5.4567,7.1144,MAIZE,IM271M-2,,,0,0,0,0,0,NAFDAC Market Survey Sample 2013
137,07/11/2013,,2013,IMO,OWERRI NORTH,,,5.4567,7.1144,MAIZE,IM272M-2,,,0,0,0,0,0,NAFDAC Market Survey Sample 2013
138,07/11/2013,,2013,IMO,OWERRI NORTH,,,5.4567,7.1144,MAIZE,IM273M-2,,,0,0,0,0,0,NAFDAC Market Survey Sample 2013
139,07/11/2013,,2013,IMO,IKEDURU,,,5.5812,7.1575,MAIZE,IM274M-2,,,0,0,0,0,0,NAFDAC Market Survey Sample 2013
140,07/11/2013,,2013,IMO,IKEDURU,,,5.5812,7.1575,MAIZE,IM275M-2,,,0,0,0,0,0,NAFDAC Market Survey Sample 2013
141,07/11/2013,,2013,IMO,IKEDURU,,,5.5812,7.1575,MAIZE,IM276M-2,,,0,0,0,0,0,NAFDAC Market Survey Sample 2013
142,07/11/2013,,2013,IMO,OWERRI WEST,,,5.4166,6.9853,MAIZE,IM278M-2,,,0,0,0,0,0,NAFDAC Market Survey Sample 2013
143,07/11/2013,,2013,IMO,OWERRI WEST,,,5.4166,6.9853,MAIZE,IM279M-2,,,0,0,0,0,0,NAFDAC Market Survey Sample 2013
144,07/11/2013,,2013,IMO,ABOH MBAISE,,,5.4501,7.2334,MAIZE,IM280M-2,,,0,0,0,0,0,NAFDAC Market Survey Sample 2013
145,07/11/2013,,2013,IMO,ABOH MBAISE,,,5.4501,7.2334,MAIZE,IM281M-2,,,0,0,0,0,0,NAFDAC Market Survey Sample 2013
146,07/11/2013,,2013,IMO,OWERRI MUNICIPAL,,,5.4682,7.0176,MAIZE,IM283M-2,,,0,0,0,0,0,NAFDAC Market Survey Sample 2013
147,07/11/2013,,2013,IMO,OWERRI MUNICIPAL,,,5.4682,7.0176,MAIZE,IM284M-2,,,0,0,0,0,0,NAFDAC Market Survey Sample 2013
148,07/11/2013,,2013,IMO,OWERRI MUNICIPAL,,,5.4682,7.0176,MAIZE,IM285M-2,,,0,0,0,0,0,NAFDAC Market Survey Sample 2013
149,08/11/2013,,2013,IMO,IHITTE UBOMA,,,5.6154,7.3463,MAIZE,IM286M-2,,,0,0,0,0,0,NAFDAC Market Survey Sample 2013
150,08/11/2013,,2013,IMO,IHITTE UBOMA,,,5.6154,7.3463,MAIZE,IM287M-2,,,0,0,0,0,0,NAFDAC Market Survey Sample 2013
151,08/11/2013,,2013,IMO,ONUIMO,,,5.7788,7.2329,MAIZE,IM289M-2,,,0,0,0,0,0,NAFDAC Market Survey Sample 2013
152,08/11/2013,,2013,IMO,ONUIMO,,,5.7788,7.2329,MAIZE,IM290M-2,,,0,0,0,0,0,NAFDAC Market Survey Sample 2013
153,08/11/2013,,2013,IMO,EHIME MBANO,,,5.6655,7.3058,MAIZE,IM295M-2,,,0,0,0,0,0,NAFDAC Market Survey Sample 2013
154,08/11/2013,,2013,IMO,EHIME MBANO,,,5.6655,7.3058,MAIZE,IM296M-2,,,0,0,0,0,0,NAFDAC Market Survey Sample 2013
155,11/11/2013,,2013,IMO,ORU EAST ,,,5.6673,6.9424,MAIZE,IM302M-2,,,0,0,0,0,0,NAFDAC Market Survey Sample 2013
156,11/11/2013,,2013,IMO,ORU EAST ,,,5.6673,6.9424,MAIZE,IM303M-2,,,5.72,0,0,0,5.72,NAFDAC Market Survey Sample 2013
157,11/11/2013,,2013,IMO,ORLU,,,5.8358,7.0196,MAIZE,IM307M-2,,,0,0,0,0,0,NAFDAC Market Survey Sample 2013
158,11/11/2013,,2013,IMO,ORLU,,,5.8358,7.0196,MAIZE,IM309M-2,,,0,0,0,0,0,NAFDAC Market Survey Sample 2013
159,11/11/2013,,2013,IMO,UGUTA,,,5.7213,6.8281,MAIZE,IM311M-2,,,0,0,0,0,0,NAFDAC Market Survey Sample 2013
160,11/11/2013,,2013,IMO,UGUTA,,,5.7213,6.8281,MAIZE,IM312M-2,,,0,0,0,0,0,NAFDAC Market Survey Sample 2013
161,11/11/2013,,2013,IMO,NJABA,,,5.6981,6.9961,MAIZE,IM314M-2,,,0,0,0,0,0,NAFDAC Market Survey Sample 2013
162,11/11/2013,,2013,IMO,NJABA,,,5.6981,6.9961,MAIZE,IM315M-2,,,0.48,0,0,0,0.48,NAFDAC Market Survey Sample 2013
177,12/11/2013,,2013,KADUNA,ZANGO KATAF,,,9.8906,8.2213,MAIZE,KD392M-2,,,13.41,1.16,0,0,14.57,NAFDAC Market Survey Sample 2013
178,13/11/2013,,2013,KADUNA,ZANGO KATAF,,,9.8906,8.2213,MAIZE,KD393M-2,,,1.6,0,0,0,1.6,NAFDAC Market Survey Sample 2013
179,14/11/2013,,2013,KADUNA,KAGARKO,,,9.491,7.6955,MAIZE,KD394M-2,,,2.88,0,0,0,2.88,NAFDAC Market Survey Sample 2013
180,12/11/2013,,2013,KADUNA,SABON GARI,,,11.1766,7.6765,MAIZE,KD395M-2,,,2.6,0,0,0,2.6,NAFDAC Market Survey Sample 2013
181,12/11/2013,,2013,KADUNA,SABON GARI,,,11.1766,7.6765,MAIZE,KD396M-2,,,15.48,0,0,0,15.48,NAFDAC Market Survey Sample 2013
182,14/11/2013,,2013,KADUNA,GIWA,,,11.2802,7.4179,MAIZE,KD397M-2,,,3.18,0,0,0,3.18,NAFDAC Market Survey Sample 2013
183,12/11/2013,,2013,KADUNA,GIWA,,,11.2802,7.4179,MAIZE,KD398M-2,,,1.99,0,0,0,1.99,NAFDAC Market Survey Sample 2013
184,13/11/2013,,2013,KADUNA,KUDUNA CENTRAL,,,10.3764,7.7095,MAIZE,KD399M-2,,,2.5,0,0,0,2.5,NAFDAC Market Survey Sample 2013
185,12/11/2013,,2013,KADUNA,MAKAFO,,,10.3833,7.3833,MAIZE,KD400M-2,,,2.6,0,0,0,2.6,NAFDAC Market Survey Sample 2013
188,13/11/2013,,2013,KADUNA,KADUNA NORTH ,,,10.5432,7.449,MAIZE,KD403M-2,,,0,0,0,0,0,NAFDAC Market Survey Sample 2013
189,13/11/2013,,2013,KADUNA,KADUNA STATE,,,10.5432,7.449,MAIZE,KD404M-2,,,44.73,0,0,0,44.73,NAFDAC Market Survey Sample 2013
190,13/11/2013,,2013,KADUNA,KADUNA CENTRAL,,,10.3764,7.7095,MAIZE,KD405M-2,,,1.65,0,0,0,1.65,NAFDAC Market Survey Sample 2013
191,13/11/2013,,2013,KADUNA,KADUNA CENTRAL,,,10.3764,7.7095,MAIZE,KD406M-2,,,8.26,0,0,0,8.26,NAFDAC Market Survey Sample 2013
192,12/11/2013,,2013,KADUNA,KAGARKO,,,9.491,7.6955,MAIZE,KD407M-2,,,22.88,1.84,0,0,24.72,NAFDAC Market Survey Sample 2013
193,14/11/2013,,2013,KADUNA,KAGARKO,,,9.491,7.6955,MAIZE,KD408M-2,,,0.98,0,0,0,0.98,NAFDAC Market Survey Sample 2013
194,12/11/2013,,2013,KADUNA,ZANGO KATAF,,,9.8906,8.2213,MAIZE,KD409M-2,,,15.86,1.29,0,0,17.15,NAFDAC Market Survey Sample 2013
195,12/11/2013,,2013,KADUNA,JABA,,,9.4754,8.0247,MAIZE,KD410M-2,,,1.09,0,0,0,1.09,NAFDAC Market Survey Sample 2013
196,12/11/2013,,2013,KADUNA,JABA,,,9.4754,8.0247,MAIZE,KD411M-2,,,0,0,0,0,0,NAFDAC Market Survey Sample 2013
197,12/11/2013,,2013,KADUNA,JABA,,,9.4754,8.0247,MAIZE,KD412M-2,,,0,0,0,0,0,NAFDAC Market Survey Sample 2013
198,12/11/2013,,2013,KADUNA,KUDAN,,,11.2643,7.7634,MAIZE,KD413M-2,,,2.07,0,0,0,2.07,NAFDAC Market Survey Sample 2013
199,12/11/2013,,2013,KADUNA,KUDAN,,,11.2643,7.7634,MAIZE,KD414M-2,,,1.37,0,0,0,1.37,NAFDAC Market Survey Sample 2013
200,12/11/2013,,2013,KADUNA,KUDAN,,,11.2643,7.7634,MAIZE,KD415M-2,,,4.9,0,0,0,4.9,NAFDAC Market Survey Sample 2013
201,12/11/2013,,2013,KADUNA,IGABI,,,10.806,7.7152,MAIZE,KD416M-2,,,0,0,0,0,0,NAFDAC Market Survey Sample 2013
202,13/11/2013,,2013,KADUNA,IGABI,,,10.806,7.7152,MAIZE,KD417M-2,,,0.98,0,0,0,0.98,NAFDAC Market Survey Sample 2013
203,14/11/2013,,2013,KADUNA,KACHIA,,,9.8734,7.9552,MAIZE,KD418M-2,,,2.16,0,0,0,2.16,NAFDAC Market Survey Sample 2013
204,12/11/2013,,2013,KADUNA,KACHIA,,,9.8734,7.9552,MAIZE,KD419M-2,,,85.37,3.86,0,0,89.23,NAFDAC Market Survey Sample 2013
205,12/11/2013,,2013,KADUNA,IKARA,,,11.1788,8.2268,MAIZE,KD420M-2,,,2.21,0,0,0,2.21,NAFDAC Market Survey Sample 2013
206,12/11/2013,,2013,KADUNA,IKARA,,,11.1788,8.2268,MAIZE,KD421M-2,,,2.28,0,0,0,2.28,NAFDAC Market Survey Sample 2013
207,12/11/2013,,2013,KADUNA,JEMA A,,,9.3607,8.2213,MAIZE,KD422M-2,,,2.19,0,0,0,2.19,NAFDAC Market Survey Sample 2013
208,14/11/2013,,2013,KADUNA,JEMA A ,,,9.3607,8.2213,MAIZE,KD423M-2,,,0,0,0,0,0,NAFDAC Market Survey Sample 2013
209,13/11/2013,,2013,KADUNA,JEMA A,,,9.3607,8.2213,MAIZE,KD424M-2,,,1.13,0,0,0,1.13,NAFDAC Market Survey Sample 2013
210,12/11/2013,,2013,KADUNA,KADUNA SOUTH,,,10.4631,7.4138,MAIZE,KD425M-2,,,15.21,2.19,0,0,17.41,NAFDAC Market Survey Sample 2013
211,13/11/2013,,2013,KADUNA,KADUNA SOUTH,,,10.4631,7.4138,MAIZE,KD426M-2,,,53.95,2.6,0,0,56.54,NAFDAC Market Survey Sample 2013
212,13/11/2013,,2013,KADUNA,KADUNA SOUTH,,,10.4631,7.4138,MAIZE,KD427M-2,,,2.6,0,0,0,2.6,NAFDAC Market Survey Sample 2013
213,13/11/2013,,2013,KADUNA,ZARIA,,,11.1047,7.7207,MAIZE,KD428M-2,,,2.32,0,0,0,2.32,NAFDAC Market Survey Sample 2013
214,12/11/2013,,2013,KADUNA,ZARIA,,,11.1047,7.7207,MAIZE,KD429M-2,,,16.02,0,30.66,4.53,51.21,NAFDAC Market Survey Sample 2013
215,12/11/2013,,2013,KADUNA,ZARIA,,,11.1047,7.7207,MAIZE,KD430M-2,,,7.31,0,0,0,7.31,NAFDAC Market Survey Sample 2013
216,14/11/2013,,2013,KADUNA,KACHIA,,,9.8734,9.8734,MAIZE,KD431M-2,,,6.67,0,0,0,6.67,NAFDAC Market Survey Sample 2013
217,13/11/2013,,2013,KADUNA,SABON GARI,,,11.1231,7.7322,MAIZE,KD432M-2,,,47.28,6.36,16.23,6.51,76.38,NAFDAC Market Survey Sample 2013
218,12/11/2013,,2013,KADUNA,CHIKUN,,,10.2697,7.1101,MAIZE,KD433M-2,,,2.6,0,0,0,2.6,NAFDAC Market Survey Sample 2013
219,12/11/2013,,2013,KADUNA,CHIKUN,,,10.2697,7.1101,MAIZE,KD434M-2,,,3.39,0,0,0,3.39,NAFDAC Market Survey Sample 2013
220,13/11/2013,,2013,KADUNA,CHIKUN,,,10.2697,7.1101,MAIZE,KD435M-2,,,1.73,0,0,0,1.73,NAFDAC Market Survey Sample 2013
479,13/11/2013,,2013,KANO,KANO SOUTH,,,12.0022,8.592,MAIZE,KN1003M-2,,,0,0,0,0,0,NAFDAC Market Survey Sample 2013
480,13/11/2013,,2013,KANO,KANO SOUTH,,,12.0022,8.592,MAIZE,KN1004M-2,,,15.9,6.41,0,0,22.31,NAFDAC Market Survey Sample 2013
481,13/11/2013,,2013,KANO,KANO SOUTH,,,12.0022,8.592,MAIZE,KN1005M-2,,,0.4,0,0,0,0.4,NAFDAC Market Survey Sample 2013
482,13/11/2013,,2013,KANO,KANO SOUTH,,,12.0022,8.592,MAIZE,KN1006M-2,,,0.54,0,0,0,0.54,NAFDAC Market Survey Sample 2013
483,13/11/2013,,2013,KANO,KANO NORTH,,,12.0022,8.592,MAIZE,KN1007M-2,,,0,0,0,0,0,NAFDAC Market Survey Sample 2013
484,13/11/2013,,2013,KANO,KANO NORTH,,,12.0022,8.592,MAIZE,KN1008M-2,,,4.62,1.8,0,0,6.42,NAFDAC Market Survey Sample 2013
485,13/11/2013,,2013,KANO,KANO CENTRAL,,,12.0022,8.592,MAIZE,KN1009M-2,,,0,0,0,0,0,NAFDAC Market Survey Sample 2013
486,13/11/2013,,2013,KANO,KANO CENTRAL,,,12.0022,8.592,MAIZE,KN1010M-2,,,0,0,0,0,0,NAFDAC Market Survey Sample 2013
487,13/11/2013,,2013,KANO,KANO CENTRAL,,,12.0022,8.592,MAIZE,KN1011M-2,,,0,0,0,0,0,NAFDAC Market Survey Sample 2013
488,13/11/2013,,2013,KANO,KANO NORTH,,,12.0022,8.592,MAIZE,KN1012M-2,,,0.47,0,0,0,0.47,NAFDAC Market Survey Sample 2013
489,13/11/2013,,2013,KANO,KANO NORTH,,,12.0022,8.592,MAIZE,KN1013M-2,,,0,0,0,0,0,NAFDAC Market Survey Sample 2013
490,13/11/2013,,2013,KANO,KANO NORTH,,,12.0022,8.592,MAIZE,KN1014M-2,,,0,0,0,0,0,NAFDAC Market Survey Sample 2013
491,13/11/2013,,2013,KANO,KANO NORTH,,,12.0022,8.592,MAIZE,KN1015M-2,,,0,0,0,0,0,NAFDAC Market Survey Sample 2013
492,13/11/2013,,2013,KANO,KANO NORTH,,,12.0022,8.592,MAIZE,KN1016M-2,,,0,0,0,0,0,NAFDAC Market Survey Sample 2013
493,13/11/2013,,2013,KANO,KANO NORTH,,,12.0022,8.592,MAIZE,KN1017M-2,,,0,0,0,0,0,NAFDAC Market Survey Sample 2013
494,13/11/2013,,2013,KANO,KANO SOUTH,,,12.0022,8.592,MAIZE,KN1018M-2,,,0,0,0,0,0,NAFDAC Market Survey Sample 2013
495,13/11/2013,,2013,KANO,KANO SOUTH,,,12.0022,8.592,MAIZE,KN1019M-2,,,4.47,1.52,0,0,5.99,NAFDAC Market Survey Sample 2013
496,13/11/2013,,2013,KANO,KANO SOUTH,,,12.0022,8.592,MAIZE,KN1020M-2,,,0,0,0,0,0,NAFDAC Market Survey Sample 2013
497,13/11/2013,,2013,KANO,KANO SOUTH,,,12.0022,8.592,MAIZE,KN1021M-2,,,0,0,0,0,0,NAFDAC Market Survey Sample 2013
498,13/11/2013,,2013,KANO,KANO NORTH,,,12.0022,8.592,MAIZE,KN1022M-2,,,0,0,0,0,0,NAFDAC Market Survey Sample 2013
499,13/11/2013,,2013,KANO,KANO NORTH,,,12.0022,8.592,MAIZE,KN1023M-2,,,3.55,1,0,0,4.54,NAFDAC Market Survey Sample 2013
500,13/11/2013,,2013,KANO,KANO NORTH,,,12.0022,8.592,MAIZE,KN1024M-2,,,0,0,0,0,0,NAFDAC Market Survey Sample 2013
501,13/11/2013,,2013,KANO,KANO NORTH,,,12.0022,8.592,MAIZE,KN1025M-2,,,0.4,0,0,0,0.4,NAFDAC Market Survey Sample 2013
502,13/11/2013,,2013,KANO,KANO NORTH,,,12.0022,8.592,MAIZE,KN1026M-2,,,0,0,0,0,0,NAFDAC Market Survey Sample 2013
503,13/11/2013,,2013,KANO,KANO NORTH,,,12.0022,8.592,MAIZE,KN1027M-2,,,0,0,0,0,0,NAFDAC Market Survey Sample 2013
504,13/11/2013,,2013,KANO,KANO NORTH,,,12.0022,8.592,MAIZE,KN1028M-2,,,0.62,0,0,0,0.62,NAFDAC Market Survey Sample 2013
505,13/11/2013,,2013,KANO,KANO CENTRAL,,,12.0022,8.592,MAIZE,KN1029M-2,,,0,0,0,0,0,NAFDAC Market Survey Sample 2013
506,13/11/2013,,2013,KANO,KANO CENTRAL,,,12.0022,8.592,MAIZE,KN1030M-2,,,0.77,0,0,0,0.77,NAFDAC Market Survey Sample 2013
507,13/11/2013,,2013,KANO,KANO CENTRAL,,,12.0022,8.592,MAIZE,KN1031M-2,,,0,0,0,0,0,NAFDAC Market Survey Sample 2013
508,13/11/2013,,2013,KANO,KANO CENTRAL,,,12.0022,8.592,MAIZE,KN1032M-2,,,0,0,0,0,0,NAFDAC Market Survey Sample 2013
509,13/11/2013,,2013,KANO,KANO CENTRAL,,,12.0022,8.592,MAIZE,KN1033M-2,,,0,0,0,0,0,NAFDAC Market Survey Sample 2013
510,13/11/2013,,2013,KANO,KANO CENTRAL,,,12.0022,8.592,MAIZE,KN1034M-2,,,5.71,2.05,0,0,7.76,NAFDAC Market Survey Sample 2013
511,13/11/2013,,2013,KANO,KANO CENTRAL,,,12.0022,8.592,MAIZE,KN1035M-2,,,0,0,0,0,0,NAFDAC Market Survey Sample 2013
512,13/11/2013,,2013,KANO,KANO CENTRAL,,,12.0022,8.592,MAIZE,KN1036M-2,,,0,0,0,0,0,NAFDAC Market Survey Sample 2013
513,13/11/2013,,2013,KANO,KANO CENTRAL,,,12.0022,8.592,MAIZE,KN1037M-2,,,0.38,0,0,0,0.38,NAFDAC Market Survey Sample 2013
514,13/11/2013,,2013,KANO,KANO CENTRAL,,,12.0022,8.592,MAIZE,KN1038M-2,,,0.95,0,0,0,0.95,NAFDAC Market Survey Sample 2013
515,13/11/2013,,2013,KANO,KANO CENTRAL,,,12.0022,8.592,MAIZE,KN1039M-2,,,0,0,0,0,0,NAFDAC Market Survey Sample 2013
516,13/11/2013,,2013,KANO,KANO CENTRAL,,,12.0022,8.592,MAIZE,KN1040M-2,,,0.57,0,0,0,0.57,NAFDAC Market Survey Sample 2013
517,13/11/2013,,2013,KANO,KANO SOUTH,,,12.0022,8.592,MAIZE,KN1041M-2,,,3.77,1.6,0,0,5.37,NAFDAC Market Survey Sample 2013
518,13/11/2013,,2013,KANO,KANO SOUTH,,,12.0022,8.592,MAIZE,KN1042M-2,,,3.21,0,0,0,3.21,NAFDAC Market Survey Sample 2013
519,13/11/2013,,2013,KANO,KANO SOUTH,,,12.0022,8.592,MAIZE,KN1043M-2,,,5.56,1.72,0,0,7.28,NAFDAC Market Survey Sample 2013
520,13/11/2013,,2013,KANO,KANO SOUTH,,,12.0022,8.592,MAIZE,KN1044M-2,,,7.9,2.46,0,0,10.35,NAFDAC Market Survey Sample 2013
521,13/11/2013,,2013,KANO,KANO SOUTH,,,12.0022,8.592,MAIZE,KN1045M-2,,,0,0,0,0,0,NAFDAC Market Survey Sample 2013
522,13/11/2013,,2013,KANO,KANO SOUTH,,,12.0022,8.592,MAIZE,KN1046M-2,,,0.61,0,0,0,0.61,NAFDAC Market Survey Sample 2013
523,13/11/2013,,2013,KANO,KANO SOUTH,,,12.0022,8.592,MAIZE,KN1047M-2,,,0.54,0,0,0,0.54,NAFDAC Market Survey Sample 2013
569,07/11/2013,,2013,KATSINA,,,,12.9816,7.6223,MAIZE,KT1182M-2,,,0,0,0,0,0,NAFDAC Market Survey Sample 2013
570,07/11/2013,,2013,KATSINA,,,,12.9816,7.6223,MAIZE,KT1183M-2,,,0,0,0,0,0,NAFDAC Market Survey Sample 2013
571,07/11/2013,,2013,KATSINA,,,,12.9816,7.6223,MAIZE,KT1184M-2,,,13.83,0.76,0,0,14.59,NAFDAC Market Survey Sample 2013
572,07/11/2013,,2013,KATSINA,,,,12.9816,7.6223,MAIZE,KT1185M-2,,,0,0,0,0,0,NAFDAC Market Survey Sample 2013
573,07/11/2013,,2013,KATSINA,,,,12.9816,7.6223,MAIZE,KT1186M-2,,,0,0,0,0,0,NAFDAC Market Survey Sample 2013
574,07/11/2013,,2013,KATSINA,,,,12.9816,7.6223,MAIZE,KT1187M-2,,,9.39,0.87,0,0,10.26,NAFDAC Market Survey Sample 2013
575,07/11/2013,,2013,KATSINA,,,,12.9816,7.6223,MAIZE,KT1188M-2,,,0,0,0,0,0,NAFDAC Market Survey Sample 2013
576,07/11/2013,,2013,KATSINA,,,,12.9816,7.6223,MAIZE,KT1189M-2,,,7.46,0,0,0,7.46,NAFDAC Market Survey Sample 2013
577,07/11/2013,,2013,KATSINA,,,,12.9816,7.6223,MAIZE,KT1190M-2,,,0,0,0,0,0,NAFDAC Market Survey Sample 2013
578,07/11/2013,,2013,KATSINA,,,,12.9816,7.6223,MAIZE,KT1191M-2,,,0,0,0,0,0,NAFDAC Market Survey Sample 2013
579,07/11/2013,,2013,KATSINA,,,,12.9816,7.6223,MAIZE,KT1192M-2,,,0,0,0,0,0,NAFDAC Market Survey Sample 2013
580,07/11/2013,,2013,KATSINA,,,,12.9816,7.6223,MAIZE,KT1193M-2,,,0,0,0,0,0,NAFDAC Market Survey Sample 2013
581,12/11/2013,,2013,KATSINA,,,,12.9816,7.6223,MAIZE,KT1194M-2,,,0,0,0,0,0,NAFDAC Market Survey Sample 2013
582,12/11/2013,,2013,KATSINA,,,,12.9816,7.6223,MAIZE,KT1195M-2,,,8.9,0,0,0,8.9,NAFDAC Market Survey Sample 2013
583,12/11/2013,,2013,KATSINA,,,,12.9816,7.6223,MAIZE,KT1196M-2,,,0,0,0,0,0,NAFDAC Market Survey Sample 2013
584,12/11/2013,,2013,KATSINA,,,,12.9816,7.6223,MAIZE,KT1197M-2,,,13.98,0,0,0,13.98,NAFDAC Market Survey Sample 2013
585,12/11/2013,,2013,KATSINA,,,,12.9816,7.6223,MAIZE,KT1198M-2,,,12.02,0,0,0,12.02,NAFDAC Market Survey Sample 2013
586,12/11/2013,,2013,KATSINA,,,,12.9816,7.6223,MAIZE,KT1199M-2,,,5.46,0,0,0,5.46,NAFDAC Market Survey Sample 2013
587,12/11/2013,,2013,KATSINA,,,,12.9816,7.6223,MAIZE,KT1200M-2,,,4.6,0,0,0,4.6,NAFDAC Market Survey Sample 2013
588,12/11/2013,,2013,KATSINA,,,,12.9816,7.6223,MAIZE,KT1201M-2,,,4.54,0,0,0,4.54,NAFDAC Market Survey Sample 2013
589,12/11/2013,,2013,KATSINA,,,,12.9816,7.6223,MAIZE,KT1202M-2,,,13.36,0,0,0,13.36,NAFDAC Market Survey Sample 2013
590,12/11/2013,,2013,KATSINA,,,,12.9816,7.6223,MAIZE,KT1203M-2,,,4.08,0,0,0,4.08,NAFDAC Market Survey Sample 2013
591,12/11/2013,,2013,KATSINA,,,,12.9816,7.6223,MAIZE,KT1204M-2,,,6.19,0,0,0,6.19,NAFDAC Market Survey Sample 2013
592,12/11/2013,,2013,KATSINA,,,,12.9816,7.6223,MAIZE,KT1205M-2,,,5.64,0,0,0,5.64,NAFDAC Market Survey Sample 2013
593,12/11/2013,,2013,KATSINA,,,,12.9816,7.6223,MAIZE,KT1206M-2,,,9.45,0,0,0,9.45,NAFDAC Market Survey Sample 2013
594,12/11/2013,,2013,KATSINA,,,,12.9816,7.6223,MAIZE,KT1207M-2,,,6.72,0,0,0,6.72,NAFDAC Market Survey Sample 2013
595,12/11/2013,,2013,KATSINA,,,,12.9816,7.6223,MAIZE,KT1208M-2,,,7.31,0,0,0,7.31,NAFDAC Market Survey Sample 2013
596,12/11/2013,,2013,KATSINA,,,,12.9816,7.6223,MAIZE,KT1209M-2,,,6.02,0,0,0,6.02,NAFDAC Market Survey Sample 2013
597,12/11/2013,,2013,KATSINA,,,,12.9816,7.6223,MAIZE,KT1210M-2,,,6.25,0,0,0,6.25,NAFDAC Market Survey Sample 2013
598,12/11/2013,,2013,KATSINA,,,,12.9816,7.6223,MAIZE,KT1211M-2,,,6.61,0,0,0,6.61,NAFDAC Market Survey Sample 2013
599,12/11/2013,,2013,KATSINA,,,,12.9816,7.6223,MAIZE,KT1212M-2,,,8.62,0,0,0,8.62,NAFDAC Market Survey Sample 2013
600,12/11/2013,,2013,KATSINA,,,,12.9816,7.6223,MAIZE,KT1213M-2,,,7.55,0,0,0,7.55,NAFDAC Market Survey Sample 2013
601,12/11/2013,,2013,KATSINA,,,,12.9816,7.6223,MAIZE,KT1214M-2,,,4.66,0,0,0,4.66,NAFDAC Market Survey Sample 2013
602,12/11/2013,,2013,KATSINA,,,,12.9816,7.6223,MAIZE,KT1215M-2,,,0,0,0,0,0,NAFDAC Market Survey Sample 2013
603,12/11/2013,,2013,KATSINA,,,,12.9816,7.6223,MAIZE,KT1216M-2,,,0,0,0,0,0,NAFDAC Market Survey Sample 2013
604,12/11/2013,,2013,KATSINA,,,,12.9816,7.6223,MAIZE,KT1217M-2,,,0,0,0,0,0,NAFDAC Market Survey Sample 2013
605,12/11/2013,,2013,KATSINA,,,,12.9816,7.6223,MAIZE,KT1218M-2,,,0,0,0,0,0,NAFDAC Market Survey Sample 2013
606,12/11/2013,,2013,KATSINA,,,,12.9816,7.6223,MAIZE,KT1219M-2,,,28.23,0,0,0,28.23,NAFDAC Market Survey Sample 2013
607,12/11/2013,,2013,KATSINA,,,,12.9816,7.6223,MAIZE,KT1220M-2,,,0,0,0,0,0,NAFDAC Market Survey Sample 2013
608,12/11/2013,,2013,KATSINA,,,,12.9816,7.6223,MAIZE,KT1221M-2,,,0,0,0,0,0,NAFDAC Market Survey Sample 2013
609,12/11/2013,,2013,KATSINA,,,,12.9816,7.6223,MAIZE,KT1222M-2,,,7.61,0,0,0,7.61,NAFDAC Market Survey Sample 2013
610,12/11/2013,,2013,KATSINA,,,,12.9816,7.6223,MAIZE,KT1223M-2,,,0,0,0,0,0,NAFDAC Market Survey Sample 2013
611,12/11/2013,,2013,KATSINA,,,,12.9816,7.6223,MAIZE,KT1224M-2,,,0,0,0,0,0,NAFDAC Market Survey Sample 2013
612,12/11/2013,,2013,KATSINA,,,,12.9816,7.6223,MAIZE,KT1225M-2,,,65.68,10.96,0,0,76.64,NAFDAC Market Survey Sample 2013
613,12/11/2013,,2013,KATSINA,,,,12.9816,7.6223,MAIZE,KT1226M-2,,,10.85,0,0,0,10.85,NAFDAC Market Survey Sample 2013
356,13/11/2013,,2013,KEBBI,JEGA ,,,12.2258,4.3822,MAIZE,KB753M-2,,,3.56,0,0,0,3.56,NAFDAC Market Survey Sample 2013
357,11/11/2013,,2013,KEBBI,ARGUNGU,,,12.7495,4.5367,MAIZE,KB754M-2,,,0,0,0,0,0,NAFDAC Market Survey Sample 2013
358,06/11/2013,,2013,KEBBI,YAURI,,,10.9925,4.5212,MAIZE,KB755M-2,,,1.21,0,0,0,1.21,NAFDAC Market Survey Sample 2013
359,14/11/2013,,2013,KEBBI,FAKAI,,,11.5108,5.1035,MAIZE,KB756M-2,,,0,0,0,0,0,NAFDAC Market Survey Sample 2013
360,13/11/2013,,2013,KEBBI,JEGA ,,,12.2258,4.3822,MAIZE,KB757M-2,,,0,0,0,0,0,NAFDAC Market Survey Sample 2013
361,12/11/2013,,2013,KEBBI,BUNZA,,,12.0916,4.0108,MAIZE,KB758M-2,,,2.56,0,0,0,2.56,NAFDAC Market Survey Sample 2013
362,12/11/2013,,2013,KEBBI,KAMBA,,,11.8514,3.6547,MAIZE,KB759M-2,,,3.31,0,0,0,3.31,NAFDAC Market Survey Sample 2013
363,07/11/2013,,2013,KEBBI,BAGUDO,,,11.4008,4.2256,MAIZE,KB760M-2,,,0.97,0,0,0,0.97,NAFDAC Market Survey Sample 2013
364,13/11/2013,,2013,KEBBI,ALIERO,,,12.2885,4.4735,MAIZE,KB761M-2,,,0,0,0,0,0,NAFDAC Market Survey Sample 2013
365,13/11/2013,,2013,KEBBI,B/KEBBI,,,12.4376,4.2078,MAIZE,KB762M-2,,,0,0,0,0,0,NAFDAC Market Survey Sample 2013
366,14/11/2013,,2013,KEBBI,ZURU,,,11.4384,5.2319,MAIZE,KB763M-2,,,0,0,0,0,0,NAFDAC Market Survey Sample 2013
367,14/11/2013,,2013,KEBBI,FAKAI,,,11.5108,5.1035,MAIZE,KB764M-2,,,0,0,0,0,0,NAFDAC Market Survey Sample 2013
368,13/11/2013,,2013,KEBBI,ALIERO,,,12.2885,4.4735,MAIZE,KB765M-2,,,10.61,0,0,0,10.61,NAFDAC Market Survey Sample 2013
369,07/11/2013,,2013,KEBBI,BAGUDO,,,11.4008,4.2256,MAIZE,KB766M-2,,,2.69,0,0,0,2.69,NAFDAC Market Survey Sample 2013
370,14/11/2013,,2013,KEBBI,FAKAI,,,11.5108,5.1035,MAIZE,KB767M-2,,,0,0,0,0,0,NAFDAC Market Survey Sample 2013
371,12/11/2013,,2013,KEBBI,BUNZA,,,12.0916,4.0108,MAIZE,KB768M-2,,,0,0,0,0,0,NAFDAC Market Survey Sample 2013
372,12/11/2013,,2013,KEBBI,KAMBA,,,11.8514,3.6547,MAIZE,KB769M-2,,,22.03,8.81,3.3,0,34.14,NAFDAC Market Survey Sample 2013
373,06/11/2013,,2013,KEBBI,SHANGA,,,11.2131,4.5792,MAIZE,KB770M-2,,,0,0,0,0,0,NAFDAC Market Survey Sample 2013
374,13/11/2013,,2013,KEBBI,JEGA ,,,12.2258,4.3822,MAIZE,KB771M-2,,,0,0,0,0,0,NAFDAC Market Survey Sample 2013
375,06/11/2013,,2013,KEBBI,YAURI,,,10.9925,4.5212,MAIZE,KB772M-2,,,0,0,0,0,0,NAFDAC Market Survey Sample 2013
376,10/11/2013,,2013,KEBBI,SURU,,,11.9253,4.1834,MAIZE,KB773M-2,,,0,0,0,0,0,NAFDAC Market Survey Sample 2013
377,12/11/2013,,2013,KEBBI,KANGIWA,,,12.5378,3.774,MAIZE,KB774M-2,,,2.86,2.79,0,0,5.65,NAFDAC Market Survey Sample 2013
378,06/11/2013,,2013,KEBBI,YAURI,,,10.9925,4.5212,MAIZE,KB775M-2,,,13.75,6.41,0,0,20.16,NAFDAC Market Survey Sample 2013
379,11/11/2013,,2013,KEBBI,ARGUNGU,,,12.7495,4.5367,MAIZE,KB776M-2,,,0,0,0,0,0,NAFDAC Market Survey Sample 2013
380,14/11/2013,,2013,KEBBI,ZURU,,,11.4384,5.2319,MAIZE,KB777M-2,,,0,0,0,0,0,NAFDAC Market Survey Sample 2013
381,13/11/2013,,2013,KEBBI,B/KEBBI,,,12.4376,4.2078,MAIZE,KB778M-2,,,2.38,0,0,0,2.38,NAFDAC Market Survey Sample 2013
382,07/11/2013,,2013,KEBBI,KALGO,,,12.3342,4.2,MAIZE,KB779M-2,,,2.54,0,0,0,2.54,NAFDAC Market Survey Sample 2013
383,07/11/2013,,2013,KEBBI,BAGUDO,,,11.4008,4.2256,MAIZE,KB780M-2,,,0,0,0,0,0,NAFDAC Market Survey Sample 2013
384,07/11/2013,,2013,KEBBI,KALGO,,,12.3342,4.2,MAIZE,KB781M-2,,,0,0,0,0,0,NAFDAC Market Survey Sample 2013
385,06/11/2013,,2013,KEBBI,SHANGA,,,11.2131,4.5792,MAIZE,KB782M-2,,,0,0,0,0,0,NAFDAC Market Survey Sample 2013
386,06/11/2013,,2013,KEBBI,NGASKI,,,10.4092,4.7187,MAIZE,KB783M-2,,,0,0,0,0,0,NAFDAC Market Survey Sample 2013
387,06/11/2013,,2013,KEBBI,NGASKI,,,10.4092,4.7187,MAIZE,KB784M-2,,,0,0,0,0,0,NAFDAC Market Survey Sample 2013
388,12/11/2013,,2013,KEBBI,KANGIWA,,,12.5378,3.774,MAIZE,KB785M-2,,,0,0,0,0,0,NAFDAC Market Survey Sample 2013
389,06/11/2013,,2013,KEBBI,SHANGA,,,11.2131,4.5792,MAIZE,KB786M-2,,,39.11,18.01,0,0,57.11,NAFDAC Market Survey Sample 2013
390,12/11/2013,,2013,KEBBI,KANGIWA,,,12.5378,3.774,MAIZE,KB787M-2,,,0,0,0,0,0,NAFDAC Market Survey Sample 2013
391,14/11/2013,,2013,KEBBI,ZURU,,,11.4384,5.2319,MAIZE,KB788M-2,,,0,0,0,0,0,NAFDAC Market Survey Sample 2013
392,13/11/2013,,2013,KEBBI,ALIERO,,,12.2885,4.4735,MAIZE,KB789M-2,,,0,0,0,0,0,NAFDAC Market Survey Sample 2013
393,11/11/2013,,2013,KEBBI,ARGUNGU,,,12.7495,4.5367,MAIZE,KB790M-2,,,0,0,0,0,0,NAFDAC Market Survey Sample 2013
394,06/11/2013,,2013,KEBBI,NGASKI,,,10.4092,4.7187,MAIZE,KB791M-2,,,0,0,0,0,0,NAFDAC Market Survey Sample 2013
395,10/11/2013,,2013,KEBBI,SURU,,,11.9253,4.1834,MAIZE,KB792M-2,,,1.97,0,0,0,1.97,NAFDAC Market Survey Sample 2013
396,10/11/2013,,2013,KEBBI,SURU,,,11.9253,4.1834,MAIZE,KB793M-2,,,0,0,0,0,0,NAFDAC Market Survey Sample 2013
397,13/11/2013,,2013,KEBBI,B/KEBBI,,,12.4376,4.2078,MAIZE,KB794M-2,,,3.61,0,0,0,3.61,NAFDAC Market Survey Sample 2013
398,12/11/2013,,2013,KEBBI,KAMBA,,,11.8514,3.6547,MAIZE,KB795M-2,,,4.54,0,0,0,4.54,NAFDAC Market Survey Sample 2013
399,13/11/2013,,2013,KOGI,MOPA ANURO ,,,8.0972,5.8958,MAIZE,KG841M-2,,,72.49,6.01,0,0,78.5,NAFDAC Market Survey Sample 2013
400,13/11/2013,,2013,KOGI,MOPA ANURO ,,,8.0972,5.8958,MAIZE,KG842M-2,,,286.46,18.82,0,0,305.28,NAFDAC Market Survey Sample 2013
401,13/11/2013,,2013,KOGI,MOPA ANURO ,,,8.0972,5.8958,MAIZE,KG843M-2,,,259.02,8.57,0,0,267.58,NAFDAC Market Survey Sample 2013
402,13/11/2013,,2013,KOGI,OLOHOKO,,,7.7667,6.6167,MAIZE,KG844M-2,,,49.78,3.13,0,0,52.91,NAFDAC Market Survey Sample 2013
403,13/11/2013,,2013,KOGI,OLOHOKO,,,7.7667,6.6167,MAIZE,KG845M-2,,,10.48,1.13,0,0,11.62,NAFDAC Market Survey Sample 2013
404,13/11/2013,,2013,KOGI,OLOHOKO,,,7.7667,6.6167,MAIZE,KG846M-2,,,4,0,0,0,4,NAFDAC Market Survey Sample 2013
405,13/11/2013,,2013,KOGI,OLOHOKO,,,7.7667,6.6167,MAIZE,KG847M-2,,,0,0,0,0,0,NAFDAC Market Survey Sample 2013
406,13/11/2013,,2013,KOGI,OLOHOKO,,,7.7667,6.6167,MAIZE,KG848M-2,,,99.69,5,0,0,104.69,NAFDAC Market Survey Sample 2013
407,13/11/2013,,2013,KOGI,OGORI MAGONGO,,,7.4833,6.2166,MAIZE,KG849M-2,,,35.62,2.03,0,0,37.65,NAFDAC Market Survey Sample 2013
408,13/11/2013,,2013,KOGI,OGORI MAGONGO,,,7.4833,6.2166,MAIZE,KG850M-2,,,67.35,4.56,0,0,71.91,NAFDAC Market Survey Sample 2013
409,13/11/2013,,2013,KOGI,ADAVI,,,7.672,6.429,MAIZE,KG851M-2,,,11.87,0,0,0,11.87,NAFDAC Market Survey Sample 2013
410,13/11/2013,,2013,KOGI,ADAVI,,,7.672,6.429,MAIZE,KG852M-2,,,7.47,1.33,0,0,8.8,NAFDAC Market Survey Sample 2013
411,13/11/2013,,2013,KOGI,AJAOKUTA,,,7.5584,6.6344,MAIZE,KG853M-2,,,24.35,4.44,0,0,28.79,NAFDAC Market Survey Sample 2013
412,13/11/2013,,2013,KOGI,AJAOKUTA,,,7.5584,6.6344,MAIZE,KG854M-2,,,313.27,17.19,11.66,6.26,348.37,NAFDAC Market Survey Sample 2013
413,13/11/2013,,2013,KOGI,AJAOKUTA,,,7.5584,6.6344,MAIZE,KG855M-2,,,40.57,3.67,0,0,44.24,NAFDAC Market Survey Sample 2013
414,13/11/2013,,2013,KOGI,DEKINNA,,,7.7312,7.2139,MAIZE,KG856M-2,,,0,0,0,0,0,NAFDAC Market Survey Sample 2013
415,13/11/2013,,2013,KOGI,DEKINNA,,,7.7312,7.2139,MAIZE,KG857M-2,,,80.68,6.72,0,0,87.4,NAFDAC Market Survey Sample 2013
416,13/11/2013,,2013,KOGI,DEKINNA,,,7.7312,7.2139,MAIZE,KG858M-2,,,49.03,4.38,0,0,53.41,NAFDAC Market Survey Sample 2013
417,13/11/2013,,2013,KOGI,IDAH,,,7.1138,6.744,MAIZE,KG859M-2,,,27.11,0,19.55,3.57,50.23,NAFDAC Market Survey Sample 2013
418,13/11/2013,,2013,KOGI,IDAH,,,7.1138,6.744,MAIZE,KG860M-2,,,13.28,1.62,0,0,14.89,NAFDAC Market Survey Sample 2013
419,13/11/2013,,2013,KOGI,IDAH,,,7.1138,6.744,MAIZE,KG861M-2,,,132.82,10.01,0,0,142.83,NAFDAC Market Survey Sample 2013
420,13/11/2013,,2013,KOGI,KABBA,,,7.8241,6.0736,MAIZE,KG862M-2,,,0,0,0,0,0,NAFDAC Market Survey Sample 2013
421,13/11/2013,,2013,KOGI,KABBA,,,7.8241,6.0736,MAIZE,KG863M-2,,,37.6,3.29,0,0,40.88,NAFDAC Market Survey Sample 2013
422,20/11/2013,,2013,KOGI,KABBA,,,7.8241,6.0736,MAIZE,KG864M-2,,,0,0,0,0,0,NAFDAC Market Survey Sample 2013
423,13/11/2013,,2013,KOGI,IJUMU,,,7.8737,5.941,MAIZE,KG865M-2,,,0,0,0,0,0,NAFDAC Market Survey Sample 2013
424,13/11/2013,,2013,KOGI,IJUMU,,,7.8737,5.941,MAIZE,KG866M-2,,,222.83,13.51,0,0,236.34,NAFDAC Market Survey Sample 2013
425,13/11/2013,,2013,KOGI,IJUMU,,,7.8737,5.941,MAIZE,KG867M-2,,,17.39,1.68,0,0,19.07,NAFDAC Market Survey Sample 2013
426,13/11/2013,,2013,KOGI,IGALAWELA/ ODOLU,,,7.0825,7.0498,MAIZE,KG868M-2,,,33.53,2.95,0,0,36.48,NAFDAC Market Survey Sample 2013
427,13/11/2013,,2013,KOGI,IGALAWELA/ ODOLU,,,7.0825,7.0498,MAIZE,KG869M-2,,,26.07,1.59,0,0,27.66,NAFDAC Market Survey Sample 2013
428,13/11/2013,,2013,KOGI,IGALAWELA/ ODOLU,,,7.0825,7.0498,MAIZE,KG870M-2,,,0,0,0,0,0,NAFDAC Market Survey Sample 2013
429,13/11/2013,,2013,KOGI,IGALAWELA/ ODOLU,,,7.0825,7.0498,MAIZE,KG871M-2,,,132.28,8.53,0,0,140.81,NAFDAC Market Survey Sample 2013
430,13/11/2013,,2013,KOGI,KOGI,,,7.7337,6.6906,MAIZE,KG872M-2,,,0,0,0,0,0,NAFDAC Market Survey Sample 2013
431,13/11/2013,,2013,KOGI,KOGI,,,7.7337,6.6906,MAIZE,KG873M-2,,,5.53,0,0,0,5.53,NAFDAC Market Survey Sample 2013
432,13/11/2013,,2013,KOGI,KOGI,,,7.7337,6.6906,MAIZE,KG874M-2,,,32.27,2.6,0,0,34.87,NAFDAC Market Survey Sample 2013
433,13/11/2013,,2013,KOGI,OFU,,,7.3396,7.0498,MAIZE,KG875M-2,,,57.52,6.78,0,0,64.3,NAFDAC Market Survey Sample 2013
434,13/11/2013,,2013,KOGI,OFU,,,7.3396,7.0498,MAIZE,KG876M-2,,,44.26,3.44,0,0,47.7,NAFDAC Market Survey Sample 2013
435,13/11/2013,,2013,KOGI,OFU,,,7.3396,7.0498,MAIZE,KG877M-2,,,52.82,6.06,0,0,58.88,NAFDAC Market Survey Sample 2013
436,13/11/2013,,2013,KOGI,LOKOJA,,,7.8023,6.7333,MAIZE,KG878M-2,,,1.72,0,0,0,1.72,NAFDAC Market Survey Sample 2013
437,13/11/2013,,2013,KOGI,LOKOJA,,,7.8023,6.7333,MAIZE,KG879M-2,,,10.88,0,5.83,1.28,18,NAFDAC Market Survey Sample 2013
438,13/11/2013,,2013,KOGI,LOKOJA,,,7.8023,6.7333,MAIZE,KG880M-2,,,12.76,0.86,0,0,13.62,NAFDAC Market Survey Sample 2013
439,13/11/2013,,2013,KOGI,ADAVI,,,7.672,6.429,MAIZE,KG881M-2,,,7.68,0,0,0,7.68,NAFDAC Market Survey Sample 2013
440,13/11/2013,,2013,KOGI,OKERE,,,8.2046,5.5643,MAIZE,KG882M-2,,,1.77,0,0,0,1.77,NAFDAC Market Survey Sample 2013
441,13/11/2013,,2013,KOGI,AMKPA,,,7.4053,7.6223,MAIZE,KG883M-2,,,3.48,0,0,0,3.48,NAFDAC Market Survey Sample 2013
442,13/11/2013,,2013,KOGI,AMKPA,,,7.4053,7.6223,MAIZE,KG884M-2,,,59.18,6.32,0,0,65.5,NAFDAC Market Survey Sample 2013
443,13/11/2013,,2013,KOGI,MAGANGO,,,7.7337,6.6906,MAIZE,KG885M-2,,,1.07,0,0,0,1.07,NAFDAC Market Survey Sample 2013
746,Not reported,,2013,LAGOS,SOMOLU,,,6.5392,3.3842,MAIZE,LA1543M-2,,,0,0,0,0,0,NAFDAC Market Survey Sample 2013
747,Not reported,,2013,LAGOS,KOSOFE,,,6.6201,3.4095,MAIZE,LA1544M-2,,,1.05,0,0,0,1.05,NAFDAC Market Survey Sample 2013
748,Not reported,,2013,LAGOS,MAINLAND,,,6.4977,3.3842,MAIZE,LA2545M-2,,,1.07,1.57,0,0,2.65,NAFDAC Market Survey Sample 2013
749,Not reported,,2013,LAGOS,LEKKI,,,6.433,3.4822,MAIZE,LA1546M-2,,,0,0,0,0,0,NAFDAC Market Survey Sample 2013
750,Not reported,,2013,LAGOS,LAGOS ISLAND,,,6.4549,3.4246,MAIZE,LA1547M-2,,,2.17,1.56,0,0,3.73,NAFDAC Market Survey Sample 2013
751,Not reported,,2013,LAGOS,MUSHIN,,,6.5352,3.349,MAIZE,LA1548M-2,,,1.09,0,0,0,1.09,NAFDAC Market Survey Sample 2013
752,Not reported,,2013,LAGOS,AJEROMI,,,6.4555,3.3339,MAIZE,LA1549M-2,,,3.29,1.49,0,0,4.78,NAFDAC Market Survey Sample 2013
753,Not reported,,2013,LAGOS,BADAGRY,,,6.4183,2.8901,MAIZE,LA1450M-2,,,2.09,3.98,0,0,6.07,NAFDAC Market Survey Sample 2013
754,Not reported,,2013,LAGOS,AMUWO ODOFIN,,,6.4293,3.2684,MAIZE,LA1551M-2,,,7.37,2.55,0,0,9.91,NAFDAC Market Survey Sample 2013
755,Not reported,,2013,LAGOS,ETI-OSA,,,6.459,3.6015,MAIZE,LA1552M-2,,,3.52,0,0,0,3.52,NAFDAC Market Survey Sample 2013
756,Not reported,,2013,LAGOS,IKORODU,,,6.6194,3.5105,MAIZE,LA1553M-2,,,0,0,0,0,0,NAFDAC Market Survey Sample 2013
757,Not reported,,2013,LAGOS,EPE,,,6.5867,3.97,MAIZE,LA1554M-2,,,0.81,0,0,0,0.81,NAFDAC Market Survey Sample 2013
758,Not reported,,2013,LAGOS,IKEJA,,,6.6018,3.3515,MAIZE,LA1555M-2,,,1,0,0,0,1,NAFDAC Market Survey Sample 2013
759,Not reported,,2013,LAGOS,ALIMOSHO,,,6.5744,3.257,MAIZE,LA1556M-2,,,1.32,0,0,0,1.32,NAFDAC Market Survey Sample 2013
760,Not reported,,2013,LAGOS,AGEGE,,,6.618,3.3209,MAIZE,LA1557M-2,,,1.88,0,0,0,1.88,NAFDAC Market Survey Sample 2013
444,Not reported,,2013,NIGER,PAIKORO,,,9.4351,6.7922,MAIZE,NG930M-2,,,0,0,0,0,0,NAFDAC Market Survey Sample 2013
445,Not reported,,2013,NIGER,KONTAGORA,,,10.4071,5.4699,MAIZE,NG932M-2,,,0,0,0,0,0,NAFDAC Market Survey Sample 2013
446,Not reported,,2013,NIGER,MAGAMA,,,10.3116,4.9767,MAIZE,NG933M-2,,,1.57,1.52,0,0,3.09,NAFDAC Market Survey Sample 2013
447,Not reported,,2013,NIGER,KONTAGORA,,,10.4071,5.4699,MAIZE,NG934M-2,,,7.45,2.07,0,0,9.52,NAFDAC Market Survey Sample 2013
448,Not reported,,2013,NIGER,MASHEGU,,,9.9492,5.3103,MAIZE,NG935M-2,,,0.72,0,0,0,0.72,NAFDAC Market Survey Sample 2013
449,Not reported,,2013,NIGER,BOSSO,,,13.6966,13.3158,MAIZE,NG936M-2,,,0,0,0,0,0,NAFDAC Market Survey Sample 2013
450,Not reported,,2013,NIGER,MASHEGU,,,9.9492,5.3103,MAIZE,NG937M-2,,,0,0,0,0,0,NAFDAC Market Survey Sample 2013
451,Not reported,,2013,NIGER,BIDA,,,9.0797,6.0097,MAIZE,NG938M-2,,,0,0,0,0,0,NAFDAC Market Survey Sample 2013
452,Not reported,,2013,NIGER,PAIKORO,,,9.4351,6.7922,MAIZE,NG939M-2,,,0,0,0,0,0,NAFDAC Market Survey Sample 2013
453,Not reported,,2013,NIGER,AGAIE,,,9.0001,6.3213,MAIZE,NG940M-2,,,6.84,0,0,0,6.84,NAFDAC Market Survey Sample 2013
454,Not reported,,2013,NIGER,BIDA,,,9.0797,6.0097,MAIZE,NG941M-2,,,0,0,0,0,0,NAFDAC Market Survey Sample 2013
455,Not reported,,2013,NIGER,BIDA,,,9.0797,6.0097,MAIZE,NG942M-2,,,0,0,0,0,0,NAFDAC Market Survey Sample 2013
456,Not reported,,2013,NIGER,BOSSO,,,13.6966,13.3158,MAIZE,NG943M-2,,,0,0,0,0,0,NAFDAC Market Survey Sample 2013
457,Not reported,,2013,NIGER,BOSSO,,,13.6966,13.3158,MAIZE,NG944M-2,,,0,0,0,0,0,NAFDAC Market Survey Sample 2013
458,Not reported,,2013,NIGER,PAIKORO,,,9.4351,6.7922,MAIZE,NG945M-2,,,22.19,9.06,0,0,31.25,NAFDAC Market Survey Sample 2013
459,Not reported,,2013,NIGER,MASHEGU,,,9.9492,5.3103,MAIZE,NG946M-2,,,1.33,0,0,0,1.33,NAFDAC Market Survey Sample 2013
460,Not reported,,2013,NIGER,MAGAMA,,,10.3116,4.9767,MAIZE,NG947M-2,,,5.2,3.34,0,0,8.54,NAFDAC Market Survey Sample 2013
461,Not reported,,2013,NIGER,AGAIE,,,9.0001,6.3213,MAIZE,NG948M-2,,,8.81,4.3,2.26,0,15.37,NAFDAC Market Survey Sample 2013
462,Not reported,,2013,NIGER,AGAIE,,,9.0001,6.3213,MAIZE,NG949M-2,,,0,0,0,0,0,NAFDAC Market Survey Sample 2013
463,Not reported,,2013,NIGER,KONTAGORA,,,10.4071,5.4699,MAIZE,NG950M-2,,,0.58,0,0,0,0.58,NAFDAC Market Survey Sample 2013
464,Not reported,,2013,NIGER,CHANCHAGA,,,9.6278,6.5463,MAIZE,NG951M-2,,,0,0,0,0,0,NAFDAC Market Survey Sample 2013
465,Not reported,,2013,NIGER,MARIGA,,,10.1349,6.0229,MAIZE,NG952M-2,,,0,0,0,0,0,NAFDAC Market Survey Sample 2013
466,Not reported,,2013,NIGER,WUSHISHI,,,9.7221,6.1113,MAIZE,NG953M-2,,,0,0,0,0,0,NAFDAC Market Survey Sample 2013
467,Not reported,,2013,NIGER,CHANCHAGA,,,9.6278,6.5463,MAIZE,NG954M-2,,,0,0,0,0,0,NAFDAC Market Survey Sample 2013
468,Not reported,,2013,NIGER,MARIGA,,,10.1349,6.0229,MAIZE,NG955M-2,,,1.01,0,0,0,1.01,NAFDAC Market Survey Sample 2013
469,Not reported,,2013,NIGER,CHANCHAGA,,,9.6278,6.5463,MAIZE,NG956M-2,,,1.4,0,0,0,1.4,NAFDAC Market Survey Sample 2013
470,Not reported,,2013,NIGER,GURARA,,,9.3418,7.0498,MAIZE,NG957M-2,,,0.49,0,0,0,0.49,NAFDAC Market Survey Sample 2013
471,Not reported,,2013,NIGER,GURARA,,,9.3418,7.0498,MAIZE,NG958M-2,,,0,0,0,0,0,NAFDAC Market Survey Sample 2013
472,Not reported,,2013,NIGER,WUSHISHI,,,9.7221,6.1113,MAIZE,NG959M-2,,,0,0,0,0,0,NAFDAC Market Survey Sample 2013
473,Not reported,,2013,NIGER,MARIGA,,,10.1349,6.0229,MAIZE,NG960M-2,,,0,0,0,0,0,NAFDAC Market Survey Sample 2013
474,Not reported,,2013,NIGER,WUSHISHI,,,9.7221,6.1113,MAIZE,NG961M-2,,,0,0,0,0,0,NAFDAC Market Survey Sample 2013
475,Not reported,,2013,NIGER,GURARA,,,9.3418,7.0498,MAIZE,NG962M-2,,,0.63,0,0,0,0.63,NAFDAC Market Survey Sample 2013
476,Not reported,,2013,NIGER,SULEJA,,,9.1701,7.1861,MAIZE,NG963M-2,,,0,0,0,0,0,NAFDAC Market Survey Sample 2013
477,Not reported,,2013,NIGER,SULEJA,,,9.1701,7.1861,MAIZE,NG964M-2,,,0,0,0,0,0,NAFDAC Market Survey Sample 2013
478,Not reported,,2013,NIGER,SULEJA,,,9.1701,7.1861,MAIZE,NG965M-2,,,0,0,0,0,0,NAFDAC Market Survey Sample 2013
1,08/11/2013,,2013,ONDO,AKURE SOUTH,NA,NA,7.2146,5.1641,MAIZE,OD01M-2,,,0,0,0,0,0,NAFDAC Market Survey Sample 2013
2,08/11/2013,,2013,ONDO,AKURE SOUTH,NA,NA,7.2146,5.1641,MAIZE,OD02M-2,,,47.87,5.84,0,0,53.71,NAFDAC Market Survey Sample 2013
3,08/11/2013,,2013,ONDO,AKURE SOUTH,NA,NA,7.2146,5.1641,MAIZE,OD03M-2,,,36.17,0,0,0,36.17,NAFDAC Market Survey Sample 2013
4,08/11/2013,,2013,ONDO,IDANRE,,,7.1091,5.1158,MAIZE,OD04M-2,,,0,0,0,0,0,NAFDAC Market Survey Sample 2013
5,08/11/2013,,2013,ONDO,IDANRE,,,7.1091,5.1158,MAIZE,OD05M-2,,,0,0,0,0,0,NAFDAC Market Survey Sample 2013
6,08/11/2013,,2013,ONDO,IDANRE,,,7.1091,5.1158,MAIZE,OD06M-2,,,0,0,0,0,0,NAFDAC Market Survey Sample 2013
7,08/11/2013,,2013,ONDO,AKURE NORTH,,,7.2779,5.2684,MAIZE,OD07M-2,,,0,0,0,0,0,NAFDAC Market Survey Sample 2013
8,08/11/2013,,2013,ONDO,AKURE NORTH,,,7.2779,5.2684,MAIZE,OD08M-2,,,0,0,0,0,0,NAFDAC Market Survey Sample 2013
9,08/11/2013,,2013,ONDO,AKURE NORTH,,,7.2779,5.2684,MAIZE,OD09M-2,,,10.76,0,0,0,10.76,NAFDAC Market Survey Sample 2013
10,08/11/2013,,2013,ONDO,ONDO WEST,,,7.0257,4.7692,MAIZE,OD10M-2,,,1.88,0,0,0,1.88,NAFDAC Market Survey Sample 2013
11,08/11/2013,,2013,ONDO,ONDO WEST,,,7.0257,4.7692,MAIZE,OD11M-2,,,7.5,0,0,0,7.5,NAFDAC Market Survey Sample 2013
12,08/11/2013,,2013,ONDO,ONDO WEST,,,7.0257,4.7692,MAIZE,OD12M-2,,,2.89,0,0,0,2.89,NAFDAC Market Survey Sample 2013
13,08/11/2013,,2013,ONDO,IFEDORE,,,7.3877,5.0807,MAIZE,OD13M-2,,,8.63,0,0,0,8.63,NAFDAC Market Survey Sample 2013
14,08/11/2013,,2013,ONDO,IFEDORE,,,7.3877,5.0807,MAIZE,OD14M-2,,,0,0,0,0,0,NAFDAC Market Survey Sample 2013
15,08/11/2013,,2013,ONDO,IFEDORE,,,7.3877,5.0807,MAIZE,OD15M-2,,,0,0,0,0,0,NAFDAC Market Survey Sample 2013
16,11/11/2013,,2013,ONDO,ODIGBO,,,6.7947,4.8676,MAIZE,OD16M-2,,,0,0,0,0,0,NAFDAC Market Survey Sample 2013
17,11/11/2013,,2013,ONDO,ODIGBO,,,6.7947,4.8676,MAIZE,OD17M-2,,,1.73,0,0,0,1.73,NAFDAC Market Survey Sample 2013
18,11/11/2013,,2013,ONDO,ESE ODO,,,6.257,4.9351,MAIZE,OD18M-2,,,11.17,2.97,0,0,14.14,NAFDAC Market Survey Sample 2013
19,11/11/2013,,2013,ONDO,ILE OLUJI,,,7.2017,4.8676,MAIZE,OD19M-2,,,10.64,1.48,0,0,12.12,NAFDAC Market Survey Sample 2013
20,11/11/2013,,2013,ONDO,ILE OLUJI,,,7.2017,4.8676,MAIZE,OD20M-2,,,5.85,0,0,0,5.85,NAFDAC Market Survey Sample 2013
21,11/11/2013,,2013,ONDO,ILE OLUJI,,,7.2017,4.8676,MAIZE,OD21M-2,,,3.56,0,0,0,3.56,NAFDAC Market Survey Sample 2013
22,11/11/2013,,2013,ONDO,IRELE,,,6.4883,4.8702,MAIZE,OD22M-2,,,5.24,0,0,0,5.24,NAFDAC Market Survey Sample 2013
23,11/11/2013,,2013,ONDO,IRELE,,,6.4883,4.8702,MAIZE,OD23M-2,,,5.98,0,0,0,5.98,NAFDAC Market Survey Sample 2013
24,11/11/2013,,2013,ONDO,IRELE,,,6.4883,4.8702,MAIZE,OD24M-2,,,5.99,0,0,0,5.99,NAFDAC Market Survey Sample 2013
25,11/11/2013,,2013,ONDO,ILAJE,,,6.2585,4.7692,MAIZE,OD25M-2,,,6.66,0,0,0,6.66,NAFDAC Market Survey Sample 2013
26,11/11/2013,,2013,ONDO,ILAJE,,,6.2585,4.7692,MAIZE,OD26M-2,,,27.99,4.3,0,0,32.28,NAFDAC Market Survey Sample 2013
27,11/11/2013,,2013,ONDO,ILAJE,,,6.2585,4.7692,MAIZE,OD27M-2,,,5.02,0,0,0,5.02,NAFDAC Market Survey Sample 2013
28,11/11/2013,,2013,ONDO,OKITIPUPA,,,6.504,4.7707,MAIZE,OD28M-2,,,0,0,0,0,0,NAFDAC Market Survey Sample 2013
29,11/11/2013,,2013,ONDO,OKITIPUPA,,,6.504,4.7707,MAIZE,OD29M-2,,,0,0,0,0,0,NAFDAC Market Survey Sample 2013
30,11/11/2013,,2013,ONDO,OKITIPUPA,,,6.504,4.7707,MAIZE,OD30M-2,,,2.75,0,0,0,2.75,NAFDAC Market Survey Sample 2013
31,14/11/2013,,2013,ONDO,AKOKO NORTH WEST,,,7.6165,5.7721,MAIZE,OD31M-2,,,0,0,0,0,0,NAFDAC Market Survey Sample 2013
32,15/11/2013,,2013,ONDO,AKOKO NORTH WEST,,,7.6165,5.7721,MAIZE,OD32M-3,,,0,0,0,0,0,NAFDAC Market Survey Sample 2013
33,14/11/2013,,2013,ONDO,AKOKO NORTH WEST,,,7.6165,5.7721,MAIZE,OD33M-2,,,0,0,0,0,0,NAFDAC Market Survey Sample 2013
34,14/11/2013,,2013,ONDO,OSE,,,6.92,5.78,MAIZE,OD34M-2,,,4.2,0,0,0,4.2,NAFDAC Market Survey Sample 2013
35,14/11/2013,,2013,ONDO,OWO,,,7.1989,5.5932,MAIZE,OD35M-2,,,4.85,0,0,0,4.85,NAFDAC Market Survey Sample 2013
36,14/11/2013,,2013,ONDO,OWO,,,7.1989,5.5932,MAIZE,OD36M-2,,,0,0,0,0,0,NAFDAC Market Survey Sample 2013
37,14/11/2013,,2013,ONDO,OWO,,,7.1989,5.5932,MAIZE,OD37M-1,,,0,0,0,0,0,NAFDAC Market Survey Sample 2013
38,14/11/2013,,2013,ONDO,AKOKO SOUTH EAST,,,7.4204,5.9198,MAIZE,OD38M-2,,,0,0,0,0,0,NAFDAC Market Survey Sample 2013
39,14/11/2013,,2013,ONDO,AKOKO SOUTH EAST,,,7.4204,5.9198,MAIZE,OD39M-2,,,0,0,0,0,0,NAFDAC Market Survey Sample 2013
40,15/11/2013,,2013,ONDO,AKOKO SOUTH WEST,,,7.3807,5.6668,MAIZE,OD40M-3,,,0,0,0,0,0,NAFDAC Market Survey Sample 2013
41,16/11/2013,,2013,ONDO,AKOKO SOUTH WEST,,,7.3807,5.6668,MAIZE,OD41M-4,,,0,0,0,0,0,NAFDAC Market Survey Sample 2013
42,17/11/2013,,2013,ONDO,AKOKO SOUTH WEST,,,7.3807,5.6668,MAIZE,OD42M-5,,,0,0,0,0,0,NAFDAC Market Survey Sample 2013
43,14/11/2013,,2013,ONDO,AKOKO NORTH EAST,,,7.4204,5.9198,MAIZE,OD43M-2,,,0,0,0,0,0,NAFDAC Market Survey Sample 2013
44,14/11/2013,,2013,ONDO,AKOKO NORTH EAST,,,7.4204,5.9198,MAIZE,OD44M-2,,,5.55,0,0,0,5.55,NAFDAC Market Survey Sample 2013
45,14/11/2013,,2013,ONDO,AKOKO NORTH EAST,,,7.4204,5.9198,MAIZE,OD45M-2,,,8.78,0,0,0,8.78,NAFDAC Market Survey Sample 2013
46,Not reported,,2013,OYO,IBADAN NORTH,,,7.4102,3.9165,MAIZE,OY91M-2,,,84.18,3.03,0,0,87.21,NAFDAC Market Survey Sample 2013
47,Not reported,,2013,OYO,IBADAN NORTH,,,7.4102,3.9165,MAIZE,OY92M-2,,,3.43,0,0,0,3.43,NAFDAC Market Survey Sample 2013
48,Not reported,,2013,OYO,IBADAN NORTH,,,7.4102,3.9165,MAIZE,OY93M-2,,,3.45,0,0,0,3.45,NAFDAC Market Survey Sample 2013
49,Not reported,,2013,OYO,IBADAN NORTH EAST,,,7.3615,3.9317,MAIZE,OY94M-2,,,6.63,0,0,0,6.63,NAFDAC Market Survey Sample 2013
50,Not reported,,2013,OYO,IBADAN NORTH EAST,,,7.3615,3.9317,MAIZE,OY95M-2,,,9.77,0,0,0,9.77,NAFDAC Market Survey Sample 2013
51,Not reported,,2013,OYO,IBADAN NORTH EAST,,,7.3615,3.9317,MAIZE,OY96M-2,,,1.77,0,0,0,1.77,NAFDAC Market Survey Sample 2013
52,Not reported,,2013,OYO,IBADAN SOUTH EAST,,,7.3293,3.9114,MAIZE,OY97M-2,,,4.8,0,0,0,4.8,NAFDAC Market Survey Sample 2013
53,Not reported,,2013,OYO,IBADAN SOUTH EAST,,,7.3293,3.9114,MAIZE,OY98M-2,,,1.35,0,0,0,1.35,NAFDAC Market Survey Sample 2013
54,Not reported,,2013,OYO,IBADAN SOUTH EAST,,,7.3293,3.9114,MAIZE,OY99M-2,,,7.07,0,0,0,7.07,NAFDAC Market Survey Sample 2013
55,Not reported,,2013,OYO,IBADAN SOUTH WEST ,,,7.3458,3.8757,MAIZE,OY100M-2,,,47.74,14.07,0,0,61.81,NAFDAC Market Survey Sample 2013
56,Not reported,,2013,OYO,IBADAN SOUTH WEST,,,7.3458,3.8757,MAIZE,OY101M-2,,,3.25,0,0,0,3.25,NAFDAC Market Survey Sample 2013
57,Not reported,,2013,OYO,IBADAN SOUTH WEST,,,7.3458,3.8757,MAIZE,OY102M-2,,,5.01,0,0,0,5.01,NAFDAC Market Survey Sample 2013
58,Not reported,,2013,OYO,EGBEDA LOCAL,,,7.3796,3.9675,MAIZE,OY103M-2,,,4.63,0,0,0,4.63,NAFDAC Market Survey Sample 2013
59,Not reported,,2013,OYO,EGBEDA LOCAL,,,7.3796,3.9675,MAIZE,OY104M-2,,,25.25,2.28,8.14,5.04,40.72,NAFDAC Market Survey Sample 2013
60,Not reported,,2013,OYO,EGBEDA LOCAL,,,7.3796,3.9675,MAIZE,OY105M-2,,,5.44,0,0,0,5.44,NAFDAC Market Survey Sample 2013
61,Not reported,,2013,OYO,OYO EAST L.G.A,,,7.8745,4.0491,MAIZE,OY106M-2,,,0,0,0,0,0,NAFDAC Market Survey Sample 2013
62,Not reported,,2013,OYO,OYO EAST L.G.A,,,7.8745,4.0491,MAIZE,OY107M-2,,,4.57,0,0,0,4.57,NAFDAC Market Survey Sample 2013
63,Not reported,,2013,OYO,OYO EAST L.G.A,,,7.8745,4.0491,MAIZE,OY108M-2,,,9.16,0,0,0,9.16,NAFDAC Market Survey Sample 2013
64,Not reported,,2013,OYO,OYO WEST L.G.A,,,7.8987,3.7842,MAIZE,OY109M-2,,,2.76,0,0,0,2.76,NAFDAC Market Survey Sample 2013
65,Not reported,,2013,OYO,OYO WEST L.G.A,,,7.8987,3.7842,MAIZE,OY110M-2,,,5.21,0,0,0,5.21,NAFDAC Market Survey Sample 2013
66,Not reported,,2013,OYO,OYO WEST L.G.A,,,7.8987,3.7842,MAIZE,OY111M-2,,,7.79,0,0,0,7.79,NAFDAC Market Survey Sample 2013
67,Not reported,,2013,OYO,AFIJO LOCAL GOVT,,,7.7243,3.8655,MAIZE,OY112M-2,,,3.71,0,0,0,3.71,NAFDAC Market Survey Sample 2013
68,Not reported,,2013,OYO,AFIJO LOCAL GOVT,,,7.7243,3.8655,MAIZE,OY113M-2,,,2.72,0,0,0,2.72,NAFDAC Market Survey Sample 2013
69,Not reported,,2013,OYO,AFIJO LOCAL GOVT,,,7.7243,3.8655,MAIZE,OY114M-2,,,3.82,0,0,0,3.82,NAFDAC Market Survey Sample 2013
70,Not reported,,2013,OYO,ATIBA L.G.A,,,8.2465,3.8655,MAIZE,OY115M-2,,,3.53,0,0,0,3.53,NAFDAC Market Survey Sample 2013
71,Not reported,,2013,OYO,ATIBA L.G.A,,,8.2465,3.8655,MAIZE,OY116M-2,,,30.72,3.42,0,0,34.14,NAFDAC Market Survey Sample 2013
72,Not reported,,2013,OYO,ATIBA L.G.A,,,8.2465,3.8655,MAIZE,OY117M-2,,,2.45,0,0,0,2.45,NAFDAC Market Survey Sample 2013
73,Not reported,,2013,OYO,OGBOMOSO NORTH L.G.A,,,8.1335,4.2538,MAIZE,OY118M-2,,,2.31,0,0,0,2.31,NAFDAC Market Survey Sample 2013
74,Not reported,,2013,OYO,OGBOMOSO NORTH L.G.A,,,8.1335,4.2538,MAIZE,OY119M-2,,,0,0,0,0,0,NAFDAC Market Survey Sample 2013
75,Not reported,,2013,OYO,OGBOMOSO NORTH L.G.A,,,8.1335,4.2538,MAIZE,OY120M-2,,,5.34,0,0,0,5.34,NAFDAC Market Survey Sample 2013
76,Not reported,,2013,OYO,OGBOMOSO SOUTH,,,8.0794,4.2231,MAIZE,OY121M-2,,,12.24,0,0,0,12.24,NAFDAC Market Survey Sample 2013
77,Not reported,,2013,OYO,OGBOMOSO SOUTH,,,8.0794,4.2231,MAIZE,OY122M-2,,,39.11,0,69.29,5.78,114.17,NAFDAC Market Survey Sample 2013
78,Not reported,,2013,OYO,OGBOMOSO SOUTH,,,8.0794,4.2231,MAIZE,OY123M-2,,,6.27,0,0,0,6.27,NAFDAC Market Survey Sample 2013
79,Not reported,,2013,OYO,SAKI EAST L.G.A,,,8.687,3.6218,MAIZE,OY124M-2,,,5.19,0,0,0,5.19,NAFDAC Market Survey Sample 2013
80,Not reported,,2013,OYO,SAKI EAST L.G.A,,,8.687,3.6218,MAIZE,OY125M-2,,,4.68,0,0,0,4.68,NAFDAC Market Survey Sample 2013
81,Not reported,,2013,OYO,SAKI EAST L.G.A,,,8.687,3.6218,MAIZE,OY126M-2,,,3.31,0,0,0,3.31,NAFDAC Market Survey Sample 2013
82,Not reported,,2013,OYO,SAKI WEST L.G.A,,,8.6033,3.1378,MAIZE,OY127M-2,,,10.9,0,0,0,10.9,NAFDAC Market Survey Sample 2013
83,Not reported,,2013,OYO,SAKI WEST L.G.A,,,8.6033,3.1378,MAIZE,OY128M-2,,,10.85,3.17,0,0,14.03,NAFDAC Market Survey Sample 2013
84,Not reported,,2013,OYO,SAKI WEST L.G.A,,,8.6033,3.1378,MAIZE,OY129M-2,,,32.43,3.91,7.15,3.04,46.54,NAFDAC Market Survey Sample 2013
85,Not reported,,2013,OYO,IBARAPA EAST L.G.A,,,7.641,3.4599,MAIZE,OY130M-2,,,2.72,0,0,0,2.72,NAFDAC Market Survey Sample 2013
86,Not reported,,2013,OYO,IBARAPA EAST L.G.A,,,7.641,3.4599,MAIZE,OY131M-2,,,3.46,0,0,0,3.46,NAFDAC Market Survey Sample 2013
87,Not reported,,2013,OYO,IBARAPA EAST L.G.A,,,7.641,3.4599,MAIZE,OY132M-2,,,1.42,0,0,0,1.42,NAFDAC Market Survey Sample 2013
88,Not reported,,2013,OYO,IBARAPA NORTH,,,7.6865,3.178,MAIZE,OY133M-2,,,2.8,0,0,0,2.8,NAFDAC Market Survey Sample 2013
89,Not reported,,2013,OYO,IBARAPA NORTH,,,7.6865,3.178,MAIZE,OY134M-2,,,7.19,0,0,0,7.19,NAFDAC Market Survey Sample 2013
90,Not reported,,2013,OYO,IBARAPA NORTH,,,7.6865,3.178,MAIZE,OY135M-2,,,2.79,0,0,0,2.79,NAFDAC Market Survey Sample 2013
614,13/11/2013,,2013,RIVERS,IKWERRE,,,5.1478,6.878,MAIZE,RV1273M-2,,,0,0,0,0,0,NAFDAC Market Survey Sample 2013
615,13/11/2013,,2013,RIVERS,IKWERRE,,,5.1478,6.878,MAIZE,RV1274M-2,,,0,0,0,0,0,NAFDAC Market Survey Sample 2013
616,13/11/2013,,2013,RIVERS,IKWERRE,,,5.1478,6.878,MAIZE,RV1275M-2,,,0,0,0,0,0,NAFDAC Market Survey Sample 2013
617,15/11/2013,,2013,RIVERS,OBIO/AKPOR,,,4.8776,7.0283,MAIZE,RV1276M-2,,,0,0,0,0,0,NAFDAC Market Survey Sample 2013
618,15/11/2013,,2013,RIVERS,OBIO/AKPOR,,,4.8776,7.0283,MAIZE,RV1277M-2,,,0,0,0,0,0,NAFDAC Market Survey Sample 2013
619,15/11/2013,,2013,RIVERS,OBIO/AKPOR,,,4.8776,7.0283,MAIZE,RV1278M-2,,,0,0,0,0,0,NAFDAC Market Survey Sample 2013
620,15/11/2013,,2013,RIVERS,PORTHARCOURT(PHALGA),,,4.7694,7.0174,MAIZE,RV1279M-2,,,0,0,0,0,0,NAFDAC Market Survey Sample 2013
621,15/11/2013,,2013,RIVERS,PORTHARCOURT(PHALGA),,,4.7694,7.0174,MAIZE,RV1280M-2,,,0,0,0,0,0,NAFDAC Market Survey Sample 2013
622,15/11/2013,,2013,RIVERS,PORTHARCOURT(PHALGA),,,4.7694,7.0174,MAIZE,RV1281M-2,,,0,0,0,0,0,NAFDAC Market Survey Sample 2013
623,15/11/2013,,2013,RIVERS,EMUOHA,,,4.8851,6.8612,MAIZE,RV1282M-2,,,0,0,0,0,0,NAFDAC Market Survey Sample 2013
624,15/11/2013,,2013,RIVERS,EMUOHA,,,4.8851,6.8612,MAIZE,RV1283M-2,,,0,0,0,0,0,NAFDAC Market Survey Sample 2013
625,15/11/2013,,2013,RIVERS,EMUOHA,,,4.8851,6.8612,MAIZE,RV1284M-2,,,0,0,0,0,0,NAFDAC Market Survey Sample 2013
626,15/11/2013,,2013,RIVERS,OMUMA,,,5.1231,7.2437,MAIZE,RV1285M-2,,,1.97,0,0,0,1.97,NAFDAC Market Survey Sample 2013
627,15/11/2013,,2013,RIVERS,OMUMA,,,5.1231,7.2437,MAIZE,RV1286M-2,,,1.04,0,0,0,1.04,NAFDAC Market Survey Sample 2013
628,15/11/2013,,2013,RIVERS,OMUMA,,,5.1231,7.2437,MAIZE,RV1287M-2,,,0,0,0,0,0,NAFDAC Market Survey Sample 2013
629,14/11/2013,,2013,RIVERS,TAI,,,4.7518,7.2437,MAIZE,RV1288M-2,,,1.64,0,0,0,1.64,NAFDAC Market Survey Sample 2013
630,14/11/2013,,2013,RIVERS,TAI,,,4.7518,7.2437,MAIZE,RV1289M-2,,,0,0,0,0,0,NAFDAC Market Survey Sample 2013
631,14/11/2013,,2013,RIVERS,TAI,,,4.7518,7.2437,MAIZE,RV1290M-2,,,0,0,0,0,0,NAFDAC Market Survey Sample 2013
632,14/11/2013,,2013,RIVERS,OYIGBO,,,4.8812,7.1326,MAIZE,RV1291M-2,,,0,0,0,0,0,NAFDAC Market Survey Sample 2013
633,14/11/2013,,2013,RIVERS,OYIGBO,,,4.8812,7.1326,MAIZE,RV1292M-2,,,0,0,0,0,0,NAFDAC Market Survey Sample 2013
634,14/11/2013,,2013,RIVERS,OYIGBO,,,4.8812,7.1326,MAIZE,RV1293M-2,,,0,0,0,0,0,NAFDAC Market Survey Sample 2013
635,14/11/2013,,2013,RIVERS,GOKANA,,,4.6692,7.2869,MAIZE,RV1294M-2,,,0,0,0,0,0,NAFDAC Market Survey Sample 2013
636,14/11/2013,,2013,RIVERS,GOKANA,,,4.6692,7.2869,MAIZE,RV1295M-2,,,0,0,0,0,0,NAFDAC Market Survey Sample 2013
637,14/11/2013,,2013,RIVERS,GOKANA,,,4.6692,7.2869,MAIZE,RV1296M-2,,,0,0,0,0,0,NAFDAC Market Survey Sample 2013
638,14/11/2013,,2013,RIVERS,KHANA,,,4.6476,7.3949,MAIZE,RV1297M-2,,,0.53,0,0,0,0.53,NAFDAC Market Survey Sample 2013
639,14/11/2013,,2013,RIVERS,KHANA,,,4.6476,7.3949,MAIZE,RV1298M-2,,,0,0,0,0,0,NAFDAC Market Survey Sample 2013
640,14/11/2013,,2013,RIVERS,KHANA,,,4.6476,7.3949,MAIZE,RV1299M-2,,,0,0,0,0,0,NAFDAC Market Survey Sample 2013
641,13/11/2013,,2013,RIVERS,ELEME,,,4.7994,7.1198,MAIZE,RV1300M-2,,,0,0,0,0,0,NAFDAC Market Survey Sample 2013
642,15/11/2013,,2013,RIVERS,ASARI TORU,,,4.7456,6.8458,MAIZE,RV1303M-2,,,2.47,0,0,0,2.47,NAFDAC Market Survey Sample 2013
643,15/11/2013,,2013,RIVERS,ASARI TORU,,,4.7456,6.8458,MAIZE,RV1304M-2,,,0,0,0,0,0,NAFDAC Market Survey Sample 2013
644,15/11/2013,,2013,RIVERS,ASARI TORU,,,4.7456,6.8458,MAIZE,RV1305M-2,,,1,0,0,0,1,NAFDAC Market Survey Sample 2013
645,15/11/2013,,2013,RIVERS,BONNY,,,4.4295,7.1952,MAIZE,RV1306M-2,,,16.38,0,0,0,16.38,NAFDAC Market Survey Sample 2013
646,15/11/2013,,2013,RIVERS,BONNY,,,4.4295,7.1952,MAIZE,RV1307M-2,,,8.36,2.5,13.97,3.46,28.29,NAFDAC Market Survey Sample 2013
647,15/11/2013,,2013,RIVERS,BONNY,,,4.4295,7.1952,MAIZE,RV1308M-2,,,0.52,0,0,0,0.52,NAFDAC Market Survey Sample 2013
648,15/11/2013,,2013,RIVERS,AHOADA EAST,,,5.0468,6.6424,MAIZE,RV1309M-2,,,0,0,0,0,0,NAFDAC Market Survey Sample 2013
649,15/11/2013,,2013,RIVERS,AHOADA EAST,,,5.0468,6.6424,MAIZE,RV1310M-2,,,0.96,0,0,0,0.96,NAFDAC Market Survey Sample 2013
650,15/11/2013,,2013,RIVERS,AHOADA EAST,,,5.0468,6.6424,MAIZE,RV1311M-2,,,0,0,0,0,0,NAFDAC Market Survey Sample 2013
651,15/11/2013,,2013,RIVERS,OGBA/EGBEMA/NDONI(ONELGA,,,5.3417,6.6556,MAIZE,RV1312M-2,,,0,0,0,0,0,NAFDAC Market Survey Sample 2013
652,15/11/2013,,2013,RIVERS,OGBA/EGBEMA/NDONI(ONELGA,,,5.3417,6.6556,MAIZE,RV1313M-2,,,0,0,0,0,0,NAFDAC Market Survey Sample 2013
653,15/11/2013,,2013,RIVERS,OGBA/EGBEMA/NDONI(ONELGA,,,5.3417,6.6556,MAIZE,RV1314M-2,,,2.2,0,0,0,2.2,NAFDAC Market Survey Sample 2013
654,15/11/2013,,2013,RIVERS,AKUKU-TORU,,,5.3417,6.6556,MAIZE,RV1315M-2,,,2.8,0,2.54,0,5.34,NAFDAC Market Survey Sample 2013
655,15/11/2013,,2013,RIVERS,AKUKU-TORU,,,4.6138,6.6638,MAIZE,RV1316M-2,,,0,0,0,0,0,NAFDAC Market Survey Sample 2013
656,15/11/2013,,2013,RIVERS,AKUKU-TORU,,,4.6138,6.6638,MAIZE,RV1317M-2,,,0,0,0,0,0,NAFDAC Market Survey Sample 2013
1,,,2015,kaduna,Babangona,,,10.5036,7.4337,Maize,ARBG0008C,,,,,,,22.6,AgResults Control samples 2015
2,,,2015,kaduna,Babangona,,,10.5036,7.4337,Maize,ARBG0009C,,,,,,,12.3,AgResults Control samples 2015
3,,,2015,kaduna,Babangona,,,10.5036,7.4337,Maize,ARBG00010C,,,,,,,10.1,AgResults Control samples 2015
24,,,2015,Kaduna,RAFIN TABO,,,11.1902,8.1294,Maize,BAG3-003,,,,,,,1.4,AgResults Control samples 2015
25,,,2015,Kaduna,RAFIN TABO,,,11.1902,8.1294,Maize,BAG3-004,,,,,,,1,AgResults Control samples 2015
26,,,2015,Kaduna,RAFIN TABO,,,11.1902,8.1294,Maize,BAG3-005,,,,,,,2.7,AgResults Control samples 2015
27,,,2015,Kaduna,RAFIN TABO,,,11.1902,8.1294,Maize,BAG3-006,,,,,,,1.2,AgResults Control samples 2015
28,,,2015,Kaduna,RAFIN TABO,,,11.1902,8.1294,Maize,BAG3-007,,,,,,,1.5,AgResults Control samples 2015
29,,,2015,Kaduna,RAFIN TABO,,,11.1902,8.1294,Maize,BAG3-008,,,,,,,2.1,AgResults Control samples 2015
30,,,2015,Kaduna,RAFIN TABO,,,11.1902,8.1294,Maize,BAG4-001,,,,,,,1.6,AgResults Control samples 2015
31,,,2015,Kaduna,RAFIN TABO,,,11.1902,8.1294,Maize,BAG4-002,,,,,,,1.6,AgResults Control samples 2015
32,,,2015,Kaduna,RAFIN TABO,,,11.1902,8.1294,Maize,BAG4-003,,,,,,,1.5,AgResults Control samples 2015
33,,,2015,Kaduna,RAFIN TABO,,,11.1902,8.1294,Maize,BAG4-004,,,,,,,23.6,AgResults Control samples 2015
34,,,2015,Kaduna,RAFIN TABO,,,11.1902,8.1294,Maize,BAG4-005,,,,,,,1.2,AgResults Control samples 2015
35,,,2015,Kaduna,RAFIN TABO,,,11.1902,8.1294,Maize,BAG4-006,,,,,,,1.3,AgResults Control samples 2015
36,,,2015,Kaduna,RAFIN TABO,,,11.1902,8.1294,Maize,BAG4-007,,,,,,,1.1,AgResults Control samples 2015
37,,,2015,Kaduna,RAFIN TABO,,,11.1902,8.1294,Maize,BAG4-008,,,,,,,0.8,AgResults Control samples 2015
38,,,2015,Kaduna,RAFIN TABO,,,11.1902,8.1294,Maize,BAG4-009,,,,,,,0.9,AgResults Control samples 2015
39,,,2015,Kaduna,RAFIN TABO,,,11.1902,8.1294,Maize,BAG5-001,,,,,,,3.6,AgResults Control samples 2015
40,,,2015,Kaduna,RAFIN TABO,,,11.1902,8.1294,Maize,BAG5-002,,,,,,,1.3,AgResults Control samples 2015
41,,,2015,Kaduna,TARSHA ANGO,,,11.2667,7.6522,Maize,BAG5-003,,,,,,,1.6,AgResults Control samples 2015
42,,,2015,Kaduna,TARSHA ANGO,,,11.2667,7.6522,Maize,BAG5-004,,,,,,,0.9,AgResults Control samples 2015
43,,,2015,Kaduna,TARSHA ANGO,,,11.2667,7.6522,Maize,BAG5-005,,,,,,,1.1,AgResults Control samples 2015
44,,,2015,Kaduna,TARSHA ANGO,,,11.2667,7.6522,Maize,BAG5-006,,,,,,,1.4,AgResults Control samples 2015
45,,,2015,Kaduna,TARSHA ANGO,,,11.2667,7.6522,Maize,BAG5-007,,,,,,,1.7,AgResults Control samples 2015
46,,,2015,Kaduna,TARSHA ANGO,,,11.2667,7.6522,Maize,BAG5-008,,,,,,,0.9,AgResults Control samples 2015
47,,,2015,Kaduna,TARSHA ANGO,,,11.2667,7.6522,Maize,BAG6-001,,,,,,,1.4,AgResults Control samples 2015
48,,,2015,Kaduna,TARSHA ANGO,,,11.2667,7.6522,Maize,BAG6-002,,,,,,,1.6,AgResults Control samples 2015
49,,,2015,Kaduna,TARSHA ANGO,,,11.2667,7.6522,Maize,BAG6-003,,,,,,,0.9,AgResults Control samples 2015
50,,,2015,Kaduna,GALADIMA,,,9.5,8.05,Maize,BAG6-004,,,,,,,0.6,AgResults Control samples 2015
51,,,2015,Kaduna,GALADIMA,,,9.5,8.05,Maize,BAG6-005,,,,,,,0.8,AgResults Control samples 2015
52,,,2015,Kaduna,GALADIMA,,,9.5,8.05,Maize,BAG6-006,,,,,,,45.9,AgResults Control samples 2015
53,,,2015,Kaduna,GALADIMA,,,9.5,8.05,Maize,BAG6-007,,,,,,,0.6,AgResults Control samples 2015
54,,,2015,Kaduna,GALADIMA,,,9.5,8.05,Maize,BAG7-001,,,,,,,0.6,AgResults Control samples 2015
55,,,2015,Kaduna,IKARA,,,11.1788,8.2268,Maize,BAG7-002A,,,,,,,0.7,AgResults Control samples 2015
56,,,2015,Kaduna,IKARA,,,11.1788,8.2268,Maize,BAG7-002B,,,,,,,1.2,AgResults Control samples 2015
57,,,2015,Kaduna,IKARA,,,11.1788,8.2268,Maize,BAG7-003,,,,,,,1.1,AgResults Control samples 2015
58,,,2015,Kaduna,IKARA,,,11.1788,8.2268,Maize,BAG7-004,,,,,,,0.6,AgResults Control samples 2015
59,,,2015,Kaduna,IKARA,,,11.1788,8.2268,Maize,BAG7-005,,,,,,,0.4,AgResults Control samples 2015
60,,,2015,Kaduna,IKARA,,,11.1788,8.2268,Maize,BAG7-006,,,,,,,0.7,AgResults Control samples 2015
61,,,2015,Kaduna,IKARA,,,11.1788,8.2268,Maize,BAG7-007,,,,,,,0.8,AgResults Control samples 2015
62,,,2015,Kaduna,IKARA,,,11.1788,8.2268,Maize,BAG7-008,,,,,,,1,AgResults Control samples 2015
63,,,2015,Kaduna,IKARA,,,11.1788,8.2268,Maize,BAG7-009,,,,,,,0.7,AgResults Control samples 2015
64,,,2015,Kaduna,IKARA,,,11.1788,8.2268,Maize,BAG8-001,,,,,,,1.3,AgResults Control samples 2015
65,,,2015,Kaduna,IKARA,,,11.1788,8.2268,Maize,BAG8-002,,,,,,,1.2,AgResults Control samples 2015
66,,,2015,Kaduna,IKARA,,,11.1788,8.2268,Maize,BAG8-003,,,,,,,1.1,AgResults Control samples 2015
67,,,2015,Kaduna,IKARA,,,11.1788,8.2268,Maize,BAG8-004,,,,,,,1,AgResults Control samples 2015
68,,,2015,Kaduna,IKARA,,,11.1788,8.2268,Maize,BAG8-005,,,,,,,0.4,AgResults Control samples 2015
69,,,2015,Kaduna,IKARA,,,11.1788,8.2268,Maize,BAG8-006,,,,,,,0.6,AgResults Control samples 2015
70,,,2015,Kaduna,IKARA,,,11.1788,8.2268,Maize,BAG8-007,,,,,,,1.1,AgResults Control samples 2015
71,,,2015,Kaduna,IKARA,,,11.1788,8.2268,Maize,BAG8-008,,,,,,,1.2,AgResults Control samples 2015
72,,,2015,Kaduna,IKARA,,,11.1788,8.2268,Maize,BAG9-001,,,,,,,1.4,AgResults Control samples 2015
73,,,2015,Kaduna,IKARA,,,11.1788,8.2268,Maize,BAG9-002,,,,,,,1.7,AgResults Control samples 2015
74,,,2015,Kaduna,IKARA,,,11.1788,8.2268,Maize,BAG9-003,,,,,,,1.3,AgResults Control samples 2015
75,,,2015,Kaduna,IKARA,,,11.1788,8.2268,Maize,BAG9-004,,,,,,,3.3,AgResults Control samples 2015
76,,,2015,Kaduna,IKARA,,,11.1788,8.2268,Maize,BAG9-005,,,,,,,1.4,AgResults Control samples 2015
77,,,2015,Kaduna,IKARA,,,11.1788,8.2268,Maize,BAG9-006,,,,,,,1.6,AgResults Control samples 2015
78,,,2015,Kaduna,IKARA,,,11.1788,8.2268,Maize,BAG9-007,,,,,,,1.6,AgResults Control samples 2015
79,,,2015,Kaduna,IKARA,,,11.1788,8.2268,Maize,BAG9-008,,,,,,,1.3,AgResults Control samples 2015
80,,,2015,Kaduna,Kaduna,,,11.3334,8.1229,Maize,BAG9-009,,,,,,,1.4,AgResults Control samples 2015
81,,,2015,Kaduna,Kaduna,,,11.3334,8.1229,Maize,BAG9-010,,,,,,,0.9,AgResults Control samples 2015
82,,,2015,Kaduna,Kaduna,,,11.3334,8.1229,Maize,BAG10-001,,,,,,,0.5,AgResults Control samples 2015
83,,,2015,Kaduna,Kaduna,,,11.3334,8.1229,Maize,BAG10-002,,,,,,,1.1,AgResults Control samples 2015
84,,,2015,Kaduna,Kaduna,,,11.3334,8.1229,Maize,BAG10-003,,,,,,,0.9,AgResults Control samples 2015
85,,,2015,Kaduna,Kaduna,,,11.3334,8.1229,Maize,BAG10-004,,,,,,,0.6,AgResults Control samples 2015
86,,,2015,Kaduna,Kaduna,,,11.3334,8.1229,Maize,BAG10-005,,,,,,,0.8,AgResults Control samples 2015
87,,,2015,Kaduna,Kaduna,,,11.3334,8.1229,Maize,BAG10-006,,,,,,,1.1,AgResults Control samples 2015
88,,,2015,Kaduna,Kaduna,,,11.3334,8.1229,Maize,BAG10-007,,,,,,,1.9,AgResults Control samples 2015
89,,,2015,Kaduna,Kaduna,,,11.3334,8.1229,Maize,BAG10-008,,,,,,,0.9,AgResults Control samples 2015
90,,,2015,Kaduna,Kaduna,,,11.3334,8.1229,Maize,BAG11-001,,,,,,,1.2,AgResults Control samples 2015
91,,,2015,Kaduna,Kaduna,,,11.3334,8.1229,Maize,BAG11-002,,,,,,,1.8,AgResults Control samples 2015
92,,,2015,Kaduna,Kaduna,,,11.3334,8.1229,Maize,BAG11-003,,,,,,,1.7,AgResults Control samples 2015
93,,,2015,Kaduna,Babangona,,,10.5036,7.4337,Maize,BAG11-004,,,,,,,1.4,AgResults Control samples 2015
94,,,2015,Kaduna,Babangona,,,10.5036,7.4337,Maize,BAG11-005,,,,,,,1.1,AgResults Control samples 2015
95,,,2015,Kaduna,Babangona,,,10.5036,7.4337,Maize,BAG11-006,,,,,,,1,AgResults Control samples 2015
96,,,2015,Kaduna,Babangona,,,10.5036,7.4337,Maize,BAG11-007,,,,,,,1.3,AgResults Control samples 2015
97,,,2015,Kaduna,Babangona,,,10.5036,7.4337,Maize,BAG11-008,,,,,,,2.5,AgResults Control samples 2015
98,,,2015,Kaduna,Babangona,,,10.5036,7.4337,Maize,BAG11-009,,,,,,,0.8,AgResults Control samples 2015
99,,,2015,Kaduna,Babangona,,,10.5036,7.4337,Maize,BAG12-001,,,,,,,1.8,AgResults Control samples 2015
100,,,2015,Kaduna,Babangona,,,10.5036,7.4337,Maize,BAG12-002,,,,,,,1.8,AgResults Control samples 2015
101,,,2015,Kaduna,Babangona,,,10.5036,7.4337,Maize,BAG12-003,,,,,,,1.6,AgResults Control samples 2015
102,,,2015,Kaduna,Babangona,,,10.5036,7.4337,Maize,BAG12-004,,,,,,,1.1,AgResults Control samples 2015
103,,,2015,Kaduna,Babangona,,,10.5036,7.4337,Maize,BAG12-005,,,,,,,1,AgResults Control samples 2015
104,,,2015,Kaduna,Babangona,,,10.5036,7.4337,Maize,BAG12-006,,,,,,,0.8,AgResults Control samples 2015
105,,,2015,Kaduna,Babangona,,,10.5036,7.4337,Maize,BAG12-007,,,,,,,0.7,AgResults Control samples 2015
106,,,2015,Kaduna,Babangona,,,10.5036,7.4337,Maize,BAG12-008,,,,,,,0.9,AgResults Control samples 2015
107,,,2015,Kaduna,Babangona,,,10.5036,7.4337,Maize,BAG12-009,,,,,,,0.9,AgResults Control samples 2015
108,,,2015,Kaduna,Babangona,,,10.5036,7.4337,Maize,BAG13-001,,,,,,,4.1,AgResults Control samples 2015
109,,,2015,Kaduna,Babangona,,,10.5036,7.4337,Maize,BAG13-002,,,,,,,0.7,AgResults Control samples 2015
110,,,2015,Kaduna,Babangona,,,10.5036,7.4337,Maize,BAG13-003,,,,,,,0.7,AgResults Control samples 2015
111,,,2015,Kaduna,Babangona,,,10.5036,7.4337,Maize,BAG13-004,,,,,,,1,AgResults Control samples 2015
112,,,2015,Kaduna,Babangona,,,10.5036,7.4337,Maize,BAG13-005,,,,,,,1.1,AgResults Control samples 2015
113,,,2015,Kaduna,Babangona,,,10.5036,7.4337,Maize,BAG13-006,,,,,,,0.6,AgResults Control samples 2015
114,,,2015,Kaduna,Babangona,,,10.5036,7.4337,Maize,BAG13-007,,,,,,,0.6,AgResults Control samples 2015
115,,,2015,Kaduna,Babangona,,,10.5036,7.4337,Maize,BAG13-008,,,,,,,1.1,AgResults Control samples 2015
116,,,2015,Kaduna,Babangona,,,10.5036,7.4337,Maize,BAG13-009,,,,,,,2.7,AgResults Control samples 2015
117,,,2015,Kaduna,Babangona,,,10.5036,7.4337,Maize,BAG14-001,,,,,,,1.1,AgResults Control samples 2015
118,,,2015,Kaduna,Babangona,,,10.5036,7.4337,Maize,BAG14-002,,,,,,,0.5,AgResults Control samples 2015
119,,,2015,Kaduna,Babangona,,,10.5036,7.4337,Maize,BAG14-003,,,,,,,1.4,AgResults Control samples 2015
120,,,2015,Kaduna,Babangona,,,10.5036,7.4337,Maize,BAG14-004,,,,,,,0.9,AgResults Control samples 2015
121,,,2015,Kaduna,Babangona,,,10.5036,7.4337,Maize,BAG14-005,,,,,,,1.1,AgResults Control samples 2015
122,,,2015,Kaduna,Babangona,,,10.5036,7.4337,Maize,BAG14-006,,,,,,,1.2,AgResults Control samples 2015
123,,,2015,Kaduna,Babangona,,,10.5036,7.4337,Maize,BAG14-007,,,,,,,0.8,AgResults Control samples 2015
124,,,2015,Kaduna,Babangona,,,10.5036,7.4337,Maize,BAG14-008,,,,,,,0.7,AgResults Control samples 2015
125,,,2015,Kaduna,Babangona,,,10.5036,7.4337,Maize,BAG14-009,,,,,,,1.1,AgResults Control samples 2015
126,,,2015,Kaduna,Babangona,,,10.5036,7.4337,Maize,BAG14-010,,,,,,,1.1,AgResults Control samples 2015
127,,,2015,Kaduna,Babangona,,,10.5036,7.4337,Maize,BAG14-011,,,,,,,1.2,AgResults Control samples 2015
128,,,2015,Kaduna,Babangona,,,10.5036,7.4337,Maize,BAG14-012,,,,,,,1.2,AgResults Control samples 2015
129,,,2015,Kaduna,Babangona,,,10.5036,7.4337,Maize,BAG14-013,,,,,,,1.7,AgResults Control samples 2015
130,,,2015,Kaduna,Babangona,,,10.5036,7.4337,Maize,BAG14-014,,,,,,,1,AgResults Control samples 2015
131,,,2015,Kaduna,Babangona,,,10.5036,7.4337,Maize,BAG14-015,,,,,,,0.8,AgResults Control samples 2015
132,,,2015,Kaduna,Babangona,,,10.5036,7.4337,Maize,BAG14-016,,,,,,,1.1,AgResults Control samples 2015
133,,,2015,Kaduna,Babangona,,,10.5036,7.4337,Maize,BAG14-017,,,,,,,0.8,AgResults Control samples 2015
134,,,2015,Kaduna,Babangona,,,10.5036,7.4337,Maize,BAG14-018,,,,,,,1,AgResults Control samples 2015
135,,,2015,Kaduna,Babangona,,,10.5036,7.4337,Maize,BAG14-019,,,,,,,0.5,AgResults Control samples 2015
136,,,2015,Kaduna,Babangona,,,10.5036,7.4337,Maize,BAG14-020,,,,,,,0.9,AgResults Control samples 2015
137,,,2015,Kaduna,Babangona,,,10.5036,7.4337,Maize,BAG14-021,,,,,,,1,AgResults Control samples 2015
138,,,2015,Kaduna,Babangona,,,10.5036,7.4337,Maize,BAG14-022,,,,,,,0.7,AgResults Control samples 2015
139,,,2015,Kaduna,Babangona,,,10.5036,7.4337,Maize,BAG14-023,,,,,,,0.6,AgResults Control samples 2015
140,,,2015,Kaduna,Babangona,,,10.5036,7.4337,Maize,BAG14-024,,,,,,,0.8,AgResults Control samples 2015
141,,,2015,Kaduna,Babangona,,,10.5036,7.4337,Maize,BAG14-025,,,,,,,1.5,AgResults Control samples 2015
142,,,2015,Kaduna,Babangona,,,10.5036,7.4337,Maize,BAG14-026,,,,,,,1,AgResults Control samples 2015
4,,,2015,Katsina,DANKWARI,,,12.241,7.653,Maize,BAG1-001,,,,,,,0.8,AgResults Control samples 2015
5,,,2015,Katsina,DANKWARI,,,12.241,7.653,Maize,BAG1-002,,,,,,,1,AgResults Control samples 2015
6,,,2015,Katsina,DANKWARI,,,12.241,7.653,Maize,BAG1-003,,,,,,,1.2,AgResults Control samples 2015
7,,,2015,Katsina,DANKWARI,,,12.241,7.653,Maize,BAG1-004,,,,,,,1,AgResults Control samples 2015
8,,,2015,Katsina,DANKWARI,,,12.241,7.653,Maize,BAG1-005,,,,,,,27.7,AgResults Control samples 2015
9,,,2015,Katsina,DANKWARI,,,12.241,7.653,Maize,BAG1-006,,,,,,,0.4,AgResults Control samples 2015
10,,,2015,Katsina,DANKWARI,,,12.241,7.653,Maize,BAG1-007,,,,,,,0.9,AgResults Control samples 2015
11,,,2015,Katsina,DANKWARI,,,12.241,7.653,Maize,BAG1-008,,,,,,,0.4,AgResults Control samples 2015
12,,,2015,Katsina,DANKWARI,,,12.241,7.653,Maize,BAG2-001A,,,,,,,0.9,AgResults Control samples 2015
13,,,2015,Katsina,DANKWARI,,,12.241,7.653,Maize,BAG2-001B,,,,,,,0.9,AgResults Control samples 2015
14,,,2015,Katsina,DANKWARI,,,12.241,7.653,Maize,BAG2-002,,,,,,,0.7,AgResults Control samples 2015
15,,,2015,Katsina,DANKWARI,,,12.241,7.653,Maize,BAG2-003,,,,,,,1.2,AgResults Control samples 2015
16,,,2015,Katsina,DANKWARI,,,12.241,7.653,Maize,BAG2-004,,,,,,,1.2,AgResults Control samples 2015
17,,,2015,Katsina,DANKWARI,,,12.241,7.653,Maize,BAG2-005,,,,,,,0,AgResults Control samples 2015
18,,,2015,Katsina,DANKWARI,,,12.241,7.653,Maize,BAG2-006,,,,,,,3.9,AgResults Control samples 2015
19,,,2015,Katsina,DANKWARI,,,12.241,7.653,Maize,BAG2-007,,,,,,,2,AgResults Control samples 2015
20,,,2015,Katsina,DANKWARI,,,12.241,7.653,Maize,BAG2-009,,,,,,,1.2,AgResults Control samples 2015
21,,,2015,Katsina,DANKWARI,,,12.241,7.653,Maize,BAG2-010,,,,,,,1,AgResults Control samples 2015
22,,,2015,Katsina,DANKWARI,,,12.241,7.653,Maize,BAG3-001,,,,,,,1.2,AgResults Control samples 2015
23,,,2015,Katsina,DANKWARI,,,12.241,7.653,Maize,BAG3-002,,,,,,,1.2,AgResults Control samples 2015
143,,,2015,Oyo,Igbeti,,,8.7532,4.136,Maize,NOT PROVIDED,,,,,,,103.3,AgResults Control samples 2015
81,,,2016,Edo,Egor,Ukpoke,Ukpoke,6.3671,5.5722,Maize,ARMR001C,,,,,,,124.3,AgResults Control Samples
82,,,2016,Edo,Egor,Ukpoke,Ukpoke,6.3671,5.5722,Maize,ARMR002C,,,,,,,1.1,AgResults Control Samples
83,,,2016,Edo,Egor,Ukpoke,Ukpoke,6.3671,5.5722,Maize,ARMR003C,,,,,,,3.1,AgResults Control Samples
84,,,2016,Edo,Egor,Ukpoke,Ukpoke,6.3671,5.5722,Maize,ARMR004C,,,,,,,1,AgResults Control Samples
85,,,2016,Edo,Egor,Ukpoke,Ukpoke,6.3671,5.5722,Maize,ARMR005C,,,,,,,11.8,AgResults Control Samples
86,,,2016,Edo,Esan West,Ekpoma,Ekpoma,6.6899,6.1315,Maize,ARMR006C,,,,,,,1.6,AgResults Control Samples
87,,,2016,Edo,Irrua,Akor,Akor,6.7393,6.219,Maize,ARMR007C,,,,,,,2.6,AgResults Control Samples
88,,,2016,Edo,Egor,Ukpoke,Ukpoke,6.3671,5.5722,Maize,ARMR008C,,,,,,,35.5,AgResults Control Samples
89,,,2016,Edo,Uhumwode,Uvbe,Uvbe,6.4579,5.9833,Maize,ARMR009C,,,,,,,1.1,AgResults Control Samples
90,,,2016,Edo,Uhumwode,Uvbe,Uvbe,6.4579,5.9833,Maize,ARMR010C,,,,,,,1,AgResults Control Samples
81,,,2016,Edo,Egor,Ukpoke,Ukpoke,6.3671,5.5722,Maize,ARMR001C,,,,,,,124.3,AgResults Control samples 2015/2016
82,,,2016,Edo,Egor,Ukpoke,Ukpoke,6.3671,5.5722,Maize,ARMR002C,,,,,,,1.1,AgResults Control samples 2015/2016
83,,,2016,Edo,Egor,Ukpoke,Ukpoke,6.3671,5.5722,Maize,ARMR003C,,,,,,,3.1,AgResults Control samples 2015/2016
84,,,2016,Edo,Egor,Ukpoke,Ukpoke,6.3671,5.5722,Maize,ARMR004C,,,,,,,1,AgResults Control samples 2015/2016
85,,,2016,Edo,Egor,Ukpoke,Ukpoke,6.3671,5.5722,Maize,ARMR005C,,,,,,,11.8,AgResults Control samples 2015/2016
86,,,2016,Edo,Esan West,Ekpoma,Ekpoma,6.6899,6.1315,Maize,ARMR006C,,,,,,,1.6,AgResults Control samples 2015/2016
87,,,2016,Edo,Irrua,Akor,Akor,6.7393,6.219,Maize,ARMR007C,,,,,,,2.6,AgResults Control samples 2015/2016
88,,,2016,Edo,Egor,Ukpoke,Ukpoke,6.3671,5.5722,Maize,ARMR008C,,,,,,,35.5,AgResults Control samples 2015/2016
89,,,2016,Edo,Uhumwode,Uvbe,Uvbe,6.4579,5.9833,Maize,ARMR009C,,,,,,,1.1,AgResults Control samples 2015/2016
90,,,2016,Edo,Uhumwode,Uvbe,Uvbe,6.4579,5.9833,Maize,ARMR010C,,,,,,,1,AgResults Control samples 2015/2016
59,,,2016,Ekiti,Ado Ekiti,Ado Ekiti,Ado Ekiti,7.6124,5.2371,Maize,ARFP0751C,,,,,,,0.9,AgResults Control Samples
60,,,2016,Ekiti,Ikole,Ikole Ekiti,Ikole Ekiti,7.6124,5.2371,Maize,ARFP0752C,,,,,,,0.9,AgResults Control Samples
61,,,2016,Ekiti,Ado Ekiti,Ado Ekiti,N/A,7.6124,5.2371,Maize,ARFP0753C,,,,,,,0.9,AgResults Control Samples
62,,,2016,Ekiti,Ado Ekiti,Ado Ekiti,N/A,7.6124,5.2371,Maize,ARFP0754C,,,,,,,28,AgResults Control Samples
63,,,2016,Ekiti,Ado Ekiti,Ado Ekiti,N/A,7.6124,5.2371,Maize,ARFP0755C,,,,,,,0.9,AgResults Control Samples
64,,,2016,Ekiti,Ado Ekiti,Ado Ekiti,N/A,7.6124,5.2371,Maize,ARFP0756C,,,,,,,1.5,AgResults Control Samples
59,,,2016,Ekiti,Ado Ekiti,Ado Ekiti,Ado Ekiti,7.6124,5.2371,Maize,ARFP0751C,,,,,,,0.9,AgResults Control samples 2015/2016
60,,,2016,Ekiti,Ikole,Ikole Ekiti,Ikole Ekiti,7.6124,5.2371,Maize,ARFP0752C,,,,,,,0.9,AgResults Control samples 2015/2016
61,,,2016,Ekiti,Ado Ekiti,Ado Ekiti,N/A,7.6124,5.2371,Maize,ARFP0753C,,,,,,,0.9,AgResults Control samples 2015/2016
62,,,2016,Ekiti,Ado Ekiti,Ado Ekiti,N/A,7.6124,5.2371,Maize,ARFP0754C,,,,,,,28,AgResults Control samples 2015/2016
63,,,2016,Ekiti,Ado Ekiti,Ado Ekiti,N/A,7.6124,5.2371,Maize,ARFP0755C,,,,,,,0.9,AgResults Control samples 2015/2016
64,,,2016,Ekiti,Ado Ekiti,Ado Ekiti,N/A,7.6124,5.2371,Maize,ARFP0756C,,,,,,,1.5,AgResults Control samples 2015/2016
73,,,2016,Enugu,Uzo-Uwani,Adani,Adani,6.7401,7.1359,Maize,AREN001C,,,,,,,0.2,AgResults Control Samples
74,,,2016,Enugu,Uzo-Uwani,Adani,Adani,6.7401,7.1359,Maize,AREN002C,,,,,,,1.3,AgResults Control Samples
75,,,2016,Enugu,Uzo-Uwani,Adani,Adani,6.7401,7.1359,Maize,AREN003C,,,,,,,51.6,AgResults Control Samples
76,,,2016,Enugu,Nsukka,Opi,Opi,6.8429,7.3733,Maize,AREN004C,,,,,,,1.3,AgResults Control Samples
77,,,2016,Enugu,Nsukka,Opi,Opi,6.8429,7.3733,Maize,AREN005C,,,,,,,1.8,AgResults Control Samples
78,,,2016,Enugu,Udi,Affa,Affa,6.4818,7.3949,Maize,AREN006C,,,,,,,0.5,AgResults Control Samples
79,,,2016,Enugu,Udi,Affa,Affa,6.4818,7.3949,Maize,AREN007C,,,,,,,0.9,AgResults Control Samples
80,,,2016,Enugu,Udi,Affa,Affa,6.4818,7.3949,Maize,AREN008C,,,,,,,0.5,AgResults Control Samples
73,,,2016,Enugu,Uzo-Uwani,Adani,Adani,6.7401,7.1359,Maize,AREN001C,,,,,,,0.2,AgResults Control samples 2015/2016
74,,,2016,Enugu,Uzo-Uwani,Adani,Adani,6.7401,7.1359,Maize,AREN002C,,,,,,,1.3,AgResults Control samples 2015/2016
75,,,2016,Enugu,Uzo-Uwani,Adani,Adani,6.7401,7.1359,Maize,AREN003C,,,,,,,51.6,AgResults Control samples 2015/2016
76,,,2016,Enugu,Nsukka,Opi,Opi,6.8429,7.3733,Maize,AREN004C,,,,,,,1.3,AgResults Control samples 2015/2016
77,,,2016,Enugu,Nsukka,Opi,Opi,6.8429,7.3733,Maize,AREN005C,,,,,,,1.8,AgResults Control samples 2015/2016
78,,,2016,Enugu,Udi,Affa,Affa,6.4818,7.3949,Maize,AREN006C,,,,,,,0.5,AgResults Control samples 2015/2016
79,,,2016,Enugu,Udi,Affa,Affa,6.4818,7.3949,Maize,AREN007C,,,,,,,0.9,AgResults Control samples 2015/2016
80,,,2016,Enugu,Udi,Affa,Affa,6.4818,7.3949,Maize,AREN008C,,,,,,,0.5,AgResults Control samples 2015/2016
10,,,2016,Kaduna,T/Wada,T/Wada,T/Wada Faskar,10.5079,7.4084,Maize,ARAE0001CM,,,,,,,25.1,AgResults Control Samples
11,,,2016,Kaduna,T/Wada,T/Wada,T/Wada Faskar,10.5079,7.4084,Maize,ARAE0002CM,,,,,,,1,AgResults Control Samples
12,,,2016,Kaduna,T/Wada,T/Wada,T/Wada Gimbawa,10.5079,7.4084,Maize,ARAE0003CM,,,,,,,1,AgResults Control Samples
13,,,2016,Kaduna,T/Wada,T/Wada,T/Wada Gimbawa,10.5079,7.4084,Maize,ARAE0004CM,,,,,,,0.9,AgResults Control Samples
14,,,2016,Kaduna,Doguwa,Doguwa,Angwan Malamai,10.8125,8.7041,Maize,ARAE0005CM,,,,,,,0.7,AgResults Control Samples
15,,,2016,Kaduna,Doguwa,Doguwa,Angwan Malamai,10.8125,8.7041,Maize,ARAE0006CM,,,,,,,1.3,AgResults Control Samples
16,,,2016,Kaduna,Doguwa,Doguwa,Angwan Malamai,10.8125,8.7041,Maize,ARAE0007CM,,,,,,,1,AgResults Control Samples
17,,,2016,Kaduna,Doguwa,Doguwa,Angwan Malamai,10.8125,8.7041,Maize,ARAE0008CM,,,,,,,1.5,AgResults Control Samples
18,,,2016,Kaduna,Ikara,Ikara,Ungwa Baure,11.1788,8.2268,Maize,ARPV0001CM,,,,,,,1.3,AgResults Control Samples
19,,,2016,Kaduna,Ikara,Ikara,Ungwa Baure,11.1788,8.2268,Maize,ARPV0002CM,,,,,,,1.6,AgResults Control Samples
20,,,2016,Kaduna,Ikara,Ikara,Ungwa Baure,11.1788,8.2268,Maize,ARPV0003CM,,,,,,,1.2,AgResults Control Samples
21,,,2016,Kaduna,Ikara,Ikara,Ungwa Gona,11.1788,8.2268,Maize,ARPV0004CM,,,,,,,1.9,AgResults Control Samples
22,,,2016,Kaduna,Ikara,Ikara,Ungwa Gona,11.1788,8.2268,Maize,ARPV0005CM,,,,,,,1,AgResults Control Samples
23,,,2016,Kaduna,Ikara,Ikara,Ungwa Gona,11.1788,8.2268,Maize,ARPV0006CM,,,,,,,0.9,AgResults Control Samples
24,,,2016,Kaduna,Ikara,Ikara,Fadama Kali,11.1788,8.2268,Maize,ARPV0007CM,,,,,,,0.7,AgResults Control Samples
25,,,2016,Kaduna,Ikara,Ikara,Fadama Kali,11.1788,8.2268,Maize,ARPV0008CM,,,,,,,1.1,AgResults Control Samples
26,,,2016,Kaduna,Ikara,Ikara,Fadama Kali,11.1788,8.2268,Maize,ARPV0009CM,,,,,,,1,AgResults Control Samples
27,,,2016,Kaduna,Giwa,Giwa,Tumburuku,11.2802,7.4179,Maize,ARTG001CM,,,,,,,1,AgResults Control Samples
28,,,2016,Kaduna,Giwa,Giwa,Tumburuku,11.2802,7.4179,Maize,ARTG002CM,,,,,,,0.9,AgResults Control Samples
29,,,2016,Kaduna,Giwa,Giwa,Tumburuku,11.2802,7.4179,Maize,ARTG003CM,,,,,,,0.7,AgResults Control Samples
30,,,2016,Kaduna,Giwa,Giwa,Tumburuku,11.2802,7.4179,Maize,ARTG004CM,,,,,,,0.8,AgResults Control Samples
31,,,2016,Kaduna,Giwa,Giwa,Sabon Layi,11.2802,7.4179,Maize,ARTG005CM,,,,,,,72.9,AgResults Control Samples
32,,,2016,Kaduna,Giwa,Giwa,Sabon Layi,11.2802,7.4179,Maize,ARTG006CM,,,,,,,1.9,AgResults Control Samples
33,,,2016,Kaduna,Giwa,Giwa,Sabon Layi,11.2802,7.4179,Maize,ARTG007CM,,,,,,,0.9,AgResults Control Samples
34,,,2016,Kaduna,Giwa,Giwa,Sabon Layi,11.2802,7.4179,Maize,ARTG008CM,,,,,,,0.7,AgResults Control Samples
35,,,2016,Kaduna,Giwa,Giwa,Kidandan,11.2802,7.4179,Maize,ARTG009CM,,,,,,,0.2,AgResults Control Samples
36,,,2016,Kaduna,Giwa,Giwa,Kidandan,11.2802,7.4179,Maize,ARTG010CM,,,,,,,1.1,AgResults Control Samples
37,,,2016,Kaduna,Giwa,Giwa,Kidandan,11.2802,7.4179,Maize,ARTG011CM,,,,,,,1.4,AgResults Control Samples
38,,,2016,Kaduna,Giwa,Giwa,Kidandan,11.2802,7.4179,Maize,ARTG012CM,,,,,,,85.9,AgResults Control Samples
39,,,2016,Kaduna,Giwa,Giwa,Galadima,11.2802,7.4179,Maize,ARTG013CM,,,,,,,1.5,AgResults Control Samples
40,,,2016,Kaduna,Giwa,Giwa,Galadima,11.2802,7.4179,Maize,ARTG014CM,,,,,,,1.3,AgResults Control Samples
41,,,2016,Kaduna,Giwa,Giwa,Galadima,11.2802,7.4179,Maize,ARTG015CM,,,,,,,1.3,AgResults Control Samples
42,,,2016,Kaduna,Giwa,Giwa,Galadima,11.2802,7.4179,Maize,ARTG016CM,,,,,,,1,AgResults Control Samples
43,,,2016,Kaduna,Giwa,Giwa,Galadima,11.2802,7.4179,Maize,ARTG017CM,,,,,,,1.6,AgResults Control Samples
44,,,2016,Kaduna,Giwa,Giwa,Galadima,11.2802,7.4179,Maize,ARTG018CM,,,,,,,0.3,AgResults Control Samples
45,,,2016,Kaduna,Lere,Lere,Haiakali,10.3853,8.5735,Maize,ARDS001C,,,,,,,0.9,AgResults Control Samples
46,,,2016,Kaduna,Lere,Lere,Haiakali,10.3853,8.5735,Maize,ARDS002C,,,,,,,1,AgResults Control Samples
47,,,2016,Kaduna,Lere,Lere,Haiakali,10.3853,8.5735,Maize,ARDS003C,,,,,,,0.8,AgResults Control Samples
48,,,2016,Kaduna,Lere,Lere,Sabon Kuara,10.3853,8.5735,Maize,ARDS004C,,,,,,,1.1,AgResults Control Samples
49,,,2016,Kaduna,Lere,Lere,Sabon Kuara,10.3853,8.5735,Maize,ARDS005C,,,,,,,1.1,AgResults Control Samples
50,,,2016,Kaduna,Lere,Lere,Ungwa Goge,10.3853,8.5735,Maize,ARDS006C,,,,,,,0.7,AgResults Control Samples
51,,,2016,Kaduna,Lere,Lere,Ungwa Goge,10.3853,8.5735,Maize,ARDS007C,,,,,,,0.9,AgResults Control Samples
52,,,2016,Kaduna,Hunkunyi,Hunkunyi,Chande,11.2659,7.648,Maize,ARKD001C,,,,,,,1.7,AgResults Control Samples
53,,,2016,Kaduna,Hunkunyi,Hunkunyi,Chande,11.2659,7.648,Maize,ARKD002C,,,,,,,2.1,AgResults Control Samples
54,,,2016,Kaduna,Hunkunyi,Hunkunyi,Chande,11.2659,7.648,Maize,ARKD003C,,,,,,,1.2,AgResults Control Samples
55,,,2016,Kaduna,Hunkunyi,Hunkunyi,Chande,11.2659,7.648,Maize,ARKD004C,,,,,,,1.1,AgResults Control Samples
56,,,2016,Kaduna,Zaria,Zaria,Gamji,11.1047,7.7207,Maize,ARKD005C,,,,,,,1.2,AgResults Control Samples
57,,,2016,Kaduna,Zaria,Zaria,Gamji,11.1047,7.7207,Maize,ARKD006C,,,,,,,1.1,AgResults Control Samples
58,,,2016,Kaduna,Lere,,Yarkasuwa,10.3853,8.5735,Maize,ARFF001C,,,,,,,1.4,AgResults Control Samples
10,,,2016,Kaduna,T/Wada,T/Wada,T/Wada Faskar,10.5079,7.4084,Maize,ARAE0001CM,,,,,,,25.1,AgResults Control samples 2015/2016
11,,,2016,Kaduna,T/Wada,T/Wada,T/Wada Faskar,10.5079,7.4084,Maize,ARAE0002CM,,,,,,,1,AgResults Control samples 2015/2016
12,,,2016,Kaduna,T/Wada,T/Wada,T/Wada Gimbawa,10.5079,7.4084,Maize,ARAE0003CM,,,,,,,1,AgResults Control samples 2015/2016
13,,,2016,Kaduna,T/Wada,T/Wada,T/Wada Gimbawa,10.5079,7.4084,Maize,ARAE0004CM,,,,,,,0.9,AgResults Control samples 2015/2016
14,,,2016,Kaduna,Doguwa,Doguwa,Angwan Malamai,10.8125,8.7041,Maize,ARAE0005CM,,,,,,,0.7,AgResults Control samples 2015/2016
15,,,2016,Kaduna,Doguwa,Doguwa,Angwan Malamai,10.8125,8.7041,Maize,ARAE0006CM,,,,,,,1.3,AgResults Control samples 2015/2016
16,,,2016,Kaduna,Doguwa,Doguwa,Angwan Malamai,10.8125,8.7041,Maize,ARAE0007CM,,,,,,,1,AgResults Control samples 2015/2016
17,,,2016,Kaduna,Doguwa,Doguwa,Angwan Malamai,10.8125,8.7041,Maize,ARAE0008CM,,,,,,,1.5,AgResults Control samples 2015/2016
18,,,2016,Kaduna,Ikara,Ikara,Ungwa Baure,11.1788,8.2268,Maize,ARPV0001CM,,,,,,,1.3,AgResults Control samples 2015/2016
19,,,2016,Kaduna,Ikara,Ikara,Ungwa Baure,11.1788,8.2268,Maize,ARPV0002CM,,,,,,,1.6,AgResults Control samples 2015/2016
20,,,2016,Kaduna,Ikara,Ikara,Ungwa Baure,11.1788,8.2268,Maize,ARPV0003CM,,,,,,,1.2,AgResults Control samples 2015/2016
21,,,2016,Kaduna,Ikara,Ikara,Ungwa Gona,11.1788,8.2268,Maize,ARPV0004CM,,,,,,,1.9,AgResults Control samples 2015/2016
22,,,2016,Kaduna,Ikara,Ikara,Ungwa Gona,11.1788,8.2268,Maize,ARPV0005CM,,,,,,,1,AgResults Control samples 2015/2016
23,,,2016,Kaduna,Ikara,Ikara,Ungwa Gona,11.1788,8.2268,Maize,ARPV0006CM,,,,,,,0.9,AgResults Control samples 2015/2016
24,,,2016,Kaduna,Ikara,Ikara,Fadama Kali,11.1788,8.2268,Maize,ARPV0007CM,,,,,,,0.7,AgResults Control samples 2015/2016
25,,,2016,Kaduna,Ikara,Ikara,Fadama Kali,11.1788,8.2268,Maize,ARPV0008CM,,,,,,,1.1,AgResults Control samples 2015/2016
26,,,2016,Kaduna,Ikara,Ikara,Fadama Kali,11.1788,8.2268,Maize,ARPV0009CM,,,,,,,1,AgResults Control samples 2015/2016
27,,,2016,Kaduna,Giwa,Giwa,Tumburuku,11.2802,7.4179,Maize,ARTG001CM,,,,,,,1,AgResults Control samples 2015/2016
28,,,2016,Kaduna,Giwa,Giwa,Tumburuku,11.2802,7.4179,Maize,ARTG002CM,,,,,,,0.9,AgResults Control samples 2015/2016
29,,,2016,Kaduna,Giwa,Giwa,Tumburuku,11.2802,7.4179,Maize,ARTG003CM,,,,,,,0.7,AgResults Control samples 2015/2016
30,,,2016,Kaduna,Giwa,Giwa,Tumburuku,11.2802,7.4179,Maize,ARTG004CM,,,,,,,0.8,AgResults Control samples 2015/2016
31,,,2016,Kaduna,Giwa,Giwa,Sabon Layi,11.2802,7.4179,Maize,ARTG005CM,,,,,,,72.9,AgResults Control samples 2015/2016
32,,,2016,Kaduna,Giwa,Giwa,Sabon Layi,11.2802,7.4179,Maize,ARTG006CM,,,,,,,1.9,AgResults Control samples 2015/2016
33,,,2016,Kaduna,Giwa,Giwa,Sabon Layi,11.2802,7.4179,Maize,ARTG007CM,,,,,,,0.9,AgResults Control samples 2015/2016
34,,,2016,Kaduna,Giwa,Giwa,Sabon Layi,11.2802,7.4179,Maize,ARTG008CM,,,,,,,0.7,AgResults Control samples 2015/2016
35,,,2016,Kaduna,Giwa,Giwa,Kidandan,11.2802,7.4179,Maize,ARTG009CM,,,,,,,0.2,AgResults Control samples 2015/2016
36,,,2016,Kaduna,Giwa,Giwa,Kidandan,11.2802,7.4179,Maize,ARTG010CM,,,,,,,1.1,AgResults Control samples 2015/2016
37,,,2016,Kaduna,Giwa,Giwa,Kidandan,11.2802,7.4179,Maize,ARTG011CM,,,,,,,1.4,AgResults Control samples 2015/2016
38,,,2016,Kaduna,Giwa,Giwa,Kidandan,11.2802,7.4179,Maize,ARTG012CM,,,,,,,85.9,AgResults Control samples 2015/2016
39,,,2016,Kaduna,Giwa,Giwa,Galadima,11.2802,7.4179,Maize,ARTG013CM,,,,,,,1.5,AgResults Control samples 2015/2016
40,,,2016,Kaduna,Giwa,Giwa,Galadima,11.2802,7.4179,Maize,ARTG014CM,,,,,,,1.3,AgResults Control samples 2015/2016
41,,,2016,Kaduna,Giwa,Giwa,Galadima,11.2802,7.4179,Maize,ARTG015CM,,,,,,,1.3,AgResults Control samples 2015/2016
42,,,2016,Kaduna,Giwa,Giwa,Galadima,11.2802,7.4179,Maize,ARTG016CM,,,,,,,1,AgResults Control samples 2015/2016
43,,,2016,Kaduna,Giwa,Giwa,Galadima,11.2802,7.4179,Maize,ARTG017CM,,,,,,,1.6,AgResults Control samples 2015/2016
44,,,2016,Kaduna,Giwa,Giwa,Galadima,11.2802,7.4179,Maize,ARTG018CM,,,,,,,0.3,AgResults Control samples 2015/2016
45,,,2016,Kaduna,Lere,Lere,Haiakali,10.3853,8.5735,Maize,ARDS001C,,,,,,,0.9,AgResults Control samples 2015/2016
46,,,2016,Kaduna,Lere,Lere,Haiakali,10.3853,8.5735,Maize,ARDS002C,,,,,,,1,AgResults Control samples 2015/2016
47,,,2016,Kaduna,Lere,Lere,Haiakali,10.3853,8.5735,Maize,ARDS003C,,,,,,,0.8,AgResults Control samples 2015/2016
48,,,2016,Kaduna,Lere,Lere,Sabon Kuara,10.3853,8.5735,Maize,ARDS004C,,,,,,,1.1,AgResults Control samples 2015/2016
49,,,2016,Kaduna,Lere,Lere,Sabon Kuara,10.3853,8.5735,Maize,ARDS005C,,,,,,,1.1,AgResults Control samples 2015/2016
50,,,2016,Kaduna,Lere,Lere,Ungwa Goge,10.3853,8.5735,Maize,ARDS006C,,,,,,,0.7,AgResults Control samples 2015/2016
51,,,2016,Kaduna,Lere,Lere,Ungwa Goge,10.3853,8.5735,Maize,ARDS007C,,,,,,,0.9,AgResults Control samples 2015/2016
52,,,2016,Kaduna,Hunkunyi,Hunkunyi,Chande,11.2659,7.648,Maize,ARKD001C,,,,,,,1.7,AgResults Control samples 2015/2016
53,,,2016,Kaduna,Hunkunyi,Hunkunyi,Chande,11.2659,7.648,Maize,ARKD002C,,,,,,,2.1,AgResults Control samples 2015/2016
54,,,2016,Kaduna,Hunkunyi,Hunkunyi,Chande,11.2659,7.648,Maize,ARKD003C,,,,,,,1.2,AgResults Control samples 2015/2016
55,,,2016,Kaduna,Hunkunyi,Hunkunyi,Chande,11.2659,7.648,Maize,ARKD004C,,,,,,,1.1,AgResults Control samples 2015/2016
56,,,2016,Kaduna,Zaria,Zaria,Gamji,11.1047,7.7207,Maize,ARKD005C,,,,,,,1.2,AgResults Control samples 2015/2016
57,,,2016,Kaduna,Zaria,Zaria,Gamji,11.1047,7.7207,Maize,ARKD006C,,,,,,,1.1,AgResults Control samples 2015/2016
58,,,2016,Kaduna,Lere,,Yarkasuwa,10.3853,8.5735,Maize,ARFF001C,,,,,,,1.4,AgResults Control samples 2015/2016
91,,,2016,Kano,Rogo,Rogo,Angwan Paki,11.5501,7.8232,Maize,ARAS001C,,,,,,,1.1,AgResults Control Samples
92,,,2016,Kano,Rogo,Rogo,Angwan Paki,11.5501,7.8232,Maize,ARAS002C,,,,,,,1.1,AgResults Control Samples
93,,,2016,Kano,Rogo,Rogo,Angwan Paki,11.5501,7.8232,Maize,ARAS003C,,,,,,,1,AgResults Control Samples
94,,,2016,Kano,Rogo,Rogo,Angwan Paki,11.5501,7.8232,Maize,ARAS004C,,,,,,,0.6,AgResults Control Samples
95,,,2016,Kano,Rogo,Rogo,Bari,11.5501,7.8232,Maize,ARAS005C,,,,,,,1.2,AgResults Control Samples
96,,,2016,Kano,Rogo,Rogo,Bari,11.5501,7.8232,Maize,ARAS006C,,,,,,,1.6,AgResults Control Samples
97,,,2016,Kano,Rogo,Rogo,Bari,11.5501,7.8232,Maize,ARAS007C,,,,,,,1.4,AgResults Control Samples
98,,,2016,Kano,Rogo,Rogo,Bari,11.5501,7.8232,Maize,ARAS008C,,,,,,,1.4,AgResults Control Samples
99,,,2016,Kano,Gwarzo,Gwarzo,Kutama,11.9171,7.9348,Maize,ARKN001C,,,,,,,1.1,AgResults Control Samples
100,,,2016,Kano,Gwarzo,Gwarzo,Kutama,11.9171,7.9348,Maize,ARKN002C,,,,,,,1.2,AgResults Control Samples
101,,,2016,Kano,Gwarzo,Gwarzo,Kutama,11.9171,7.9348,Maize,ARKN003C,,,,,,,0.6,AgResults Control Samples
102,,,2016,Kano,Rogo,Rogo,Zoza,11.5501,7.8232,Maize,ARKN004C,,,,,,,1.3,AgResults Control Samples
103,,,2016,Kano,Rogo,Rogo,Zoza,11.5501,7.8232,Maize,ARKN005C,,,,,,,0.8,AgResults Control Samples
104,,,2016,Kano,Rogo,Rogo,Zoza,11.5501,7.8232,Maize,ARKN006C,,,,,,,0.8,AgResults Control Samples
105,,,2016,Kano,Rogo,Rogo,Zoza,11.5501,7.8232,Maize,ARKN007C,,,,,,,0.6,AgResults Control Samples
106,,,2016,Kano,Rogo,Rogo,Zoza,11.5501,7.8232,Maize,ARKN008C,,,,,,,1.7,AgResults Control Samples
107,,,2016,Kano,Rogo,Rogo,Zoza,11.5501,7.8232,Maize,ARKN009C,,,,,,,1.4,AgResults Control Samples
108,,,2016,Kano,Rogo,Rogo,Zoza,11.5501,7.8232,Maize,ARKN010C,,,,,,,0.7,AgResults Control Samples
91,,,2016,Kano,Rogo,Rogo,Angwan Paki,11.5501,7.8232,Maize,ARAS001C,,,,,,,1.1,AgResults Control samples 2015/2016
92,,,2016,Kano,Rogo,Rogo,Angwan Paki,11.5501,7.8232,Maize,ARAS002C,,,,,,,1.1,AgResults Control samples 2015/2016
93,,,2016,Kano,Rogo,Rogo,Angwan Paki,11.5501,7.8232,Maize,ARAS003C,,,,,,,1,AgResults Control samples 2015/2016
94,,,2016,Kano,Rogo,Rogo,Angwan Paki,11.5501,7.8232,Maize,ARAS004C,,,,,,,0.6,AgResults Control samples 2015/2016
95,,,2016,Kano,Rogo,Rogo,Bari,11.5501,7.8232,Maize,ARAS005C,,,,,,,1.2,AgResults Control samples 2015/2016
96,,,2016,Kano,Rogo,Rogo,Bari,11.5501,7.8232,Maize,ARAS006C,,,,,,,1.6,AgResults Control samples 2015/2016
97,,,2016,Kano,Rogo,Rogo,Bari,11.5501,7.8232,Maize,ARAS007C,,,,,,,1.4,AgResults Control samples 2015/2016
98,,,2016,Kano,Rogo,Rogo,Bari,11.5501,7.8232,Maize,ARAS008C,,,,,,,1.4,AgResults Control samples 2015/2016
99,,,2016,Kano,Gwarzo,Gwarzo,Kutama,11.9171,7.9348,Maize,ARKN001C,,,,,,,1.1,AgResults Control samples 2015/2016
100,,,2016,Kano,Gwarzo,Gwarzo,Kutama,11.9171,7.9348,Maize,ARKN002C,,,,,,,1.2,AgResults Control samples 2015/2016
101,,,2016,Kano,Gwarzo,Gwarzo,Kutama,11.9171,7.9348,Maize,ARKN003C,,,,,,,0.6,AgResults Control samples 2015/2016
102,,,2016,Kano,Rogo,Rogo,Zoza,11.5501,7.8232,Maize,ARKN004C,,,,,,,1.3,AgResults Control samples 2015/2016
103,,,2016,Kano,Rogo,Rogo,Zoza,11.5501,7.8232,Maize,ARKN005C,,,,,,,0.8,AgResults Control samples 2015/2016
104,,,2016,Kano,Rogo,Rogo,Zoza,11.5501,7.8232,Maize,ARKN006C,,,,,,,0.8,AgResults Control samples 2015/2016
105,,,2016,Kano,Rogo,Rogo,Zoza,11.5501,7.8232,Maize,ARKN007C,,,,,,,0.6,AgResults Control samples 2015/2016
106,,,2016,Kano,Rogo,Rogo,Zoza,11.5501,7.8232,Maize,ARKN008C,,,,,,,1.7,AgResults Control samples 2015/2016
107,,,2016,Kano,Rogo,Rogo,Zoza,11.5501,7.8232,Maize,ARKN009C,,,,,,,1.4,AgResults Control samples 2015/2016
108,,,2016,Kano,Rogo,Rogo,Zoza,11.5501,7.8232,Maize,ARKN010C,,,,,,,0.7,AgResults Control samples 2015/2016
65,,,2016,Ogun,Ijebu North,Ijebuigbo,Idekan,7.0333,3.947,Maize,ARAL0001C,,,,,,,10.7,AgResults Control Samples
66,,,2016,Ogun,Ijebu North,Ijebuigbo,Idekan,7.0333,3.947,Maize,ARAL0002C,,,,,,,1,AgResults Control Samples
67,,,2016,Ogun,Ijebu North,Ijebuigbo,Idekan,7.0333,3.947,Maize,ARAL0003C,,,,,,,2.3,AgResults Control Samples
68,,,2016,Ogun,Ijebu North,Ijebuigbo,Idekan,7.0333,3.947,Maize,ARAL0004C,,,,,,,0.7,AgResults Control Samples
69,,,2016,Ogun,Ijebu North,Idekan,Ijebuigbo,7.0333,3.947,Maize,ARAL0005C,,,,,,,1.1,AgResults Control Samples
70,,,2016,Ogun,Ijebu North,Idekan,Ijebuigbo,7.0333,3.947,Maize,ARAL0006C,,,,,,,10.3,AgResults Control Samples
71,,,2016,Ogun,Ijebu North,Idekan,Ijebuigbo,7.0333,3.947,Maize,ARAL0007C,,,,,,,22.7,AgResults Control Samples
72,,,2016,Ogun,Ijebu North,Idekan,Ijebuigbo,7.0333,3.947,Maize,ARAL0008C,,,,,,,1.1,AgResults Control Samples
65,,,2016,Ogun,Ijebu North,Ijebuigbo,Idekan,7.0333,3.947,Maize,ARAL0001C,,,,,,,10.7,AgResults Control samples 2015/2016
66,,,2016,Ogun,Ijebu North,Ijebuigbo,Idekan,7.0333,3.947,Maize,ARAL0002C,,,,,,,1,AgResults Control samples 2015/2016
67,,,2016,Ogun,Ijebu North,Ijebuigbo,Idekan,7.0333,3.947,Maize,ARAL0003C,,,,,,,2.3,AgResults Control samples 2015/2016
68,,,2016,Ogun,Ijebu North,Ijebuigbo,Idekan,7.0333,3.947,Maize,ARAL0004C,,,,,,,0.7,AgResults Control samples 2015/2016
69,,,2016,Ogun,Ijebu North,Idekan,Ijebuigbo,7.0333,3.947,Maize,ARAL0005C,,,,,,,1.1,AgResults Control samples 2015/2016
70,,,2016,Ogun,Ijebu North,Idekan,Ijebuigbo,7.0333,3.947,Maize,ARAL0006C,,,,,,,10.3,AgResults Control samples 2015/2016
71,,,2016,Ogun,Ijebu North,Idekan,Ijebuigbo,7.0333,3.947,Maize,ARAL0007C,,,,,,,22.7,AgResults Control samples 2015/2016
72,,,2016,Ogun,Ijebu North,Idekan,Ijebuigbo,7.0333,3.947,Maize,ARAL0008C,,,,,,,1.1,AgResults Control samples 2015/2016
7,,,2016,Osun,Ayedire,Ikire,Olupona,7.5691,4.2538,Maize,IK01C,,,,,,,0.5,AgResults Control Samples
8,,,2016,Osun,Ayedire,Ikire,Olupona,7.5691,4.2538,Maize,IK02C,,,,,,,147.3,AgResults Control Samples
9,,,2016,Osun,Ayedire,Ikire,Olupona,7.5691,4.2538,Maize,ARAI0479C,,,,,,,133.9,AgResults Control Samples
7,,,2016,Osun,Ayedire,Ikire,Olupona,7.5691,4.2538,Maize,IK01C,,,,,,,0.5,AgResults Control samples 2015/2016
8,,,2016,Osun,Ayedire,Ikire,Olupona,7.5691,4.2538,Maize,IK02C,,,,,,,147.3,AgResults Control samples 2015/2016
9,,,2016,Osun,Ayedire,Ikire,Olupona,7.5691,4.2538,Maize,ARAI0479C,,,,,,,133.9,AgResults Control samples 2015/2016
1,,,2016,Oyo,Akinyele,Ijaye,Ijaye,7.5952,3.9177,Maize,ARAICONTROL1,,,,,,,12,AgResults Control Samples
2,,,2016,Oyo,Akinyele,Ijaye,Ijaye,7.5952,3.9177,Maize,ARAICONTROL2,,,,,,,35.9,AgResults Control Samples
3,,,2016,Oyo,Saki West,Saki,Saki,8.6033,3.1378,Maize,SA01C,,,,,,,93.1,AgResults Control Samples
4,,,2016,Oyo,Saki West,Saki,Saki,8.6033,3.1378,Maize,SA02C,,,,,,,0.5,AgResults Control Samples
5,,,2016,Oyo,Saki West,Saki,Saki,8.6033,3.1378,Maize,SA03C,,,,,,,0.1,AgResults Control Samples
6,,,2016,Oyo,Saki West,Saki,Saki,8.6033,3.1378,Maize,SA04C,,,,,,,52.8,AgResults Control Samples
1,,,2016,Oyo,Akinyele,Ijaye,Ijaye,7.5952,3.9177,Maize,ARAICONTROL1,,,,,,,12,AgResults Control samples 2015/2016
2,,,2016,Oyo,Akinyele,Ijaye,Ijaye,7.5952,3.9177,Maize,ARAICONTROL2,,,,,,,35.9,AgResults Control samples 2015/2016
3,,,2016,Oyo,Saki West,Saki,Saki,8.6033,3.1378,Maize,SA01C,,,,,,,93.1,AgResults Control samples 2015/2016
4,,,2016,Oyo,Saki West,Saki,Saki,8.6033,3.1378,Maize,SA02C,,,,,,,0.5,AgResults Control samples 2015/2016
5,,,2016,Oyo,Saki West,Saki,Saki,8.6033,3.1378,Maize,SA03C,,,,,,,0.1,AgResults Control samples 2015/2016
6,,,2016,Oyo,Saki West,Saki,Saki,8.6033,3.1378,Maize,SA04C,,,,,,,52.8,AgResults Control samples 2015/2016
96,,,2017,Edo,,Ukpoke,,6.7208,6.3231,Maize,ARMR001C,,,,,,,124.3,Monosa Resources - Edo State
97,,,2017,Edo,,Ukpoke,,6.7208,6.3231,Maize,ARMR002C,,,,,,,1.1,Monosa Resources - Edo State
98,,,2017,Edo,,Ukpoke,,6.7208,6.3231,Maize,ARMR003C,,,,,,,3.1,Monosa Resources - Edo State
99,,,2017,Edo,,Ukpoke,,6.7208,6.3231,Maize,ARMR004C,,,,,,,1,Monosa Resources - Edo State
100,,,2017,Edo,,Ukpoke,,6.7208,6.3231,Maize,ARMR005C,,,,,,,11.8,Monosa Resources - Edo State
101,,,2017,Edo,,Ekpoma,,6.743,6.1421,Maize,ARMR006C,,,,,,,1.6,Monosa Resources - Edo State
102,,,2017,Edo,,Akoko Edo,,7.3533,6.1103,Maize,ARMR007C,,,,,,,2.6,Monosa Resources - Edo State
103,,,2017,Edo,,Ukpoke,,6.7208,6.3231,Maize,ARMR008C,,,,,,,35.5,Monosa Resources - Edo State
104,,,2017,Edo,,Uvbe,,6.2901,5.9502,Maize,ARMR009C,,,,,,,1.1,Monosa Resources - Edo State
105,,,2017,Edo,,Uvbe,,6.2901,5.9502,Maize,ARMR010C,,,,,,,1,Monosa Resources - Edo State
27,,,2017,Ekiti,,Ado Ekiti,,7.6124,5.2371,Maize,ARFP0751C,,,,,,,0.9,Ado Poly Venture - Ekiti State
28,,,2017,Ekiti,,Ikole Ekiti,,7.7983,5.5145,Maize,ARFP0752C,,,,,,,0.9,Ado Poly Venture - Ekiti State
80,,,2017,Enugu,,Adani,,6.734,7.0095,Maize,AREN001C,,,,,,,0.2,CADP Enugu - Enugu State
81,,,2017,Enugu,,Adani,,6.734,7.0095,Maize,AREN002C,,,,,,,1.3,CADP Enugu - Enugu State
82,,,2017,Enugu,,Adani,,6.734,7.0095,Maize,AREN003C,,,,,,,51.6,CADP Enugu - Enugu State
83,,,2017,Enugu,,Opi,,6.7703,7.43,Maize,AREN004C,,,,,,,1.3,CADP Enugu - Enugu State
84,,,2017,Enugu,,Opi,,6.7703,7.43,Maize,AREN005C,,,,,,,1.8,CADP Enugu - Enugu State
85,,,2017,Enugu,,Affa,,6.3167,7.4333,Maize,AREN006C,,,,,,,0.5,CADP Enugu - Enugu State
86,,,2017,Enugu,,Affa,,6.3167,7.4333,Maize,AREN007C,,,,,,,0.9,CADP Enugu - Enugu State
87,,,2017,Enugu,,Affa,,6.3167,7.4333,Maize,AREN008C,,,,,,,0.5,CADP Enugu - Enugu State
11,,,2017,Kaduna,,Hunkunyi,,11.2659,7.648,Maize,ARKD001C,,,,,,,1.7,CADP Kaduna - Kaduna State
12,,,2017,Kaduna,,Hunkunyi,,11.2659,7.648,Maize,ARKD002C,,,,,,,2.1,CADP Kaduna - Kaduna State
13,,,2017,Kaduna,,Hunkunyi,,11.2659,7.648,Maize,ARKD003C,,,,,,,1.2,CADP Kaduna - Kaduna State
14,,,2017,Kaduna,,Hunkunyi,,11.2659,7.648,Maize,ARKD004C,,,,,,,1.1,CADP Kaduna - Kaduna State
15,,,2017,Kaduna,,Zaria,,11.1047,7.7207,Maize,ARKD005C,,,,,,,1.2,CADP Kaduna - Kaduna State
16,,,2017,Kaduna,,Zaria,,11.1047,7.7207,Maize,ARKD006C,,,,,,,1.1,CADP Kaduna - Kaduna State
29,,,2017,Kaduna,,T/Wada,,10.5079,7.4084,Maize,ARAE0001CM,,,,,,,25.1,Ahalson Enterprise - Kaduna State
30,,,2017,Kaduna,,T/Wada,,10.5079,7.4084,Maize,ARAE0002CM,,,,,,,1,Ahalson Enterprise - Kaduna State
31,,,2017,Kaduna,,T/Wada,,10.5079,7.4084,Maize,ARAE0003CM,,,,,,,1,Ahalson Enterprise - Kaduna State
32,,,2017,Kaduna,,T/Wada,,10.5079,7.4084,Maize,ARAE0004CM,,,,,,,0.9,Ahalson Enterprise - Kaduna State
33,,,2017,Kaduna,,Doguwa,,10.8125,8.7041,Maize,ARAE0005CM,,,,,,,0.7,Ahalson Enterprise - Kaduna State
34,,,2017,Kaduna,,Doguwa,,10.8125,8.7041,Maize,ARAE0006CM,,,,,,,1.3,Ahalson Enterprise - Kaduna State
35,,,2017,Kaduna,,Doguwa,,10.8125,8.7041,Maize,ARAE0007CM,,,,,,,1,Ahalson Enterprise - Kaduna State
36,,,2017,Kaduna,,Doguwa,,10.8125,8.7041,Maize,ARAE0008CM,,,,,,,1.5,Ahalson Enterprise - Kaduna State
37,,,2017,Kaduna,,Giwa,,11.2802,7.4179,Maize,ARTG001CM,,,,,,,1,Tukuyan Gwari - Kaduna State
38,,,2017,Kaduna,,Giwa,,11.2802,7.4179,Maize,ARTG002CM,,,,,,,0.9,Tukuyan Gwari - Kaduna State
39,,,2017,Kaduna,,Giwa,,11.2802,7.4179,Maize,ARTG003CM,,,,,,,0.7,Tukuyan Gwari - Kaduna State
40,,,2017,Kaduna,,Giwa,,11.2802,7.4179,Maize,ARTG004CM,,,,,,,0.8,Tukuyan Gwari - Kaduna State
41,,,2017,Kaduna,,Giwa,,11.2802,7.4179,Maize,ARTG005CM,,,,,,,72.9,Tukuyan Gwari - Kaduna State
42,,,2017,Kaduna,,Giwa,,11.2802,7.4179,Maize,ARTG006CM,,,,,,,1.9,Tukuyan Gwari - Kaduna State
43,,,2017,Kaduna,,Giwa,,11.2802,7.4179,Maize,ARTG007CM,,,,,,,0.9,Tukuyan Gwari - Kaduna State
44,,,2017,Kaduna,,Giwa,,11.2802,7.4179,Maize,ARTG008CM,,,,,,,0.7,Tukuyan Gwari - Kaduna State
45,,,2017,Kaduna,,Giwa,,11.2802,7.4179,Maize,ARTG009CM,,,,,,,0.2,Tukuyan Gwari - Kaduna State
46,,,2017,Kaduna,,Giwa,,11.2802,7.4179,Maize,ARTG010CM,,,,,,,1.1,Tukuyan Gwari - Kaduna State
47,,,2017,Kaduna,,Giwa,,11.2802,7.4179,Maize,ARTG011CM,,,,,,,1.4,Tukuyan Gwari - Kaduna State
48,,,2017,Kaduna,,Giwa,,11.2802,7.4179,Maize,ARTG012CM,,,,,,,85.9,Tukuyan Gwari - Kaduna State
49,,,2017,Kaduna,,Giwa,,11.2802,7.4179,Maize,ARTG013CM,,,,,,,1.5,Tukuyan Gwari - Kaduna State
50,,,2017,Kaduna,,Giwa,,11.2802,7.4179,Maize,ARTG014CM,,,,,,,1.3,Tukuyan Gwari - Kaduna State
51,,,2017,Kaduna,,Giwa,,11.2802,7.4179,Maize,ARTG015CM,,,,,,,1.3,Tukuyan Gwari - Kaduna State
52,,,2017,Kaduna,,Giwa,,11.2802,7.4179,Maize,ARTG016CM,,,,,,,1,Tukuyan Gwari - Kaduna State
53,,,2017,Kaduna,,Giwa,,11.2802,7.4179,Maize,ARTG017CM,,,,,,,1.6,Tukuyan Gwari - Kaduna State
54,,,2017,Kaduna,,Giwa,,11.2802,7.4179,Maize,ARTG018CM,,,,,,,0.3,Tukuyan Gwari - Kaduna State
63,,,2017,Kaduna,,Ikara,,11.1788,8.2268,Maize,ARPV0001CM,,,,,,,1.3,Palm Valley Nigeria - Kaduna State
64,,,2017,Kaduna,,Ikara,,11.1788,8.2268,Maize,ARPV0002CM,,,,,,,1.6,Palm Valley Nigeria - Kaduna State
65,,,2017,Kaduna,,Ikara,,11.1788,8.2268,Maize,ARPV0003CM,,,,,,,1.2,Palm Valley Nigeria - Kaduna State
66,,,2017,Kaduna,,Ikara,,11.1788,8.2268,Maize,ARPV0004CM,,,,,,,1.9,Palm Valley Nigeria - Kaduna State
67,,,2017,Kaduna,,Ikara,,11.1788,8.2268,Maize,ARPV0005CM,,,,,,,1,Palm Valley Nigeria - Kaduna State
68,,,2017,Kaduna,,Ikara,,11.1788,8.2268,Maize,ARPV0006CM,,,,,,,0.9,Palm Valley Nigeria - Kaduna State
69,,,2017,Kaduna,,Ikara,,11.1788,8.2268,Maize,ARPV0007CM,,,,,,,0.7,Palm Valley Nigeria - Kaduna State
70,,,2017,Kaduna,,Ikara,,11.1788,8.2268,Maize,ARPV0008CM,,,,,,,1.1,Palm Valley Nigeria - Kaduna State
71,,,2017,Kaduna,,Ikara,,11.1788,8.2268,Maize,ARPV0009CM,,,,,,,1,Palm Valley Nigeria - Kaduna State
72,,,2017,Kaduna,,Lere,,10.3853,8.5735,Maize,ARDS001C,,,,,,,0.9,Dal-Allgreen - Kaduna State
73,,,2017,Kaduna,,Lere,,10.3853,8.5735,Maize,ARDS002C,,,,,,,1,Dal-Allgreen - Kaduna State
74,,,2017,Kaduna,,Lere,,10.3853,8.5735,Maize,ARDS003C,,,,,,,0.8,Dal-Allgreen - Kaduna State
75,,,2017,Kaduna,,Lere,,10.3853,8.5735,Maize,ARDS004C,,,,,,,1.1,Dal-Allgreen - Kaduna State
76,,,2017,Kaduna,,Lere,,10.3853,8.5735,Maize,ARDS005C,,,,,,,1.1,Dal-Allgreen - Kaduna State
77,,,2017,Kaduna,,Lere,,10.3853,8.5735,Maize,ARDS006C,,,,,,,0.7,Dal-Allgreen - Kaduna State
78,,,2017,Kaduna,,Lere,,10.3853,8.5735,Maize,ARDS007C,,,,,,,0.9,Dal-Allgreen - Kaduna State
79,,,2017,Kaduna,,Lere,,10.3853,8.5735,Maize,ARDS008C,,,,,,,1.4,Dal-Allgreen - Kaduna State
17,,,2017,Kano,,Gwarzo,,11.9171,7.9348,Maize,ARKN001C,,,,,,,1.1,CADP Kano - Kano State
18,,,2017,Kano,,Gwarzo,,11.9171,7.9348,Maize,ARKN002C,,,,,,,1.2,CADP Kano - Kano State
19,,,2017,Kano,,Gwarzo,,11.9171,7.9348,Maize,ARKN003C,,,,,,,0.6,CADP Kano - Kano State
20,,,2017,Kano,,Rogo,,11.5501,7.8232,Maize,ARKN004C,,,,,,,1.3,CADP Kano - Kano State
21,,,2017,Kano,,Rogo,,11.5501,7.8232,Maize,ARKN005C,,,,,,,0.8,CADP Kano - Kano State
22,,,2017,Kano,,Rogo,,11.5501,7.8232,Maize,ARKN006C,,,,,,,0.8,CADP Kano - Kano State
23,,,2017,Kano,,Rogo,,11.5501,7.8232,Maize,ARKN007C,,,,,,,0.6,CADP Kano - Kano State
24,,,2017,Kano,,Rogo,,11.5501,7.8232,Maize,ARKN008C,,,,,,,1.7,CADP Kano - Kano State
25,,,2017,Kano,,Rogo,,11.5501,7.8232,Maize,ARKN009C,,,,,,,1.4,CADP Kano - Kano State
26,,,2017,Kano,,Rogo,,11.5501,7.8232,Maize,ARKN010C,,,,,,,0.7,CADP Kano - Kano State
55,,,2017,Kano,,Rogo,,11.5501,7.8232,Maize,ARAS001C,,,,,,,1.1,Albarka Seeds - Kano State
56,,,2017,Kano,,Rogo,,11.5501,7.8232,Maize,ARAS002C,,,,,,,1.1,Albarka Seeds - Kano State
57,,,2017,Kano,,Rogo,,11.5501,7.8232,Maize,ARAS003C,,,,,,,1,Albarka Seeds - Kano State
58,,,2017,Kano,,Rogo,,11.5501,7.8232,Maize,ARAS004C,,,,,,,0.6,Albarka Seeds - Kano State
59,,,2017,Kano,,Rogo,,11.5501,7.8232,Maize,ARAS005C,,,,,,,1.2,Albarka Seeds - Kano State
60,,,2017,Kano,,Rogo,,11.5501,7.8232,Maize,ARAS006C,,,,,,,1.6,Albarka Seeds - Kano State
61,,,2017,Kano,,Rogo,,11.5501,7.8232,Maize,ARAS007C,,,,,,,1.4,Albarka Seeds - Kano State
62,,,2017,Kano,,Rogo,,11.5501,7.8232,Maize,ARAS008C,,,,,,,1.4,Albarka Seeds - Kano State
88,,,2017,Ogun,,Ijebuigbo,,6.9792,3.998,Maize,ARAL0001C,,,,,,,10.7,Agrisupply - Ogun State
89,,,2017,Ogun,,Ijebuigbo,,6.9792,3.998,Maize,ARAL0002C,,,,,,,1,Agrisupply - Ogun State
90,,,2017,Ogun,,Ijebuigbo,,6.9792,3.998,Maize,ARAL0003C,,,,,,,2.3,Agrisupply - Ogun State
91,,,2017,Ogun,,Ijebuigbo,,6.9792,3.998,Maize,ARAL0004C,,,,,,,0.7,Agrisupply - Ogun State
92,,,2017,Ogun,,Idekan,,6.9098,3.2584,Maize,ARAL0005C,,,,,,,1.1,Agrisupply - Ogun State
93,,,2017,Ogun,,Idekan,,6.9098,3.2584,Maize,ARAL0006C,,,,,,,10.3,Agrisupply - Ogun State
94,,,2017,Ogun,,Idekan,,6.9098,3.2584,Maize,ARAL0007C,,,,,,,22.7,Agrisupply - Ogun State
95,,,2017,Ogun,,Idekan,,6.9098,3.2584,Maize,ARAL0008C,,,,,,,1.1,Agrisupply - Ogun State
1,,,2017,Oyo,,Ijaye,,7.6311,3.8489,Maize,ARAIC1,,,,,,,12,Agbelere Integrated Farms - Oyo & Osun States
2,,,2017,Oyo,,Ijaye,,7.6311,3.8489,Maize,ARAIC2,,,,,,,35.9,Agbelere Integrated Farms - Oyo & Osun States
3,,,2017,Oyo,,Saki,,8.6726,3.3943,Maize,SA01C,,,,,,,93.1,Agbelere Integrated Farms - Oyo & Osun States
4,,,2017,Oyo,,Saki,,8.6726,3.3943,Maize,SA02C,,,,,,,0.5,Agbelere Integrated Farms - Oyo & Osun States
5,,,2017,Oyo,,Saki,,8.6726,3.3943,Maize,SA03C,,,,,,,0.1,Agbelere Integrated Farms - Oyo & Osun States
6,,,2017,Oyo,,Saki,,8.6726,3.3943,Maize,SA04C,,,,,,,52.8,Agbelere Integrated Farms - Oyo & Osun States
7,,,2017,Oyo,,Ikire,,7.37,4.1872,Maize,IK01C,,,,,,,0.5,Agbelere Integrated Farms - Oyo & Osun States
8,,,2017,Oyo,,Ikire,,7.37,4.1872,Maize,IK02C,,,,,,,147.3,Agbelere Integrated Farms - Oyo & Osun States
9,,,2017,Oyo,,Ikire,,7.37,4.1872,Maize,ARAI0479C,,,,,,,133.9,Agbelere Integrated Farms - Oyo & Osun States
10,,,2017,Oyo,,Yarkasuwa,,10.3785,7.4481,Maize,ARFF001C,,,,,,,1.4,Fantsuam Foundation - Kaduna State
1,,,2018,,,,,7.239,3.032861111,Maize,ARBSCM01,,,0,0,0,0,0,Business Support Academy
2,,,2018,,,,,7.239,3.032861111,Maize,ARBSCM02,,,0,0,0,0,0,Business Support Academy
3,,,2018,,,,,7.239,3.032861111,Maize,ARBSCM03,,,64,43,9,420,536,Business Support Academy
4,,,2018,,,,,7.239,3.032861111,Maize,ARBSCM04,,,0,0,0,0,0,Business Support Academy
5,,,2018,,,,,7.719638889,4.444805556,Maize,AREGCM01 ,,,0,0,0,12,12,Emiroglu global
6,,,2018,,,,,7.719638889,4.444805556,Maize,AREGCM02,,,0,0,0,14,14,Emiroglu global
7,,,2018,,,,,7.719638889,4.444805556,Maize,AREGCM03,,,0,0,0,0,0,Emiroglu global
8,,,2018,,,,,7.631111111,3.848888889,Maize,ARAICM01 ,,,0,0,0,19,19,Agbelere Integrated Farms
9,,,2018,,,,,7.631111111,3.848888889,Maize,ARAICM02,,,9,0,0,15,24,Agbelere Integrated Farms
10,,,2018,,,,,7.631111111,3.848888889,Maize,ARAICM03,,,0,0,0,0,0,Agbelere Integrated Farms
11,,,2018,,,,,7.631111111,3.848888889,Maize,ARAICM04,,,0,0,0,19,19,Agbelere Integrated Farms
12,,,2018,,,,,7.631111111,3.848888889,Maize,ARAICM05,,,13,0,0,23,36,Agbelere Integrated Farms
13,,,2018,,,,,7.631111111,3.848888889,Maize,ARAICM06,,,0,0,0,14,14,Agbelere Integrated Farms
14,,,2018,,,,,7.631111111,3.848888889,Maize,ARAICM07,,,7,0,0,18,25,Agbelere Integrated Farms
15,,,2018,,,,,7.631111111,3.848888889,Maize,ARAICM08,,,0,0,0,0,0,Agbelere Integrated Farms
16,,,2018,,,,,7.631111111,3.848888889,Maize,ARAICM09,,,11,0,0,16,27,Agbelere Integrated Farms
17,,,2018,,,,,7.631111111,3.848888889,Maize,ARAICM10,,,0,0,0,0,0,Agbelere Integrated Farms
18,,,2018,,,,,7.631111111,3.848888889,Maize,ARAICM11,,,13,0,0,26,39,Agbelere Integrated Farms
19,,,2018,,,,,7.631111111,3.848888889,Maize,ARAICM12,,,10,0,0,21,31,Agbelere Integrated Farms
20,,,2018,,,,,7.631111111,3.848888889,Maize,ARAICM13,,,0,0,0,18,18,Agbelere Integrated Farms
21,,,2018,,,,,7.631111111,3.848888889,Maize,ARAICM14,,,5,0,0,16,21,Agbelere Integrated Farms
22,,,2018,,,,,7.631111111,3.848888889,Maize,ARAICM15,,,0,0,0,19,19,Agbelere Integrated Farms
23,,,2018,,,,,7.631111111,3.848888889,Maize,ARAICM16,,,7,0,0,15,22,Agbelere Integrated Farms
24,,,2018,,,,,7.631111111,3.848888889,Maize,ARAICM17,,,10,0,0,25,35,Agbelere Integrated Farms
25,,,2018,,,,,7.631111111,3.848888889,Maize,ARAICM18,,,28,15,6,114,163,Agbelere Integrated Farms
26,,,2018,,,,,7.631111111,3.848888889,Maize,ARAICM19,,,5,0,0,9,14,Agbelere Integrated Farms
27,,,2018,,,,,7.631111111,3.848888889,Maize,ARAICM20,,,9,0,0,19,28,Agbelere Integrated Farms
28,,,2018,,,,,7.6053,5.2887,Maize,ARFPCM01,,,0,0,0,0,0,Adopoly Ventures
29,,,2018,,,,,7.6053,5.2887,Maize,ARFPCM02,,,0,0,0,0,0,Adopoly Ventures
30,,,2018,,,,,7.6053,5.2887,Maize,ARFPCM03,,,5,0,0,11,16,Adopoly Ventures
31,,,2018,,,,,8.1574,3.6147,Maize,ARJVCM01,,,0,0,0,0,0,John Vent
32,,,2018,,,,,8.1574,3.6147,Maize,ARJVCM02,,,0,0,0,0,0,John Vent
33,,,2018,,,,,8.1574,3.6147,Maize,ARJVCM03,,,0,0,0,0,0,John Vent
34,,,2018,,,,,8.1574,3.6147,Maize,ARJVCM04,,,0,0,0,13,13,John Vent
35,,,2018,,,,,6.998,3.4737,Maize,ARALCM01,,,34,0,0,60,94,Agrisupply Limited
36,,,2018,,,,,6.998,3.4737,Maize,ARALCM02,,,0,0,0,34,34,Agrisupply Limited
37,,,2018,,,,,6.998,3.4737,Maize,ARALCM03,,,0,0,0,19,19,Agrisupply Limited
38,,,2018,,,,,6.998,3.4737,Maize,ARALCM04,,,0,0,0,0,0,Agrisupply Limited
39,,,2018,,,,,6.998,3.4737,Maize,ARALCM05,,,40,14,11,153,218,Agrisupply Limited
40,,,2018,,,,,6.998,3.4737,Maize,ARALCM06,,,0,0,0,10,10,Agrisupply Limited
41,,,2018,,,,,6.998,3.4737,Maize,ARALCM07,,,0,0,0,29,29,Agrisupply Limited
42,,,2018,,,,,6.998,3.4737,Maize,ARALCM08,,,27,0,0,192,219,Agrisupply Limited
43,,,2018,,,,,6.998,3.4737,Maize,ARALCM09,,,0,0,0,0,0,Agrisupply Limited
44,,,2018,,,,,6.998,3.4737,Maize,ARALCM10,,,0,0,0,14,14,Agrisupply Limited
45,,,2018,,,,,7.3776,3.9471,Maize,ARPACM01,,,18,0,0,109,127,Pricewell Agrext
46,,,2018,,,,,7.4206,3.90693,Maize,ARMCCM01,,,0,0,0,0,0,Mandrakes Consultancy
47,,,2018,,,,,7.4206,3.90693,Maize,ARMCCM02,,,0,0,0,8,8,Mandrakes Consultancy
48,,,2018,,,,,7.4206,3.90693,Maize,ARMCCM03,,,0,0,0,0,0,Mandrakes Consultancy
49,,,2018,,,,,6.998,3.4737,Maize,ARPBCM01,,,65,0,0,350,415,Precious Bayonle and Associate
50,,,2018,,,,,6.998,3.4737,Maize,ARBPCM02,,,0,0,0,11,11,Precious Bayonle and Associate
51,,,2018,,,,,6.998,3.4737,Maize,ARPBCM02,,,17,49,0,157,223,Precious Bayonle and Associate
52,,,2018,,,,,6.998,3.4737,Maize,ARBPCM03,,,35,0,0,354,389,Precious Bayonle and Associate
53,,,2018,,,,,6.998,3.4737,Maize,ARPBCM03,,,26,0,0,133,159,Precious Bayonle and Associate
54,,,2018,,,,,6.524,3.275,Maize,ARFACM01,,,0,0,0,0,0,Fumakins
55,,,2018,,,,,10.5036,7.4337,Maize,ARBGCM0001,,,0,0,0,0,0,Babban Gona
56,,,2018,,,,,10.5036,7.4337,Maize,ARBGCM0002,,,0,0,0,0,0,Babban Gona
57,,,2018,,,,,10.5036,7.4337,Maize,ARBGCM0003,,,0,0,0,0,0,Babban Gona
58,,,2018,,,,,10.5036,7.4337,Maize,ARBGCM0004,,,0,0,0,0,0,Babban Gona
59,,,2018,,,,,10.5036,7.4337,Maize,ARBGCM0005,,,0,0,0,0,0,Babban Gona
60,,,2018,,,,,10.5036,7.4337,Maize,ARBGCM0006,,,258,0,0,1971,2229,Babban Gona
61,,,2018,,,,,10.5036,7.4337,Maize,ARBGCM0007,,,0,0,0,0,0,Babban Gona
62,,,2018,,,,,10.5036,7.4337,Maize,ARBGCM0008,,,0,0,0,0,0,Babban Gona
63,,,2018,,,,,10.5036,7.4337,Maize,ARBGCM0009,,,0,0,0,0,0,Babban Gona
64,,,2018,,,,,10.5036,7.4337,Maize,ARBGCM0010,,,0,0,0,0,0,Babban Gona
65,,,2018,,,,,10.5036,7.4337,Maize,ARBGCM0011,,,0,0,0,0,0,Babban Gona
66,,,2018,,,,,10.5036,7.4337,Maize,ARBGCM0012,,,0,0,0,0,0,Babban Gona
67,,,2018,,,,,10.5036,7.4337,Maize,ARBGCM0013,,,0,0,0,0,0,Babban Gona
68,,,2018,,,,,10.5036,7.4337,Maize,ARBGCM0014,,,0,0,0,0,0,Babban Gona
69,,,2018,,,,,10.5036,7.4337,Maize,ARBGCM0015,,,0,0,0,0,0,Babban Gona
70,,,2018,,,,,10.5036,7.4337,Maize,ARBGCM0016,,,0,0,0,0,0,Babban Gona
71,,,2018,,,,,10.5036,7.4337,Maize,ARBGCM0017,,,0,0,0,0,0,Babban Gona
72,,,2018,,,,,10.5036,7.4337,Maize,ARBGCM0018,,,0,0,0,0,0,Babban Gona
73,,,2018,,,,,10.5036,7.4337,Maize,ARBGCM0019,,,0,0,0,0,0,Babban Gona
74,,,2018,,,,,10.5036,7.4337,Maize,ARBGCM0020,,,0,0,0,0,0,Babban Gona
75,,,2018,,,,,10.5036,7.4337,Maize,ARBGCM0021,,,0,0,0,0,0,Babban Gona
76,,,2018,,,,,10.5036,7.4337,Maize,ARBGCM0022,,,0,0,0,0,0,Babban Gona
77,,,2018,,,,,10.5036,7.4337,Maize,ARBGCM0023,,,13,0,0,25,38,Babban Gona
78,,,2018,,,,,10.5036,7.4337,Maize,ARBGCM0024,,,0,0,0,0,0,Babban Gona
79,,,2018,,,,,10.5036,7.4337,Maize,ARBGCM0025,,,0,0,0,0,0,Babban Gona
80,,,2018,,,,,10.5036,7.4337,Maize,ARBGCM0026,,,0,0,0,0,0,Babban Gona
81,,,2018,,,,,10.5036,7.4337,Maize,ARBGCM0027,,,0,0,0,0,0,Babban Gona
82,,,2018,,,,,10.5036,7.4337,Maize,ARBGCM0028,,,0,0,0,0,0,Babban Gona
83,,,2018,,,,,10.5036,7.4337,Maize,ARBGCM0029,,,0,0,0,0,0,Babban Gona
84,,,2018,,,,,10.5036,7.4337,Maize,ARBGCM0030,,,0,0,0,16,16,Babban Gona
85,,,2018,,,,,10.5036,7.4337,Maize,ARBGCM0031,,,0,0,0,0,0,Babban Gona
86,,,2018,,,,,10.5036,7.4337,Maize,ARBGCM0032,,,0,0,0,0,0,Babban Gona
87,,,2018,,,,,10.5036,7.4337,Maize,ARBGCM0033,,,0,0,0,0,0,Babban Gona
88,,,2018,,,,,10.5036,7.4337,Maize,ARBGCM0034,,,0,0,0,0,0,Babban Gona
89,,,2018,,,,,10.5036,7.4337,Maize,ARBGCM0035,,,0,0,0,0,0,Babban Gona
90,,,2018,,,,,10.5036,7.4337,Maize,ARBGCM0036,,,0,0,0,0,0,Babban Gona
91,,,2018,,,,,10.5036,7.4337,Maize,ARBGCM0037,,,0,0,0,0,0,Babban Gona
92,,,2018,,,,,10.5036,7.4337,Maize,ARBGCM0038,,,0,0,0,0,0,Babban Gona
93,,,2018,,,,,10.5036,7.4337,Maize,ARBGCM0039,,,0,0,0,20,20,Babban Gona
94,,,2018,,,,,10.5036,7.4337,Maize,ARBGCM0040,,,0,0,0,0,0,Babban Gona
95,,,2018,,,,,10.5036,7.4337,Maize,ARBGCM0041,,,0,0,0,0,0,Babban Gona
96,,,2018,,,,,10.5036,7.4337,Maize,ARBGCM0042,,,0,0,0,0,0,Babban Gona
97,,,2018,,,,,10.5036,7.4337,Maize,ARBGCM0043,,,0,0,0,0,0,Babban Gona
98,,,2018,,,,,10.5036,7.4337,Maize,ARBGCM0044,,,0,0,0,0,0,Babban Gona
99,,,2018,,,,,10.5036,7.4337,Maize,ARBGCM0045,,,0,0,0,0,0,Babban Gona
100,,,2018,,,,,10.5036,7.4337,Maize,ARBGCM0046,,,0,0,0,0,0,Babban Gona
101,,,2018,,,,,10.5036,7.4337,Maize,ARBGCM0047,,,0,0,0,0,0,Babban Gona
102,,,2018,,,,,10.5036,7.4337,Maize,ARBGCM0048,,,0,0,0,11,11,Babban Gona
103,,,2018,,,,,10.5036,7.4337,Maize,ARBGCM0049,,,0,0,0,9,9,Babban Gona
104,,,2018,,,,,10.5036,7.4337,Maize,ARBGCM0050,,,13,0,0,19,32,Babban Gona
105,,,2018,,,,,10.5036,7.4337,Maize,ARBGCM0051,,,0,0,0,0,0,Babban Gona
106,,,2018,,,,,10.5036,7.4337,Maize,ARBGCM0052,,,6,0,0,19,25,Babban Gona
107,,,2018,,,,,10.5036,7.4337,Maize,ARBGCM0053,,,0,0,0,24,24,Babban Gona
108,,,2018,,,,,10.5036,7.4337,Maize,ARBGCM0054,,,0,0,0,13,13,Babban Gona
109,,,2018,,,,,10.5036,7.4337,Maize,ARBGCM0055,,,0,0,0,19,19,Babban Gona
110,,,2018,,,,,10.5036,7.4337,Maize,ARBGCM0056,,,0,0,0,17,17,Babban Gona
111,,,2018,,,,,10.5036,7.4337,Maize,ARBGCM0057,,,0,0,0,12,12,Babban Gona
112,,,2018,,,,,10.5036,7.4337,Maize,ARBGCM0058,,,0,0,0,0,0,Babban Gona
113,,,2018,,,,,10.5036,7.4337,Maize,ARBGCM0059,,,25,0,0,36,61,Babban Gona
114,,,2018,,,,,7.976,6.714,Maize,ARWFCM01,,,0,0,0,0,0,Wadahi Farms
115,,,2018,,,,,7.976,6.714,Maize,ARWFCM02,,,0,0,0,0,0,Wadahi Farms
116,,,2018,,,,,7.976,6.714,Maize,ARWFCM03,,,0,0,0,0,0,Wadahi Farms
117,,,2018,,,,,7.976,6.714,Maize,ARWFCM04,,,23,0,0,37,60,Wadahi Farms
118,,,2018,,,,,7.976,6.714,Maize,ARWFCM05,,,0,0,0,10,10,Wadahi Farms
119,,,2018,,,,,7.976,6.714,Maize,ARWFCM06,,,0,0,0,8,8,Wadahi Farms
120,,,2018,,,,,7.976,6.714,Maize,ARWFCM07,,,46,0,0,62,108,Wadahi Farms
121,,,2018,,,,,7.976,6.714,Maize,ARWFCM08,,,0,0,0,15,15,Wadahi Farms
122,,,2018,,,,,7.976,6.714,Maize,ARWFCM09,,,0,0,0,0,0,Wadahi Farms
123,,,2018,,,,,7.976,6.714,Maize,ARWFCM10,,,27,0,0,47,74,Wadahi Farms
124,,,2018,,,,,7.976,6.714,Maize,ARWFCM11,,,0,0,0,0,0,Wadahi Farms
125,,,2018,,,,,7.976,6.714,Maize,ARWFCM12,,,0,0,0,0,0,Wadahi Farms
126,,,2018,,,,,7.976,6.714,Maize,ARWFCM13,,,0,0,0,0,0,Wadahi Farms
127,,,2018,,,,,7.976,6.714,Maize,ARWFCM14,,,0,0,0,12,12,Wadahi Farms
128,,,2018,,,,,7.976,6.714,Maize,ARWFCM15,,,6,0,0,13,19,Wadahi Farms
129,,,2018,,,,,7.976,6.714,Maize,ARWFCM16,,,0,0,0,10,10,Wadahi Farms
130,,,2018,,,,,7.976,6.714,Maize,ARWFCM17,,,0,0,0,0,0,Wadahi Farms
131,,,2018,,,,,7.976,6.714,Maize,ARWFCM18,,,0,0,0,6,6,Wadahi Farms
132,,,2018,,,,,7.976,6.714,Maize,ARWFCM19,,,24,0,0,44,68,Wadahi Farms
133,,,2018,,,,,7.976,6.714,Maize,ARWFCM20,,,0,0,0,0,0,Wadahi Farms
134,,,2018,,,,,7.976,6.714,Maize,ARWFCM21,,,0,0,0,0,0,Wadahi Farms
135,,,2018,,,,,7.976,6.714,Maize,ARWFCM22,,,0,0,0,0,0,Wadahi Farms
136,,,2018,,,,,7.976,6.714,Maize,ARWFCM23,,,0,0,0,0,0,Wadahi Farms
137,,,2018,,,,,7.976,6.714,Maize,ARWFCM24,,,0,0,0,0,0,Wadahi Farms
138,,,2018,,,,,7.976,6.714,Maize,ARWFCM25,,,0,0,0,14,14,Wadahi Farms
139,,,2018,,,,,7.976,6.714,Maize,ARWFCM26,,,32,0,0,39,71,Wadahi Farms
140,,,2018,,,,,7.976,6.714,Maize,ARWFCM27,,,0,0,0,6,6,Wadahi Farms
141,,,2018,,,,,7.976,6.714,Maize,ARWFCM28,,,0,0,0,9,9,Wadahi Farms
142,,,2018,,,,,7.976,6.714,Maize,ARWFCM29,,,0,0,0,6,6,Wadahi Farms
143,,,2018,,,,,7.976,6.714,Maize,ARWFCM30,,,15,0,0,169,184,Wadahi Farms
144,,,2018,,,,,7.976,6.714,Maize,ARWFCM31,,,0,0,0,0,0,Wadahi Farms
145,,,2018,,,,,7.976,6.714,Maize,ARWFCM32,,,0,0,0,0,0,Wadahi Farms
146,,,2018,,,,,7.976,6.714,Maize,ARWFCM33,,,0,0,0,0,0,Wadahi Farms
147,,,2018,,,,,7.976,6.714,Maize,ARWFCM34,,,15,141,28,333,517,Wadahi Farms
148,,,2018,,,,,7.976,6.714,Maize,ARWFCM35,,,0,0,0,0,0,Wadahi Farms
149,,,2018,,,,,7.976,6.714,Maize,ARWFCM36,,,0,0,0,24,24,Wadahi Farms
150,,,2018,,,,,7.976,6.714,Maize,ARWFCM37,,,0,0,0,13,13,Wadahi Farms
151,,,2018,,,,,7.976,6.714,Maize,ARWFCM38,,,0,0,0,12,12,Wadahi Farms
152,,,2018,,,,,7.976,6.714,Maize,ARWFCM39,,,0,0,0,0,0,Wadahi Farms
153,,,2018,,,,,7.976,6.714,Maize,ARWFCM40,,,0,0,0,0,0,Wadahi Farms
154,,,2018,,,,,7.976,6.714,Maize,ARWFCM41,,,0,0,0,0,0,Wadahi Farms
155,,,2018,,,,,7.976,6.714,Maize,ARWFCM42,,,0,0,0,0,0,Wadahi Farms
156,,,2018,,,,,7.976,6.714,Maize,ARWFCM43,,,0,0,0,8,8,Wadahi Farms
157,,,2018,,,,,7.976,6.714,Maize,ARWFCM44,,,13,0,0,28,41,Wadahi Farms
158,,,2018,,,,,7.976,6.714,Maize,ARWFCM45,,,0,0,0,4,4,Wadahi Farms
159,,,2018,,,,,7.976,6.714,Maize,ARWFCM46,,,0,0,0,0,0,Wadahi Farms
160,,,2018,,,,,7.976,6.714,Maize,ARWFCM47,,,28,0,0,49,77,Wadahi Farms
161,,,2018,,,,,7.976,6.714,Maize,ARWFCM48,,,0,0,0,15,15,Wadahi Farms
162,,,2018,,,,,7.976,6.714,Maize,ARWFCM49,,,0,0,0,0,0,Wadahi Farms
163,,,2018,,,,,7.976,6.714,Maize,ARWFCM50,,,5,0,0,11,16,Wadahi Farms
164,,,2018,,,,,7.976,6.714,Maize,ARWFCM51,,,0,0,0,8,8,Wadahi Farms
165,,,2018,,,,,7.3369,8.7404,Maize,ARAFPCM0001,,,0,0,0,0,0,AAFPON
166,,,2018,,,,,7.3369,8.7404,Maize,ARAFPCM0002,,,8,0,0,37,45,AAFPON
167,,,2018,,,,,7.3369,8.7404,Maize,ARAFPCM0003,,,0,0,0,13,13,AAFPON
168,,,2018,,,,,7.3369,8.7404,Maize,ARAFPCM0004,,,0,0,0,30,30,AAFPON
169,,,2018,,,,,7.3369,8.7404,Maize,ARAFPCM0005,,,0,0,0,12,12,AAFPON
170,,,2018,,,,,7.3369,8.7404,Maize,ARAFPCM0006,,,0,0,0,0,0,AAFPON
171,,,2018,,,,,7.3369,8.7404,Maize,ARAFPCM0007,,,0,0,0,0,0,AAFPON
172,,,2018,,,,,7.3369,8.7404,Maize,ARAFPCM0008,,,0,0,0,0,0,AAFPON
173,,,2018,,,,,7.3369,8.7404,Maize,ARAFPCM0009,,,0,0,0,0,0,AAFPON
174,,,2018,,,,,7.3369,8.7404,Maize,ARAFPCM0010,,,0,0,0,0,0,AAFPON
175,,,2018,,,,,7.3369,8.7404,Maize,ARAFPCM0011,,,0,0,0,0,0,AAFPON
176,,,2018,,,,,7.3369,8.7404,Maize,ARAFPCM0012,,,0,0,0,9,9,AAFPON
177,,,2018,,,,,7.3369,8.7404,Maize,ARAFPCM0013,,,0,0,0,0,0,AAFPON
178,,,2018,,,,,7.3369,8.7404,Maize,ARAFPCM0014,,,37,38,0,410,485,AAFPON
179,,,2018,,,,,7.3369,8.7404,Maize,ARAFPCM0015,,,0,0,0,9,9,AAFPON
180,,,2018,,,,,7.3369,8.7404,Maize,ARAFPCM0016,,,0,0,0,0,0,AAFPON
181,,,2018,,,,,7.3369,8.7404,Maize,ARAFPCM0017,,,0,0,0,7,7,AAFPON
182,,,2018,,,,,7.3369,8.7404,Maize,ARAFPCM0018,,,0,0,0,0,0,AAFPON
183,,,2018,,,,,7.3369,8.7404,Maize,ARAFPCM0019,,,0,0,0,0,0,AAFPON
184,,,2018,,,,,7.3369,8.7404,Maize,ARAFPCM0020,,,0,0,0,0,0,AAFPON
185,,,2018,,,,,7.3369,8.7404,Maize,ARAFPCM0021,,,0,0,0,0,0,AAFPON
186,,,2018,,,,,7.3369,8.7404,Maize,ARAFPCM0022,,,0,0,0,0,0,AAFPON
187,,,2018,,,,,7.3369,8.7404,Maize,ARAFPCM0023,,,0,0,0,0,0,AAFPON
188,,,2018,,,,,7.3369,8.7404,Maize,ARAFPCM0024,,,0,0,0,0,0,AAFPON
189,,,2018,,,,,7.3369,8.7404,Maize,ARAFPCM0025,,,0,0,0,0,0,AAFPON
190,,,2018,,,,,7.3369,8.7404,Maize,ARAFPCM0026,,,0,0,0,0,0,AAFPON
191,,,2018,,,,,7.3369,8.7404,Maize,ARAFPCM0027,,,0,0,0,0,0,AAFPON
192,,,2018,,,,,7.3369,8.7404,Maize,ARAFPCM0028,,,15,0,0,27,42,AAFPON
193,,,2018,,,,,7.3369,8.7404,Maize,ARAFPCM0029,,,0,0,0,0,0,AAFPON
194,,,2018,,,,,7.3369,8.7404,Maize,ARAFPCM0030,,,16,0,0,37,53,AAFPON
195,,,2018,,,,,7.3369,8.7404,Maize,ARAFPCM0031,,,0,0,0,15,15,AAFPON
196,,,2018,,,,,7.3369,8.7404,Maize,ARAFPCM0032,,,0,0,0,19,19,AAFPON
197,,,2018,,,,,7.9994,10.774,Maize,ARKPCM0001,,,0,0,0,14,14,Kiffco Project
198,,,2018,,,,,7.9994,10.774,Maize,ARKPCM0021,,,0,0,0,21,21,Kiffco Project
199,,,2018,,,,,7.9994,10.774,Maize,ARKPCM0041,,,0,0,0,25,25,Kiffco Project
200,,,2018,,,,,7.9994,10.774,Maize,ARKPCM0061,,,0,0,0,20,20,Kiffco Project
201,,,2018,,,,,7.9994,10.774,Maize,ARKPCM0081,,,0,0,0,26,26,Kiffco Project
202,,,2018,,,,,7.9994,10.774,Maize,ARKPCM0101,,,0,0,0,28,28,Kiffco Project
203,,,2018,,,,,7.9994,10.774,Maize,ARKPCM0121,,,0,0,0,16,16,Kiffco Project
204,,,2018,,,,,7.9994,10.774,Maize,ARKPCM0141,,,0,0,0,11,11,Kiffco Project
205,,,2018,,,,,7.9994,10.774,Maize,ARKPCM0161,,,0,0,0,15,15,Kiffco Project
206,,,2018,,,,,7.9994,10.774,Maize,ARKPCM0181,,,0,0,0,13,13,Kiffco Project
207,,,2018,,,,,7.9994,10.774,Maize,ARKPCM0201,,,0,0,0,18,18,Kiffco Project
208,,,2018,,,,,7.9994,10.774,Maize,ARKPCM0221,,,0,0,0,18,18,Kiffco Project
209,,,2018,,,,,7.9994,10.774,Maize,ARKPCM0241,,,0,0,0,11,11,Kiffco Project
210,,,2018,,,,,7.9994,10.774,Maize,ARKPCM0261,,,0,0,0,0,0,Kiffco Project
211,,,2018,,,,,7.9994,10.774,Maize,ARKPCM0281,,,0,0,0,16,16,Kiffco Project
212,,,2018,,,,,7.9994,10.774,Maize,ARKPCM0301,,,0,0,0,16,16,Kiffco Project
213,,,2018,,,,,7.9994,10.774,Maize,ARKPCM0321,,,0,0,0,10,10,Kiffco Project
214,,,2018,,,,,9.3265,12.3984,Maize,ARKLCM0001,,,0,0,0,13,13,Kawonlambu Farm Produce
215,,,2018,,,,,9.3265,12.3984,Maize,ARKLCM0002,,,0,0,0,16,16,Kawonlambu Farm Produce
216,,,2018,,,,,9.3265,12.3984,Maize,ARKLCM0003,,,0,0,0,16,16,Kawonlambu Farm Produce
217,,,2018,,,,,9.3265,12.3984,Maize,ARKLCM0004,,,0,0,0,0,0,Kawonlambu Farm Produce
218,,,2018,,,,,9.3265,12.3984,Maize,ARKLCM0005,,,0,0,0,29,29,Kawonlambu Farm Produce
219,,,2018,,,,,9.3265,12.3984,Maize,ARKLCM0006,,,0,0,0,0,0,Kawonlambu Farm Produce
220,,,2018,,,,,9.3265,12.3984,Maize,ARKLCM0007,,,0,0,0,37,37,Kawonlambu Farm Produce
221,,,2018,,,,,9.3265,12.3984,Maize,ARKLCM0008,,,0,0,0,15,15,Kawonlambu Farm Produce
222,,,2018,,,,,9.3265,12.3984,Maize,ARKLCM0009,,,0,0,0,10,10,Kawonlambu Farm Produce
223,,,2018,,,,,9.3265,12.3984,Maize,ARKLCM0010,,,0,0,0,35,35,Kawonlambu Farm Produce
224,,,2018,,,,,9.3265,12.3984,Maize,ARKLCM0011,,,0,0,0,23,23,Kawonlambu Farm Produce
225,,,2018,,,,,9.3265,12.3984,Maize,ARKLCM0012,,,0,0,0,0,0,Kawonlambu Farm Produce
226,,,2018,,,,,9.3265,12.3984,Maize,ARKLCM0013,,,0,0,0,9,9,Kawonlambu Farm Produce
227,,,2018,,,,,9.3265,12.3984,Maize,ARKLCM0014,,,10,0,0,17,27,Kawonlambu Farm Produce
228,,,2018,,,,,9.3265,12.3984,Maize,ARKLCM0015,,,11,0,0,24,35,Kawonlambu Farm Produce
229,,,2018,,,,,9.3265,12.3984,Maize,ARKLCM0016,,,6,0,0,25,31,Kawonlambu Farm Produce
230,,,2018,,,,,9.3265,12.3984,Maize,ARKLCM0017,,,15,30,10,107,162,Kawonlambu Farm Produce
231,,,2018,,,,,9.3265,12.3984,Maize,ARKLCM0018,,,10,0,0,22,32,Kawonlambu Farm Produce
232,,,2018,,,,,9.3265,12.3984,Maize,ARKLCM0019,,,10,0,0,17,27,Kawonlambu Farm Produce
233,,,2018,,,,,9.3265,12.3984,Maize,ARKLCM0020,,,8,0,0,13,21,Kawonlambu Farm Produce
234,,,2018,,,,,9.3265,12.3984,Maize,ARKLCM0021,,,0,0,0,9,9,Kawonlambu Farm Produce
235,,,2018,,,,,9.3265,12.3984,Maize,ARKLCM0022,,,0,0,0,18,18,Kawonlambu Farm Produce
236,,,2018,,,,,9.3265,12.3984,Maize,ARKLCM0023,,,26,0,0,45,71,Kawonlambu Farm Produce
237,,,2018,,,,,9.3265,12.3984,Maize,ARKLCM0024,,,0,0,0,16,16,Kawonlambu Farm Produce
238,,,2018,,,,,9.3265,12.3984,Maize,ARKLCM0025,,,0,0,0,20,20,Kawonlambu Farm Produce
239,,,2018,,,,,9.3265,12.3984,Maize,ARKLCM0026,,,0,0,0,17,17,Kawonlambu Farm Produce
240,,,2018,,,,,9.3265,12.3984,Maize,ARKLCM0027,,,0,0,0,40,40,Kawonlambu Farm Produce
241,,,2018,,,,,10.5079,7.4084,Maize,ARAECM0001,,,0,0,0,15,15,Ahalson Enterprice
242,,,2018,,,,,10.5079,7.4084,Maize,ARAECM0002,,,11,0,0,20,31,Ahalson Enterprice
243,,,2018,,,,,10.5079,7.4084,Maize,ARAECM0003,,,0,0,0,0,0,Ahalson Enterprice
244,,,2018,,,,,10.5079,7.4084,Maize,ARAECM0004,,,0,0,0,11,11,Ahalson Enterprice
245,,,2018,,,,,11.2802,7.4179,Maize,ARTGCM0001,,,0,0,0,8,8,Tukwuyan Gwari
246,,,2018,,,,,11.2802,7.4179,Maize,ARTGCM0002,,,0,0,0,0,0,Tukwuyan Gwari
247,,,2018,,,,,11.2802,7.4179,Maize,ARTGCM0003,,,0,0,0,28,28,Tukwuyan Gwari
248,,,2018,,,,,11.2802,7.4179,Maize,ARTGCM0004,,,0,0,0,32,32,Tukwuyan Gwari
249,,,2018,,,,,11.2802,7.4179,Maize,ARTGCM0005,,,0,0,0,11,11,Tukwuyan Gwari
250,,,2018,,,,,11.2802,7.4179,Maize,ARTGCM0006,,,0,0,0,27,27,Tukwuyan Gwari
251,,,2018,,,,,11.2802,7.4179,Maize,ARTGCM0007,,,0,0,0,14,14,Tukwuyan Gwari
252,,,2018,,,,,11.2802,7.4179,Maize,ARTGCM0008,,,0,0,0,14,14,Tukwuyan Gwari
253,,,2018,,,,,11.2802,7.4179,Maize,ARTGCM0009,,,0,0,0,37,37,Tukwuyan Gwari
254,,,2018,,,,,11.2802,7.4179,Maize,ARTGCM0010,,,0,0,0,23,23,Tukwuyan Gwari
255,,,2018,,,,,11.2802,7.4179,Maize,ARTGCM0011,,,0,0,0,18,18,Tukwuyan Gwari
256,,,2018,,,,,11.2802,7.4179,Maize,ARTGCM0012,,,0,0,0,12,12,Tukwuyan Gwari
257,,,2018,,,,,10.3785,7.4481,Maize,ARFF0001CM,,,18,7,0,106,131,Fantsuam Foundation
,,MA,2024,Bauchi,,,,10.44000,9.22000,Maize,Toro1,Farm,,0.27,0,0,0.16,0.44,
,,MA,2024,Bauchi,,,,10.44000,9.22000,Maize,Toro2,Market,,4.66,0.09,0.61,0.13,5.5,
,,MA,2024,Bauchi,,,,10.44000,9.22000,Maize,Toro3,Store,,11.84,0.15,2.06,0.26,14.32,
,,SHS,2024,Borno,,,,11.50000,13.09000,Maize,Maiduguri1,Farm,,40.71,2.3,0,0.41,43.44,
,,SHS,2024,Borno,,,,11.50000,13.09000,Maize,Maiduguri2,Market,,110.65,9.17,0,0.81,120.64,
,,SHS,2024,Borno,,,,11.50000,13.09000,Maize,Maiduguri3,Store,,5.63,0.45,0,0,6.1,
,,NGS,2024,Borno,,,,11.50000,13.09000,Maize,Maiduguri1,Farm,,40.71,2.3,0,0.41,43.44,
,,NGS,2024,Borno,,,,11.50000,13.09000,Maize,Maiduguri2,Market,,110.65,9.17,0,0.81,120.64,
,,NGS,2024,Borno,,,,11.50000,13.09000,Maize,Maiduguri3,Store,,5.63,0.45,0,0,6.1,
,,HF,2024,Delta,,,,5.32000,6.12000,Maize,Abraka1,Farm,,0.22,0,0,0.18,0.42,
,,HF,2024,Delta,,,,5.32000,6.12000,Maize,Abraka2,Market,,0.23,0,0,0.22,0.46,
,,HF,2024,Delta,,,,5.32000,6.12000,Maize,Abraka3,Store,,0.23,0,0.45,0,0.7,
,,HF,2024,Delta,,,,6.23000,6.15000,Maize,Agbor1,Farm,,0,0,0,0.14,0.14,
,,HF,2024,Delta,,,,6.23000,6.15000,Maize,Agbor2,Market,,15.37,0.09,0,0.23,15.7,
,,HF,2024,Delta,,,,6.23000,6.15000,Maize,Agbor3,Store,,10.99,0.19,0,0.21,11.41,
,,SS,2024,Jigawa,,,,12.72810,7.00000,Maize,Guri1,Market,,7.1,0.68,12.37,1.09,21.26,
,,SS,2024,Jigawa,,,,12.72810,7.00000,Maize,Guri2,Store,,0.72,0.1,0.81,0.11,1.76,
,,SS,2024,Jigawa,,,,12.72810,7.00000,Maize,Guri3,Farm,,22.8,0.5,0,0,23.32,
,,SHS,2024,Jigawa,,,,12.72810,7.00000,Maize,Guri1,Market,,7.1,0.68,12.37,1.09,21.26,
,,SHS,2024,Jigawa,,,,12.72810,7.00000,Maize,Guri2,Store,,0.72,0.1,0.81,0.11,1.76,
,,SHS,2024,Jigawa,,,,12.72810,7.00000,Maize,Guri3,Farm,,22.8,0.5,0,0,23.32,
,,NGS,2024,Kaduna,,,,11.31600,7.45000,Maize,Giwa1,Farm,,161.95,2.97,5.7,1.27,171.91,
,,NGS,2024,Kaduna,,,,11.31600,7.45000,Maize,Giwa2,Market,,9.9,1.21,9.42,1.27,21.82,
,,NGS,2024,Kaduna,,,,11.31600,7.45000,Maize,Giwa3,Store,,0.18,0,0,0,0.18,
,,SGS,2024,Kaduna,,,,11.31600,7.45000,Maize,Giwa1,Farm,,161.95,2.97,5.7,1.27,171.91,
,,SGS,2024,Kaduna,,,,11.31600,7.45000,Maize,Giwa2,Market,,9.9,1.21,9.42,1.27,21.82,
,,SGS,2024,Kaduna,,,,11.31600,7.45000,Maize,Giwa3,Store,,0.18,0,0,0,0.18,
,,SS,2024,Katsina,,,,11.17000,7.12000,Maize,Sabuwa1,Farm,,126.56,6.6,4.57,0.13,137.87,
,,SS,2024,Katsina,,,,11.17000,7.12000,Maize,Sabuwa2,Market,,135.79,6.48,20.83,0.31,163.42,
,,SS,2024,Katsina,,,,11.17000,7.12000,Maize,Sabuwa3,Store,,39.62,2.05,0.97,0.1,42.77,
,,SS,2024,Katsina,,,,12.98000,7.62000,Maize,Baure1,Farm,,39.3,1.27,7.84,0.32,48.75,
,,SS,2024,Katsina,,,,12.98000,7.62000,Maize,Baure2,Market,,169.37,5.56,0,0.42,175.36,
,,SS,2024,Katsina,,,,12.98000,7.62000,Maize,Baure3,Store,,69.16,2.71,48.19,1.3,121.38,
,,NGS,2024,Katsina,,,,11.17000,7.12000,Maize,Sabuwa1,Farm,,126.56,6.6,4.57,0.13,137.87,
,,NGS,2024,Katsina,,,,11.17000,7.12000,Maize,Sabuwa2,Market,,135.79,6.48,20.83,0.31,163.42,
,,NGS,2024,Katsina,,,,11.17000,7.12000,Maize,Sabuwa3,Store,,39.62,2.05,0.97,0.1,42.77,
,,SHS,2024,Katsina,,,,12.98000,7.62000,Maize,Baure1,Farm,,39.3,1.27,7.84,0.32,48.75,
,,SHS,2024,Katsina,,,,12.98000,7.62000,Maize,Baure2,Market,,169.37,5.56,0,0.42,175.36,
,,SHS,2024,Katsina,,,,12.98000,7.62000,Maize,Baure3,Store,,69.16,2.71,48.19,1.3,121.38,
,,SS,2024,Kebbi,,,,12.65000,9.08000,Maize,Kangiwa1,Store,,103.55,5.82,1.7,0.12,111.21,
,,SS,2024,Kebbi,,,,12.65000,9.08000,Maize,Kangiwa2,Farm,,73.01,4.22,23.87,0.91,102.02,
,,SS,2024,Kebbi,,,,12.65000,9.08000,Maize,Kangiwa3,Market,,3.95,0.54,0,0,4.5,
,,SS,2024,Kebbi,,,,12.65000,9.08000,Maize,Kangiwa1,Store,,103.55,5.82,1.7,0.12,111.21,
,,SS,2024,Kebbi,,,,12.65000,9.08000,Maize,Kangiwa2,Farm,,73.01,4.22,23.87,0.91,102.02,
,,SS,2024,Kebbi,,,,12.65000,9.08000,Maize,Kangiwa3,Market,,3.95,0.54,0,0,4.5,
,,DS,2024,Kogi,,,,7.90000,7.05000,Maize,Bassa1,Farm,,56.29,8.29,3.02,0.17,67.78,
,,DS,2024,Kogi,,,,7.90000,7.05000,Maize,Bassa2,Market,,15.06,1.75,20.19,2.31,39.32,
,,DS,2024,Kogi,,,,7.90000,7.05000,Maize,Bassa3,Store,,6.19,0.47,1.7,0,8.37,
,,DS,2024,Kogi,,,,7.90000,7.05000,Maize,Bassa1,Farm,,56.29,8.29,3.02,0.17,67.78,
,,DS,2024,Kogi,,,,7.90000,7.05000,Maize,Bassa2,Market,,15.06,1.75,20.19,2.31,39.32,
,,DS,2024,Kogi,,,,7.90000,7.05000,Maize,Bassa3,Store,,6.19,0.47,1.7,0,8.37,
,,DS,2024,Kwara,,,,8.73000,5.76000,Maize,Patigi1,Farm,,0,0,0,0.12,0.12,
,,DS,2024,Kwara,,,,8.73000,5.76000,Maize,Patigi2,Market,,353.75,1.79,0.6,0,356.16,
,,DS,2024,Kwara,,,,8.73000,5.76000,Maize,Patigi3,Store,,167.25,9.36,1.89,0.16,178.68,
,,DS,2024,Kwara,,,,8.73000,5.76000,Maize,Patigi1,Farm,,0,0,0,0.12,0.12,
,,DS,2024,Kwara,,,,8.73000,5.76000,Maize,Patigi2,Market,,353.75,1.79,0.6,0,356.16,
,,DS,2024,Kwara,,,,8.73000,5.76000,Maize,Patigi3,Store,,167.25,9.36,1.89,0.16,178.68,
,,SGS,2024,Kwara,,,,8.54000,3.25000,Maize,Baruten1,Store,,0,0,0,0,0,
,,SGS,2024,Kwara,,,,8.54000,3.25000,Maize,Baruten2,Farm,,129.94,5.88,0.65,0.59,137.08,
,,SGS,2024,Kwara,,,,8.54000,3.25000,Maize,Baruten3,Market,,60.3,2.29,0.42,0.44,63.46,
,,SHS,2024,Niger,,,,10.43660,3.81720,Maize,Babana1,Farm,,48.43,2.9,0,0.21,51.55,
,,SHS,2024,Niger,,,,10.43660,3.81720,Maize,Babana2,Market,,47.51,3.1,0,0.51,51.14,
,,SHS,2024,Niger,,,,10.43660,3.81720,Maize,Babana3,Store,,14.01,0.62,0.39,0,15.03,
,,SHS,2024,Niger,,,,10.41000,5.16000,Maize,Kotongora1,Farm,,1.62,0.09,0.41,0,2.14,
,,SHS,2024,Niger,,,,10.41000,5.16000,Maize,Kotongora2,Market,,0,0,0,0,0,
,,SHS,2024,Niger,,,,10.41000,5.16000,Maize,Kotongora3,Store,,1.35,0,0,0,1.35,
,,SHS,2024,Niger,,,,9.62000,6.53000,Maize,Minna1,Farm,,30.89,2.78,0,0.17,33.86,
,,SHS,2024,Niger,,,,9.62000,6.53000,Maize,Minna2,Market,,42.95,1.92,0,0.46,45.35,
,,SHS,2024,Niger,,,,9.62000,6.53000,Maize,Minna3,Store,,50.2,2.3,0.57,0.29,53.37,
,,SHS,2024,Niger,,,,9.62000,6.53000,Maize,Mokwa1,Farm,,0,0,0,0.23,0.23,
,,SHS,2024,Niger,,,,9.62000,6.53000,Maize,Mokwa2,Market,,196.73,2.27,0,1.49,200.51,
,,SHS,2024,Niger,,,,9.62000,6.53000,Maize,Mokwa3,Store,,62.94,3.78,0,0.48,67.22,
,,NGS,2024,Niger,,,,10.43660,3.81720,Maize,Babana1,Farm,,48.43,2.9,0,0.21,51.55,
,,NGS,2024,Niger,,,,10.43660,3.81720,Maize,Babana2,Market,,47.51,3.1,0,0.51,51.14,
,,NGS,2024,Niger,,,,10.43660,3.81720,Maize,Babana3,Store,,14.01,0.62,0.39,0,15.03,
,,NGS,2024,Niger,,,,10.41000,5.16000,Maize,Kotongora1,Farm,,1.62,0.09,0.41,0,2.14,
,,NGS,2024,Niger,,,,10.41000,5.16000,Maize,Kotongora2,Market,,0,0,0,0,0,
,,NGS,2024,Niger,,,,10.41000,5.16000,Maize,Kotongora3,Store,,1.35,0,0,0,1.35,
,,SGS,2024,Niger,,,,9.62000,6.53000,Maize,Minna1,Farm,,30.89,2.78,0,0.17,33.86,
,,SGS,2024,Niger,,,,9.62000,6.53000,Maize,Minna2,Market,,42.95,1.92,0,0.46,45.35,
,,SGS,2024,Niger,,,,9.62000,6.53000,Maize,Minna3,Store,,50.2,2.3,0.57,0.29,53.37,
,,SGS,2024,Niger,,,,9.62000,6.53000,Maize,Mokwa1,Farm,,0,0,0,0.23,0.23,
,,SGS,2024,Niger,,,,9.62000,6.53000,Maize,Mokwa2,Market,,196.73,2.27,0,1.49,200.51,
,,SGS,2024,Niger,,,,9.62000,6.53000,Maize,Mokwa3,Store,,62.94,3.78,0,0.48,67.22,
,,SGS,2024,Oyo,,,,8.13000,4.13000,Maize,Ogbomosho1,Farm,,0.33,0,0,0,0.33,
,,SGS,2024,Oyo,,,,8.13000,4.13000,Maize,Ogbomosho2,Market,,0.24,0,0,0,0.24,
,,SGS,2024,Oyo,,,,8.13000,4.13000,Maize,Ogbomosho3,Store,,221.35,6.55,2.29,0,230.2,
,,SGS,2024,Oyo,,,,8.41000,3.42000,Maize,Shaki1,Farm,,0.16,0,0,0,0.16,
,,SGS,2024,Oyo,,,,8.41000,3.42000,Maize,Shaki2,Store,,6.98,0.37,0.32,0,7.68,
,,SGS,2024,Oyo,,,,8.41000,3.42000,Maize,Shaki3,Market,,3.59,0.17,0.92,0.11,4.8,
,,DS,2024,Oyo,,,,8.13000,4.13000,Maize,Ogbomosho1,Farm,,0.33,0,0,0,0.33,
,,DS,2024,Oyo,,,,8.13000,4.13000,Maize,Ogbomosho2,Market,,0.24,0,0,0,0.24,
,,DS,2024,Oyo,,,,8.13000,4.13000,Maize,Ogbomosho3,Store,,221.35,6.55,2.29,0,230.2,
,,DS,2024,Oyo,,,,8.41000,3.42000,Maize,Shaki1,Farm,,0.16,0,0,0,0.16,
,,DS,2024,Oyo,,,,8.41000,3.42000,Maize,Shaki2,Store,,6.98,0.37,0.32,0,7.68,
,,DS,2024,Oyo,,,,8.41000,3.42000,Maize,Shaki3,Market,,3.59,0.17,0.92,0.11,4.8,
,,NGS,2024,Plateau,,,,9.14000,9.79000,Maize,Lantang1,Store,,0,0,0,0.2,0.2,
,,NGS,2024,Plateau,,,,9.14000,9.79000,Maize,Lantang2,Farm,,0,0,0,0.23,0.23,
,,NGS,2024,Plateau,,,,9.14000,9.79000,Maize,Lantang3,Market,,0,0,0,0.29,0.29,
,,NGS,2024,Plateau,,,,9.62000,8.77000,Maize,Riyom1,Farm,,2.18,0.11,0,0.2,2.5,
,,NGS,2024,Plateau,,,,9.62000,8.77000,Maize,Riyom2,Market,,0,0,0,0,0,
,,NGS,2024,Plateau,,,,9.62000,8.77000,Maize,Riyom3,Store,,0,0,0,0,0,
,,NGS,2024,Plateau,,,,9.09400,9.95600,Maize,Wase1,Farm,,0,0,0,0,0,
,,NGS,2024,Plateau,,,,9.09400,9.95600,Maize,Wase2,Market,,68.16,0.54,0,0.54,69.26,
,,NGS,2024,Plateau,,,,9.09400,9.95600,Maize,Wase3,Store,,0,0,0,0,0,
,,MA,2024,Plateau,,,,9.14000,9.79000,Maize,Lantang1,Store,,0,0,0,0.2,0.2,
,,MA,2024,Plateau,,,,9.14000,9.79000,Maize,Lantang2,Farm,,0,0,0,0.23,0.23,
,,MA,2024,Plateau,,,,9.14000,9.79000,Maize,Lantang3,Market,,0,0,0,0.29,0.29,
,,MA,2024,Plateau,,,,9.62000,8.77000,Maize,Riyom1,Farm,,2.18,0.11,0,0.2,2.5,
,,MA,2024,Plateau,,,,9.62000,8.77000,Maize,Riyom2,Market,,0,0,0,0,0,
,,MA,2024,Plateau,,,,9.62000,8.77000,Maize,Riyom3,Store,,0,0,0,0,0,
,,MA,2024,Plateau,,,,9.09400,9.95600,Maize,Wase1,Farm,,0,0,0,0,0,
,,MA,2024,Plateau,,,,9.09400,9.95600,Maize,Wase2,Market,,68.16,0.54,0,0.54,69.26,
,,MA,2024,Plateau,,,,9.09400,9.95600,Maize,Wase3,Store,,0,0,0,0,0,
,,HF,2024,Rivers,,,,4.70000,7.00000,Maize,Abonema1,Market,,16.8,0.11,0,0.19,17.11,
,,HF,2024,Rivers,,,,4.70000,7.00000,Maize,Abonema2,Store,,25.25,0.19,0.35,0.09,25.91,
,,HF,2024,Rivers,,,,4.70000,7.00000,Maize,Abonema3,Farm,,4.43,0.08,0,0.18,4.71,
,,HF,2024,Rivers,,,,4.40000,7.14000,Maize,Bonny1,Farm,,0.21,0,0,0,0.21,
,,HF,2024,Rivers,,,,4.40000,7.14000,Maize,Bonny2,Market,,20.67,0.09,0,0.14,20.92,
,,HF,2024,Rivers,,,,4.40000,7.14000,Maize,Bonny3,Store,,16.78,0.18,0.56,0.2,17.74,
,,SS,2024,Sokoto,,,,12.25000,4.13000,Maize,Sabon Birni1,Farm,,2.76,0.11,22.26,0.11,25.24,
,,SS,2024,Sokoto,,,,12.25000,4.13000,Maize,Sabon Birni2,Market,,0.41,0,0,0,0.41,
,,SS,2024,Sokoto,,,,12.25000,4.13000,Maize,Sabon Birni3,Store,,0.2,0,0,0,0.2,
,,SS,2024,Sokoto,,,,12.37000,4.59000,Maize,Shagari1,Farm,,14.09,0.88,12.45,0.76,28.19,
,,SS,2024,Sokoto,,,,12.37000,4.59000,Maize,Shagari2,Market,,1.35,0.12,1.06,0.11,2.66,
,,SS,2024,Sokoto,,,,12.37000,4.59000,Maize,Shagari3,Store,,6.64,0.55,10.6,1.01,18.82,
,,SHS,2024,Sokoto,,,,12.25000,4.13000,Maize,Sabon Birni1,Farm,,2.76,0.11,22.26,0.11,5.25,
,,SHS,2024,Sokoto,,,,12.25000,4.13000,Maize,Sabon Birni2,Market,,0.41,0,0,0,0.41,
,,SHS,2024,Sokoto,,,,12.25000,4.13000,Maize,Sabon Birni3,Store,,0.2,0,0,0,0.2,
,,SS,2024,Sokoto,,,,12.37000,4.59000,Maize,Shagari1,Farm,,14.09,0.88,12.45,0.76,28.19,
,,SS,2024,Sokoto,,,,12.37000,4.59000,Maize,Shagari2,Market,,1.35,0.12,1.06,0.11,2.66,
,,SS,2024,Sokoto,,,,12.37000,4.59000,Maize,Shagari3,Store,,6.64,0.55,10.6,1.01,18.82,
,,SS,2024,Yobe,,,,12.69270,10.30800,Maize,Kirikisamma1,Farm,,0,0.2,0,0,0.2,
,,SS,2024,Yobe,,,,12.69270,10.30800,Maize,Kirikisamma2,Store,,0.35,0.07,0.27,0,0.7,
,,SS,2024,Yobe,,,,12.69270,10.30800,Maize,Kirikisamma3,Market,,0.33,0.3,0,0.13,0.77,
,,SHS,2024,Yobe,,,,12.69270,10.30800,Maize,Kirikisamma1,Farm,,0,0.2,0,0,0.2,
,,SHS,2024,Yobe,,,,12.69270,10.30800,Maize,Kirikisamma2,Store,,0.35,0.07,0.27,0,0.7,
,,SHS,2024,Yobe,,,,12.69270,10.30800,Maize,Kirikisamma3,Market,,0.33,0.3,0,0.13,0.77,
,,SS,2024,Yobe,,,,11.70000,11.08000,Maize,Potiskum1,Farm,,29.48,2.06,0,0,31.55,
,,SS,2024,Yobe,,,,11.70000,11.08000,Maize,Potiskum3,Store,,0.18,0,0,0.17,0.36,
,,SS,2024,Yobe ,,,,11.70000,11.08000,Maize,Potiskum2,Market,,0,0,0,0,0,
,,MA,2024,Bauchi,,,,10.440,9.220,,Toro1,Farm,,0.27,0,0,0.16,0.44,
,,MA,2024,Bauchi,,,,10.440,9.220,,Toro2,Market,,4.66,0.09,0.61,0.13,5.5,
,,MA,2024,Bauchi,,,,10.440,9.220,,Toro3,Store,,11.84,0.15,2.06,0.26,14.32,
,,NGS,2024,Borno,,,,11.500,13.090,,Maiduguri1,Farm,,40.71,2.3,0,0.41,43.44,
,,NGS,2024,Borno,,,,11.500,13.090,,Maiduguri2,Market,,110.65,9.17,0,0.81,120.64,
,,NGS,2024,Borno,,,,11.500,13.090,,Maiduguri3,Store,,5.63,0.45,0,0,6.1,
,,HF,2024,Delta,,,,5.320,6.120,,Abraka1,Farm,,0.22,0,0,0.18,0.42,
,,HF,2024,Delta,,,,5.320,6.120,,Abraka2,Market,,0.23,0,0,0.22,0.46,
,,HF,2024,Delta,,,,5.320,6.120,,Abraka3,Store,,0.23,0,0.45,0,0.7,
,,HF,2024,Delta,,,,6.230,6.150,,Agbor1,Farm,,0,0,0,0.14,0.14,
,,HF,2024,Delta,,,,6.230,6.150,,Agbor2,Market,,15.37,0.09,0,0.23,15.7,
,,HF,2024,Delta,,,,6.230,6.150,,Agbor3,Store,,10.99,0.19,0,0.21,11.41,
,,SHS,2024,Jigawa,,,,12.728,7.000,,Guri1,Market,,7.1,0.68,12.37,1.09,21.26,
,,SHS,2024,Jigawa,,,,12.728,7.000,,Guri2,Store,,0.72,0.1,0.81,0.11,1.76,
,,SHS,2024,Jigawa,,,,12.728,7.000,,Guri3,Farm,,22.8,0.5,0,0,23.32,
,,SGS,2024,Kaduna,,,,11.316,7.450,,Giwa1,Farm,,161.95,2.97,5.7,1.27,171.91,
,,SGS,2024,Kaduna,,,,11.316,7.450,,Giwa2,Market,,9.9,1.21,9.42,1.27,21.82,
,,SGS,2024,Kaduna,,,,11.316,7.450,,Giwa3,Store,,0.18,0,0,0,0.18,
,,NGS,2024,Katsina,,,,11.170,7.120,,Sabuwa1,Farm,,126.56,6.6,4.57,0.13,137.87,
,,NGS,2024,Katsina,,,,11.170,7.120,,Sabuwa2,Market,,135.79,6.48,20.83,0.31,163.42,
,,NGS,2024,Katsina,,,,11.170,7.120,,Sabuwa3,Store,,39.62,2.05,0.97,0.1,42.77,
,,SHS,2024,Katsina,,,,12.980,7.620,,Baure1,Farm,,39.3,1.27,7.84,0.32,48.75,
,,SHS,2024,Katsina,,,,12.980,7.620,,Baure2,Market,,169.37,5.56,0,0.42,175.36,
,,SHS,2024,Katsina,,,,12.980,7.620,,Baure3,Store,,69.16,2.71,48.19,1.3,121.38,
,,SS,2024,Kebbi,,,,12.650,9.080,,Kangiwa1,Store,,103.55,5.82,1.7,0.12,111.21,
,,SS,2024,Kebbi,,,,12.650,9.080,,Kangiwa2,Farm,,73.01,4.22,23.87,0.91,102.02,
,,SS,2024,Kebbi,,,,12.650,9.080,,Kangiwa3,Market,,3.95,0.54,0,0,4.5,
,,DS,2024,Kogi,,,,7.900,7.050,,Bassa1,Farm,,56.29,8.29,3.02,0.17,67.78,
,,DS,2024,Kogi,,,,7.900,7.050,,Bassa2,Market,,15.06,1.75,20.19,2.31,39.32,
,,DS,2024,Kogi,,,,7.900,7.050,,Bassa3,Store,,6.19,0.47,1.7,0,8.37,
,,DS,2024,Kwara,,,,8.730,5.760,,Patigi1,Farm,,0,0,0,0.12,0.12,
,,DS,2024,Kwara,,,,8.730,5.760,,Patigi2,Market,,353.75,1.79,0.6,0,356.16,
,,DS,2024,Kwara,,,,8.730,5.760,,Patigi3,Store,,167.25,9.36,1.89,0.16,178.68,
,,SGS,2024,Kwara,,,,8.540,3.250,,Baruten1,Store,,0,0,0,0,0,
,,SGS,2024,Kwara,,,,8.540,3.250,,Baruten2,Farm,,129.94,5.88,0.65,0.59,137.08,
,,SGS,2024,Kwara,,,,8.540,3.250,,Baruten3,Market,,60.3,2.29,0.42,0.44,63.46,
,,NGS,2024,Niger,,,,10.437,3.817,,Babana1,Farm,,48.43,2.9,0,0.21,51.55,
,,NGS,2024,Niger,,,,10.437,3.817,,Babana2,Market,,47.51,3.1,0,0.51,51.14,
,,NGS,2024,Niger,,,,10.437,3.817,,Babana3,Store,,14.01,0.62,0.39,0,15.03,
,,NGS,2024,Niger,,,,10.410,5.160,,Kotongora1,Farm,,1.62,0.09,0.41,0,2.14,
,,NGS,2024,Niger,,,,10.410,5.160,,Kotongora2,Market,,0,0,0,0,0,
,,NGS,2024,Niger,,,,10.410,5.160,,Kotongora3,Store,,1.35,0,0,0,1.35,
,,SGS,2024,Niger,,,,9.620,6.530,,Minna1,Farm,,30.89,2.78,0,0.17,33.86,
,,SGS,2024,Niger,,,,9.620,6.530,,Minna2,Market,,42.95,1.92,0,0.46,45.35,
,,SGS,2024,Niger,,,,9.620,6.530,,Minna3,Store,,50.2,2.3,0.57,0.29,53.37,
,,SGS,2024,Niger,,,,9.620,6.530,,Mokwa1,Farm,,0,0,0,0.23,0.23,
,,SGS,2024,Niger,,,,9.620,6.530,,Mokwa2,Market,,196.73,2.27,0,1.49,200.51,
,,SGS,2024,Niger,,,,9.620,6.530,,Mokwa3,Store,,62.94,3.78,0,0.48,67.22,
,,DS,2024,Oyo,,,,8.130,4.130,,Ogbomosho1,Farm,,0.33,0,0,0,0.33,
,,DS,2024,Oyo,,,,8.130,4.130,,Ogbomosho2,Market,,0.24,0,0,0,0.24,
,,DS,2024,Oyo,,,,8.130,4.130,,Ogbomosho3,Store,,221.35,6.55,2.29,0,230.2,
,,DS,2024,Oyo,,,,8.410,3.420,,Shaki1,Farm,,0.16,0,0,0,0.16,
,,DS,2024,Oyo,,,,8.410,3.420,,Shaki2,Store,,6.98,0.37,0.32,0,7.68,
,,DS,2024,Oyo,,,,8.410,3.420,,Shaki3,Market,,3.59,0.17,0.92,0.11,4.8,
,,MA,2024,Plateau,,,,9.140,9.790,,Lantang1,Store,,0,0,0,0.2,0.2,
,,MA,2024,Plateau,,,,9.140,9.790,,Lantang2,Farm,,0,0,0,0.23,0.23,
,,MA,2024,Plateau,,,,9.140,9.790,,Lantang3,Market,,0,0,0,0.29,0.29,
,,MA,2024,Plateau,,,,9.620,8.770,,Riyom1,Farm,,2.18,0.11,0,0.2,2.5,
,,MA,2024,Plateau,,,,9.620,8.770,,Riyom2,Market,,0,0,0,0,0,
,,MA,2024,Plateau,,,,9.620,8.770,,Riyom3,Store,,0,0,0,0,0,
,,MA,2024,Plateau,,,,9.094,9.956,,Wase1,Farm,,0,0,0,0,0,
,,MA,2024,Plateau,,,,9.094,9.956,,Wase2,Market,,68.16,0.54,0,0.54,69.26,
,,MA,2024,Plateau,,,,9.094,9.956,,Wase3,Store,,0,0,0,0,0,
,,HF,2024,Rivers,,,,4.700,7.000,,Abonema1,Market,,16.8,0.11,0,0.19,17.11,
,,HF,2024,Rivers,,,,4.700,7.000,,Abonema2,Store,,25.25,0.19,0.35,0.09,25.91,
,,HF,2024,Rivers,,,,4.700,7.000,,Abonema3,Farm,,4.43,0.08,0,0.18,4.71,
,,HF,2024,Rivers,,,,4.400,7.140,,Bonny1,Farm,,0.21,0,0,0,0.21,
,,HF,2024,Rivers,,,,4.400,7.140,,Bonny2,Market,,20.67,0.09,0,0.14,20.92,
,,HF,2024,Rivers,,,,4.400,7.140,,Bonny3,Store,,16.78,0.18,0.56,0.2,17.74,
,,SHS,2024,Sokoto,,,,12.250,4.130,,Sabon Birni1,Farm,,2.76,0.11,22.26,0.11,25.24,
,,SHS,2024,Sokoto,,,,12.250,4.130,,Sabon Birni2,Market,,0.41,0,0,0,0.41,
,,SHS,2024,Sokoto,,,,12.250,4.130,,Sabon Birni3,Store,,0.2,0,0,0,0.2,
,,SS,2024,Sokoto,,,,12.370,4.590,,Shagari1,Farm,,14.09,0.88,12.45,0.76,28.19,
,,SS,2024,Sokoto,,,,12.370,4.590,,Shagari2,Market,,1.35,0.12,1.06,0.11,2.66,
,,SS,2024,Sokoto,,,,12.370,4.590,,Shagari3,Store,,6.64,0.55,10.6,1.01,18.82,
,,SHS,2024,Yobe,,,,12.693,10.308,,Kirikisamma1,Farm,,0,0.2,0,0,0.2,
,,SHS,2024,Yobe,,,,12.693,10.308,,Kirikisamma2,Store,,0.35,0.07,0.27,0,0.7,
,,SHS,2024,Yobe,,,,12.693,10.308,,Kirikisamma3,Market,,0.33,0.3,0,0.13,0.77,
,,SS,2024,Yobe,,,,11.700,11.080,,Potiskum1,Farm,,29.48,2.06,0,0,31.55,
,,SS,2024,Yobe,,,,11.700,11.080,,Potiskum3,Store,,0.18,0,0,0.17,0.36,
,,SS,2024,Yobe ,,,,11.700,11.080,,Potiskum2,Market,,0,0,0,0,0,
