"Sample_ID","Year","AEZ","State","Lat","Long","B1","B2","G1","G2","afl_max","afl_mean","afl_median","n_samples","other_coordinates_in_grid","other_aflatoxins_in_grid","Location_Type","Source"
"NG645M",2012,"SGS","Niger",10.113,6.1527,4.87,3.22,0,0,17.35,12.9933333333333,13.54,3,"NG657M: 10.113, 6.153; NG668M: 10.113, 6.153","NG657M: B1=8.39,B2=8.96,G1=0,G2=0; NG668M: B1=1.72,B2=10.13,G1=1.69,G2=0","","NAFDAC Market Survey Sample 2012"
"BA1107M",2012,"MA","Bauchi",10.0596,9.0709,0,0,0,0,0,0,0,3,"BA1111M: 10.06, 9.071; BA1120M: 10.06, 9.071","BA1111M: B1=0,B2=0,G1=0,G2=0; BA1120M: B1=0,B2=0,G1=0,G2=0","","NAFDAC Market Survey Sample 2012"
"GM1000M",2012,"NGS","Gombe",10.2791,11.1731,0,0,0,0,24.04,6.17833333333333,3.23,6,"GM1008M: 10.279, 11.173; GM1011M: 10.279, 11.173; GM983M: 10.279, 11.173; GM985M: 10.279, 11.173; GM988M: 10.279, 11.173","GM1008M: B1=16.75,B2=2.12,G1=1.5,G2=3.67; GM1011M: B1=0.8,B2=1.52,G1=0,G2=0; GM983M: B1=0,B2=0,G1=0,G2=0; GM985M: B1=5.25,B2=1.32,G1=0,G2=0; GM988M: B1=1.1,B2=3.04,G1=0,G2=0","","NAFDAC Market Survey Sample 2012"
"GM984M",2012,"SS","Gombe",10.2794,11.4793,0,0,0,0,2.66,1.68666666666667,2.4,3,"GM993M: 10.279, 11.479; GM998M: 10.279, 11.479","GM993M: B1=1.54,B2=0.86,G1=0,G2=0; GM998M: B1=1.65,B2=1.01,G1=0,G2=0","","NAFDAC Market Survey Sample 2012"
"KD832M",2012,"SGS","Kaduna",10.2697,7.1101,10.31,7.31,2.23,0.74,20.59,10.3033333333333,10.32,3,"KD843M: 10.27, 7.11; KD848M: 10.27, 7.11","KD843M: B1=1.95,B2=8.37,G1=0,G2=0; KD848M: B1=0,B2=0,G1=0,G2=0","","NAFDAC Market Survey Sample 2012"
"NG633M",2012,"SGS","Niger",10.3116,4.9767,12.19,5.41,2.33,0,19.93,12.6766666666667,18.1,3,"NG663M: 10.312, 4.977; NG672M: 10.312, 4.977","NG663M: B1=2.24,B2=13.52,G1=1.34,G2=1; NG672M: B1=0,B2=0,G1=0,G2=0","","NAFDAC Market Survey Sample 2012"
"KD812M",2012,"SGS","Kaduna",10.3243,7.6833,3.41,1.47,0,0,11.62,5.5,4.88,3,"KD838M: 10.324, 7.683; KD846M: 10.324, 7.683","KD838M: B1=0,B2=0,G1=0,G2=0; KD846M: B1=4.91,B2=2.45,G1=2.89,G2=1.37","","NAFDAC Market Survey Sample 2012"
"BA1114M",2012,"NGS","Bauchi",10.306,9.8404,0,0,0,0,7.06,4.51,6.47,3,"BA1125M: 10.306, 9.84; BA1129M: 10.306, 9.84","BA1125M: B1=3.66,B2=2.81,G1=0,G2=0; BA1129M: B1=2.24,B2=1.89,G1=2.93,G2=0","","NAFDAC Market Survey Sample 2012"
"GM1005M",2012,"SS","Gombe",10.4019,11.1391,0.71,1.31,7.93,0.59,10.54,4.75333333333333,3.72,3,"GM1007M: 10.402, 11.139; GM992M: 10.402, 11.139","GM1007M: B1=0,B2=0,G1=0,G2=0; GM992M: B1=2.33,B2=1.39,G1=0,G2=0","","NAFDAC Market Survey Sample 2012"
"NG632M",2012,"SGS","Niger",10.4071,5.4699,3.53,5.6,0,0,17.88,11.13,9.13,3,"NG662M: 10.407, 5.47; NG666M: 10.407, 5.47","NG662M: B1=2.03,B2=2.59,G1=1.76,G2=0; NG666M: B1=2.05,B2=5.21,G1=1.75,G2=8.87","","NAFDAC Market Survey Sample 2012"
"KD813M",2012,"NGS","Kaduna",10.5036,7.4337,0.93,1.57,0,0,35.3,12.8166666666667,6.785,6,"KD814M: 10.504, 7.434; KD817M: 10.463, 7.414; KD820M: 10.504, 7.434; KD822M: 10.463, 7.414; KD836M: 10.463, 7.414","KD814M: B1=15.55,B2=2.26,G1=14.28,G2=3.21; KD817M: B1=2.25,B2=0.63,G1=2.28,G2=0.59; KD820M: B1=4.03,B2=1.64,G1=2.15,G2=0; KD822M: B1=4.97,B2=2.13,G1=17.33,G2=1.1; KD836M: B1=0,B2=0,G1=0,G2=0","","NAFDAC Market Survey Sample 2012"
"KD850M",2012,"NGS","Kaduna",10.5432,7.449,8.37,1.94,4.63,0,14.94,7.47,7.47,2,"KD851M: 10.543, 7.449","KD851M: B1=0,B2=0,G1=0,G2=0","","NAFDAC Market Survey Sample 2012"
"BR1202M",2012,"SS","Borno",10.6117,12.1919,1.07,1.79,0.92,0,3.78,1.26,0,3,"BR1236M: 10.612, 12.192; BR1240M: 10.612, 12.192","BR1236M: B1=0,B2=0,G1=0,G2=0; BR1240M: B1=0,B2=0,G1=0,G2=0","","NAFDAC Market Survey Sample 2012"
"BR1199M",2012,"SS","Borno",10.6563,13.1279,0,0,0,0,0,0,0,3,"BR1211M: 10.656, 13.128; BR1238M: 10.656, 13.128","BR1211M: B1=0,B2=0,G1=0,G2=0; BR1238M: B1=0,B2=0,G1=0,G2=0","","NAFDAC Market Survey Sample 2012"
"GM1002M",2012,"SS","Gombe",10.7252,11.3885,4.7,0,2.16,4.72,13.59,9.90666666666667,11.58,3,"GM1004M: 10.725, 11.389; GM982M: 10.725, 11.389","GM1004M: B1=0.76,B2=3.3,G1=9.53,G2=0; GM982M: B1=2.34,B2=2.21,G1=0,G2=0","","NAFDAC Market Survey Sample 2012"
"BA1122M",2012,"SS","Bauchi",10.729,9.9912,0,0,0,0,21.13,7.04333333333333,0,3,"BA1128M: 10.729, 9.991; BA1151M: 10.729, 9.991","BA1128M: B1=0,B2=0,G1=0,G2=0; BA1151M: B1=3.14,B2=4.25,G1=11.49,G2=2.25","","NAFDAC Market Survey Sample 2012"
"GM1006M",2012,"SS","Gombe",10.823,10.7733,1.46,1.98,0,0,17.63,7.02333333333333,3.44,3,"GM987M: 10.823, 10.773; GM989M: 10.823, 10.773","GM987M: B1=1.3,B2=3.71,G1=11.12,G2=1.5; GM989M: B1=0,B2=0,G1=0,G2=0","","NAFDAC Market Survey Sample 2012"
"KD842M",2012,"NGS","Kaduna",10.8,7.72,0,0,0,0,0,0,0,1,NA,NA,"","NAFDAC Market Survey Sample 2012"
"KN152",2012,"NGS","Kano",10.8125,8.7041,10.35,4.47,3.27,3.32,23.61,10.1966666666667,6.29,9,"KN482: 10.812, 8.704; KN600: 10.812, 8.704; KN601: 10.812, 8.704; KN602: 10.812, 8.704; KN603: 10.812, 8.704; KN609: 10.812, 8.704; KN611: 10.812, 8.704; KN612: 10.812, 8.704","KN482: B1=4.41,B2=1.88,G1=0,G2=0; KN600: B1=0,B2=0,G1=0,G2=0; KN601: B1=11.77,B2=10.83,G1=0,G2=1; KN602: B1=6.2,B2=4.6,G1=6.65,G2=0.67; KN603: B1=2.08,B2=4.23,G1=3.69,G2=0.72; KN609: B1=0.98,B2=2.3,G1=0,G2=0; KN611: B1=1.66,B2=3.46,G1=0,G2=0; KN612: B1=0.87,B2=2.35,G1=0,G2=0","","Large Scale Testing 2012"
"BR1197M",2012,"SS","Borno",10.8692,12.8471,0,0,0,0,14.85,8.24333333333333,9.88,3,"BR1212M: 10.869, 12.847; BR1224M: 10.869, 12.847","BR1212M: B1=1.02,B2=6.98,G1=6.03,G2=0.82; BR1224M: B1=2.12,B2=7.76,G1=0,G2=0","","NAFDAC Market Survey Sample 2012"
"KB906M",2012,"NGS","Niger",10.9925,4.5212,11.03,12.61,3.47,1.27,28.38,21.6666666666667,22.94,3,"KB926M: 10.992, 4.521; KB929M: 10.992, 4.521","KB926M: B1=4.89,B2=15.26,G1=2.79,G2=0; KB929M: B1=9.95,B2=3.73,G1=0,G2=0","","NAFDAC Market Survey Sample 2012"
"KD806",2012,"NGS","Kaduna",10.9841,8.0602,4.49,6.42,4.33,0.64,15.88,15.88,15.88,1,NA,NA,"","Large Scale Testing 2012"
"KD800",2012,"NGS","Kaduna",11,8.24,1.89,2.87,0,0,15.89,10.325,10.325,2,"KD800: 11.28, 7.418; KD805: 11, 8.24","KD800: B1=2.99,B2=2.02,G1=0,G2=0; KD805: B1=3.61,B2=4.94,G1=6.43,G2=0.91","","Large Scale Testing 2012"
"GM1003M",2012,"SS","Gombe",11.0968,11.3346,0,0,0,0,0,0,0,3,"GM1010M: 11.097, 11.335; GM995M: 11.097, 11.335","GM1010M: B1=0,B2=0,G1=0,G2=0; GM995M: B1=0,B2=0,G1=0,G2=0","","NAFDAC Market Survey Sample 2012"
"BR1207M",2012,"SS","Borno",11.0897,13.6884,23.94,2.71,2.14,1.73,30.52,10.1733333333333,0,3,"BR1230M: 11.09, 13.688; BR1232M: 11.09, 13.688","BR1230M: B1=0,B2=0,G1=0,G2=0; BR1232M: B1=0,B2=0,G1=0,G2=0","","NAFDAC Market Survey Sample 2012"
"KB899M",2012,"NGS","Kebbi",11.0655,5.5965,23.44,3.93,8.71,0.66,36.74,30.6266666666667,35.37,3,"KB921M: 11.066, 5.596; KB934M: 11.066, 5.596","KB921M: B1=4.52,B2=3.3,G1=8.98,G2=2.97; KB934M: B1=16.81,B2=2.23,G1=15.09,G2=1.24","","NAFDAC Market Survey Sample 2012"
"KD001",2012,"NGS","Kaduna",11.0549,7.1965,2.13,4.53,1.63,0.48,76.94,16.430625,6.76,16,"KD002: 11.055, 7.197; KD004: 11.055, 7.197; KD005: 11.055, 7.197; KD006: 11.055, 7.197; KD007: 11.055, 7.197; KD009: 11.055, 7.197; KD010: 11.055, 7.197; KD011: 11.055, 7.197; KD014: 11.055, 7.197; KD015: 11.055, 7.197; KD020: 11.055, 7.197; KD021: 11.055, 7.197; KD023: 11.055, 7.197; KD026: 11.055, 7.197; KD029: 11.055, 7.197","KD002: B1=3.32,B2=1.55,G1=0,G2=0; KD004: B1=0.67,B2=3.47,G1=1.62,G2=0.51; KD005: B1=52.7,B2=11.29,G1=2.57,G2=0; KD006: B1=3.53,B2=1.85,G1=0,G2=0; KD007: B1=18.8,B2=3.9,G1=1.37,G2=1.09; KD009: B1=3.77,B2=3.45,G1=0,G2=0; KD010: B1=64.13,B2=12.81,G1=0,G2=0; KD011: B1=0.83,B2=1.36,G1=0,G2=0; KD014: B1=0.71,B2=2.62,G1=0,G2=0; KD015: B1=7.08,B2=9.68,G1=2.22,G2=0.6; KD020: B1=2.44,B2=3.84,G1=0,G2=0; KD021: B1=5.64,B2=3.58,G1=0,G2=0; KD023: B1=0,B2=0,G1=0,G2=0; KD026: B1=8.19,B2=5.78,G1=2.58,G2=0; KD029: B1=1.28,B2=3.31,G1=0,G2=0","","Large Scale Testing 2012"
"BA1112M",2012,"SS","Bauchi",11.0716,9.5729,0,0,0,0,12.3,5.94666666666667,5.54,3,"BA1139M: 11.072, 9.573; BA1141M: 11.072, 9.573","BA1139M: B1=4.2,B2=1.34,G1=0,G2=0; BA1141M: B1=3.32,B2=1.05,G1=5.94,G2=1.99","","NAFDAC Market Survey Sample 2012"
"BR1209M",2012,"SS","Borno",11.1561,12.7566,0,0,0,0,45.71,15.2366666666667,0,3,"BR1216M: 11.156, 12.757; BR1241M: 11.156, 12.757","BR1216M: B1=1.8,B2=2.12,G1=32.04,G2=9.75; BR1241M: B1=0,B2=0,G1=0,G2=0","","NAFDAC Market Survey Sample 2012"
"KD807M",2012,"NGS","Kaduna",11.1766,7.6765,3.07,7.71,12.8,0.67,85.61,22.4283333333333,9.58,6,"KD824M: 11.177, 7.676; KD837M: 11.177, 7.676; KD840M: 11.177, 7.676; KD844M: 11.177, 7.676; KD849M: 11.177, 7.676","KD824M: B1=1.76,B2=0.63,G1=0,G2=0; KD837M: B1=33.86,B2=1.84,G1=48.52,G2=1.39; KD840M: B1=7.21,B2=1.15,G1=0,G2=0; KD844M: B1=0.79,B2=2.37,G1=0,G2=0; KD849M: B1=4.42,B2=6.38,G1=0,G2=0","","NAFDAC Market Survey Sample 2012"
"KD815M",2012,"NGS","Kaduna",11.1047,7.7207,1.55,1.6,1.9,1.15,16.86,12.9666666666667,15.84,3,"KD819M: 11.105, 7.721; KD834M: 11.105, 7.721","KD819M: B1=4.6,B2=1.57,G1=7.16,G2=2.51; KD834M: B1=10.71,B2=2.68,G1=2.54,G2=0.93","","NAFDAC Market Survey Sample 2012"
"809",2012,"NGS","Kaduna",11.1788,8.2268,2.98,2.39,3.97,2.3,199.61,13.2841379310345,6.92,29,"Pam01: 11.179, 8.227; Pam06: 11.179, 8.227; Pam07: 11.179, 8.227; Pam08: 11.179, 8.227; Pam09: 11.179, 8.227; Pam10: 11.179, 8.227; Pam11: 11.179, 8.227; Pam12: 11.179, 8.227; Pam15: 11.179, 8.227; Pam16: 11.179, 8.227; Pam18: 11.179, 8.227; Pam20: 11.179, 8.227; Pam21: 11.179, 8.227; Pam24: 11.179, 8.227; Pam27: 11.179, 8.227; Pam29: 11.179, 8.227; Pam38: 11.179, 8.227; Pam47: 11.179, 8.227; Pam48: 11.179, 8.227; Pam49: 11.179, 8.227; Pam50: 11.179, 8.227; Pam52: 11.179, 8.227; Pam53: 11.179, 8.227; Pam54: 11.179, 8.227; Pam55: 11.179, 8.227; Pam57: 11.179, 8.227; Pam61: 11.179, 8.227; Pam62: 11.179, 8.227","Pam01: B1=4.58,B2=0,G1=11.85,G2=2.58; Pam06: B1=1.47,B2=1.8,G1=2.23,G2=2.4; Pam07: B1=5.2,B2=1.18,G1=0,G2=0; Pam08: B1=10.67,B2=0.93,G1=0,G2=1.25; Pam09: B1=0.79,B2=1.56,G1=0,G2=0; Pam10: B1=0,B2=0,G1=0,G2=0; Pam11: B1=0,B2=0,G1=0,G2=0; Pam12: B1=0,B2=0,G1=0,G2=0; Pam15: B1=2.13,B2=5.03,G1=0,G2=0; Pam16: B1=0,B2=0,G1=0,G2=0; Pam18: B1=0,B2=0,G1=0,G2=0; Pam20: B1=0,B2=0,G1=0,G2=0; Pam21: B1=108.57,B2=30.31,G1=53.45,G2=7.28; Pam24: B1=0,B2=0,G1=0,G2=0; Pam27: B1=4,B2=3.02,G1=1.64,G2=2.39; Pam29: B1=2.08,B2=3.38,G1=1.77,G2=0; Pam38: B1=7.04,B2=2.48,G1=5.22,G2=1.04; Pam47: B1=0,B2=9.11,G1=0,G2=0; Pam48: B1=1.65,B2=1.38,G1=0,G2=0; Pam49: B1=1.07,B2=1.11,G1=2.85,G2=1.89; Pam50: B1=5.51,B2=7.89,G1=0,G2=0; Pam52: B1=0,B2=0,G1=0,G2=0; Pam53: B1=0.64,B2=4.73,G1=0,G2=0.85; Pam54: B1=0.58,B2=3.82,G1=4.23,G2=0.75; Pam55: B1=5.77,B2=0,G1=0,G2=0; Pam57: B1=10.53,B2=3.23,G1=2.27,G2=1.57; Pam61: B1=7.62,B2=5.23,G1=0,G2=0; Pam62: B1=0,B2=0,G1=0,G2=0","","Large Scale Testing 2012"
"KN700",2012,"SS","Kano",11.2497,8.4047,1.38,1.99,0,0,23.73,7.71235294117647,6.02,17,"KN701: 11.25, 8.405; KN702: 11.25, 8.405; KN703: 11.25, 8.405; KN704: 11.25, 8.405; KN705: 11.25, 8.405; KN706: 11.25, 8.405; KN707: 11.25, 8.405; KN708: 11.25, 8.405; KN709: 11.25, 8.405; KN712: 11.25, 8.405; KN713: 11.25, 8.405; KN714: 11.25, 8.405; KN715: 11.25, 8.405; KN717: 11.25, 8.405; KN718: 11.25, 8.405; KNN712: 11.25, 8.405","KN701: B1=0.78,B2=3.4,G1=1.8,G2=0; KN702: B1=1.94,B2=4.46,G1=0,G2=0; KN703: B1=1.42,B2=4.77,G1=2.25,G2=0; KN704: B1=7.31,B2=1.4,G1=4.71,G2=2.14; KN705: B1=1.43,B2=2.86,G1=18.71,G2=0.72; KN706: B1=10.52,B2=9.2,G1=0,G2=0; KN707: B1=0,B2=0,G1=0,G2=0; KN708: B1=0.91,B2=1.06,G1=1.51,G2=2.54; KN709: B1=1.63,B2=4.16,G1=0,G2=0; KN712: B1=0,B2=0,G1=0,G2=0; KN713: B1=2.89,B2=0,G1=0,G2=0; KN714: B1=1.59,B2=1.04,G1=6.88,G2=0; KN715: B1=3.17,B2=7.54,G1=0,G2=0; KN717: B1=2.33,B2=2.41,G1=0,G2=0; KN718: B1=0,B2=0,G1=0,G2=0; KNN712: B1=5.13,B2=3.11,G1=0,G2=0","","Large Scale Testing 2012"
"BA1134M",2012,"SS","Bauchi",11.314,10.4652,0,0,0,0,2.83,0.943333333333333,0,3,"BA1148M: 11.314, 10.465; BA1149M: 11.314, 10.465","BA1148M: B1=1.12,B2=1.71,G1=0,G2=0; BA1149M: B1=0,B2=0,G1=0,G2=0","","NAFDAC Market Survey Sample 2012"
"KT741M",2012,"NGS","Katsina",11.3267,7.0714,6.62,0,0,0,13.39,10.005,10.005,2,"KT760M: 11.327, 7.071","KT760M: B1=4.66,B2=3.92,G1=4.81,G2=0","","NAFDAC Market Survey Sample 2012"
"KD003",2012,"NGS","Kaduna",11.2802,7.4179,3.82,1.19,1.74,0,6.75,5.88,5.88,2,"KD800: 11, 8.24; KD800: 11.28, 7.418","KD800: B1=1.89,B2=2.87,G1=0,G2=0; KD800: B1=2.99,B2=2.02,G1=0,G2=0","","Large Scale Testing 2012"
"KD810M",2012,"NGS","Kaduna",11.2643,7.7634,0,0,0,0,9.19,3.80666666666667,2.23,3,"KD826M: 11.264, 7.763; KD839M: 11.264, 7.763","KD826M: B1=8.07,B2=1.12,G1=0,G2=0; KD839M: B1=0.63,B2=1.6,G1=0,G2=0","","NAFDAC Market Survey Sample 2012"
"Pam63",2012,"NGS","Kaduna",11.2667,8.1,0,0,0,0,38.82,11.66,3.74,5,"Pam70: 11.267, 8.1; Pam71: 11.267, 8.1; Pam72: 11.267, 8.1; Pam73: 11.267, 8.1","Pam70: B1=2.9,B2=3.9,G1=30.79,G2=1.23; Pam71: B1=1.14,B2=2.59,G1=0,G2=0; Pam72: B1=1.14,B2=14.59,G1=0,G2=0; Pam73: B1=0,B2=0,G1=0,G2=0","","Large Scale Testing 2012"
"BA1117M",2012,"SS","Bauchi",11.3882,10.1973,0,0,0,0,0,0,0,3,"BA1132M: 11.388, 10.197; BA1140M: 11.388, 10.197","BA1132M: B1=0,B2=0,G1=0,G2=0; BA1140M: B1=0,B2=0,G1=0,G2=0","","NAFDAC Market Survey Sample 2012"
"KB897M",2012,"NGS","Kebbi",11.3799,5.6458,6.1,2.15,8.81,9.86,26.92,15.31,11.23,3,"KB911M: 11.38, 5.646; KB923M: 11.38, 5.646","KB911M: B1=4.07,B2=4.14,G1=3.02,G2=0; KB923M: B1=3.15,B2=1.61,G1=2.19,G2=0.83","","NAFDAC Market Survey Sample 2012"
"KT743M",2012,"NGS","Katsina",11.3907,7.2221,0,0,0,0,36.14,12.0466666666667,0,3,"KT756M: 11.391, 7.222; KT761M: 11.391, 7.222","KT756M: B1=7.48,B2=7.03,G1=10.97,G2=10.66; KT761M: B1=0,B2=0,G1=0,G2=0","","NAFDAC Market Survey Sample 2012"
"KD831M",2012,"SS","Kaduna",11.3766,7.8803,12.03,4.31,2.29,6.84,25.47,15.2466666666667,14.35,3,"KD833M: 11.377, 7.88; KD841M: 11.377, 7.88","KD833M: B1=4.07,B2=2.59,G1=4.93,G2=2.76; KD841M: B1=2.35,B2=1.48,G1=2.09,G2=0","","NAFDAC Market Survey Sample 2012"
"BA1126M",2012,"SS","Bauchi",11.4615,10.0457,0,0,0,0,5.16,1.72,0,3,"BA1133M: 11.461, 10.046; BA1146M: 11.461, 10.046","BA1133M: B1=2.93,B2=2.23,G1=0,G2=0; BA1146M: B1=0,B2=0,G1=0,G2=0","","NAFDAC Market Survey Sample 2012"
"KB917M",2012,"NGS","Kebbi",11.4384,5.2319,0.85,3.44,2.64,2.58,14.44,9.50333333333333,9.51,3,"KB918M: 11.438, 5.232; KB924M: 11.438, 5.232","KB918M: B1=1.21,B2=3.35,G1=0,G2=0; KB924M: B1=3.21,B2=4.25,G1=5.82,G2=1.16","","NAFDAC Market Survey Sample 2012"
"BR1198M",2012,"SS","Borno",11.5246,12.5298,6.35,4.26,0,0,11.01,7.20666666666667,10.61,3,"BR1210M: 11.525, 12.53; BR1237M: 11.525, 12.53","BR1210M: B1=2.09,B2=8.92,G1=0,G2=0; BR1237M: B1=0,B2=0,G1=0,G2=0","","NAFDAC Market Survey Sample 2012"
"KT753M",2012,"NGS","Katsina",11.5185,7.3129,24.14,5.13,11.5,5.27,46.04,23.02,23.02,2,"KT754M: 11.518, 7.313","KT754M: B1=0,B2=0,G1=0,G2=0","","NAFDAC Market Survey Sample 2012"
"KT732M",2012,"SS","Katsina",11.5577,7.4246,0,0,0,0,23.26,7.75333333333333,0,3,"KT739M: 11.558, 7.425; KT757M: 11.558, 7.425","KT739M: B1=0,B2=0,G1=0,G2=0; KT757M: B1=5.05,B2=0,G1=11.7,G2=6.51","","NAFDAC Market Survey Sample 2012"
"KD801",2012,"SS","Katsina",11.5833,7.7167,0,0,0,0,10.85,5.425,5.425,2,"KD803: 11.583, 7.717","KD803: B1=4.03,B2=3.56,G1=2.37,G2=0.89","","Large Scale Testing 2012"
"BA1127M",2012,"SS","Bauchi",11.6779,10.7112,1.93,1.97,0,0,3.9,1.3,0,3,"BA1137M: 11.678, 10.711; BA1143M: 11.678, 10.711","BA1137M: B1=0,B2=0,G1=0,G2=0; BA1143M: B1=0,B2=0,G1=0,G2=0","","NAFDAC Market Survey Sample 2012"
"KB913M",2012,"SS","Kebbi",11.7295,3.7121,4.91,2.3,2.21,1.63,26.02,15.5716666666667,14.595,6,"KB914M: 11.73, 3.712; KB915M: 11.73, 3.712; KB919M: 11.73, 3.712; KB925M: 11.73, 3.712; KB936M: 11.73, 3.712","KB914M: B1=4.98,B2=6.46,G1=4.91,G2=1.36; KB915M: B1=2.92,B2=4.22,G1=3.4,G2=0.94; KB919M: B1=4.37,B2=1.73,G1=12.05,G2=3.52; KB925M: B1=1.23,B2=4.27,G1=0,G2=0; KB936M: B1=24.04,B2=1.98,G1=0,G2=0","","NAFDAC Market Survey Sample 2012"
"KD804",2012,"SS","Katsina",11.72,7.7167,124.66,16.71,0,0,141.37,141.37,141.37,1,NA,NA,"","Large Scale Testing 2012"
"BA1116M",2012,"SS","Bauchi",11.6697,9.9283,0,0,0,0,0,0,0,3,"BA1118M: 11.67, 9.928; BA1150M: 11.67, 9.928","BA1118M: B1=0,B2=0,G1=0,G2=0; BA1150M: B1=0,B2=0,G1=0,G2=0","","NAFDAC Market Survey Sample 2012"
"KB901M",2012,"SS","Kebbi",11.8103,4.3565,20.17,1.51,10.21,1.2,33.09,15.6533333333333,9.17,3,"KB928M: 11.81, 4.356; KB937M: 11.81, 4.356","KB928M: B1=0.97,B2=2.21,G1=1.4,G2=4.59; KB937M: B1=2.72,B2=1.98,G1=0,G2=0","","NAFDAC Market Survey Sample 2012"
"KT731M",2012,"SS","Katsina",11.7929,7.6168,0,0,0,0,112.82,37.6066666666667,0,3,"KT751M: 11.793, 7.617; KT758M: 11.793, 7.617","KT751M: B1=0,B2=0,G1=0,G2=0; KT758M: B1=25.41,B2=3.44,G1=32.31,G2=51.66","","NAFDAC Market Survey Sample 2012"
"BR1208M",2012,"SS","Borno",11.8311,13.151,0,0,0,0,11.38,3.79333333333333,0,3,"BR1217M: 11.831, 13.151; BR1219M: 11.831, 13.151","BR1217M: B1=1.76,B2=0,G1=8.74,G2=0.88; BR1219M: B1=0,B2=0,G1=0,G2=0","","NAFDAC Market Survey Sample 2012"
"BR1201M",2012,"SS","Katsina",11.83333333,7.219166667,0,0,0,0,0,0,0,1,NA,NA,"","NAFDAC Market Survey Sample 2012"
"BA1121M",2012,"SS","Bauchi",11.9343,10.1255,0,0,0,0,0,0,0,3,"BA1135M: 11.934, 10.126; BA1145M: 11.934, 10.126","BA1135M: B1=0,B2=0,G1=0,G2=0; BA1145M: B1=0,B2=0,G1=0,G2=0","","NAFDAC Market Survey Sample 2012"
"KB912M",2012,"SS","Kebbi",11.9253,4.1834,7.52,4.89,4.06,2.58,24.3,17.14,19.05,3,"KB931M: 11.925, 4.183; KB932M: 11.925, 4.183","KB931M: B1=6.17,B2=1.9,G1=0,G2=0; KB932M: B1=2.41,B2=4.16,G1=14.99,G2=2.74","","NAFDAC Market Survey Sample 2012"
"KN02",2012,"SS","Kano",11.9171,7.9348,0,2.42,0,3.08,26.78,9.64392857142857,9.025,28,"KN03: 11.917, 7.935; KN05: 11.917, 7.935; KN07: 11.917, 7.935; KN10: 11.917, 7.935; KN11: 11.917, 7.935; KN13: 11.917, 7.935; KN15: 11.917, 7.935; KN17: 11.917, 7.935; KN20: 11.917, 7.935; KN21: 11.917, 7.935; KN25: 11.917, 7.935; KN70: 11.917, 7.935; KN71: 11.917, 7.935; KN72: 11.917, 7.935; KN73: 11.917, 7.935; KN74: 11.917, 7.935; KN75: 11.917, 7.935; KN76: 11.917, 7.935; KN77: 11.917, 7.935; KN78: 11.917, 7.935; KN79: 11.917, 7.935; KN80: 11.917, 7.935; KN81: 11.917, 7.935; KN82: 11.917, 7.935; KN83: 11.917, 7.935; KN85: 11.917, 7.935; KN86: 11.917, 7.935","KN03: B1=2.21,B2=12.46,G1=4.5,G2=0.69; KN05: B1=5.16,B2=2.71,G1=0,G2=0; KN07: B1=0.99,B2=7.79,G1=3.5,G2=1.08; KN10: B1=0,B2=1.2,G1=0,G2=0; KN11: B1=4.11,B2=3.21,G1=2.55,G2=1.16; KN13: B1=7.34,B2=8.52,G1=3.26,G2=0; KN15: B1=1.87,B2=5.19,G1=2.56,G2=0; KN17: B1=0,B2=0,G1=0,G2=0; KN20: B1=10.57,B2=2.41,G1=9.16,G2=4.64; KN21: B1=0,B2=0,G1=0,G2=0; KN25: B1=1.18,B2=1.3,G1=0,G2=0; KN70: B1=2.7,B2=2.87,G1=0,G2=1.68; KN71: B1=0,B2=2.28,G1=0,G2=0; KN72: B1=4.4,B2=7.59,G1=0,G2=0; KN73: B1=1.82,B2=0,G1=0,G2=0; KN74: B1=1.34,B2=1.64,G1=9.71,G2=0.37; KN75: B1=3.72,B2=0,G1=0,G2=0; KN76: B1=0,B2=0,G1=0,G2=0; KN77: B1=6.84,B2=4.03,G1=0,G2=1.68; KN78: B1=0,B2=3.38,G1=1.18,G2=0.91; KN79: B1=9.25,B2=1.92,G1=2.61,G2=1.12; KN80: B1=3.3,B2=4.77,G1=0,G2=0; KN81: B1=0.7,B2=4.26,G1=2.34,G2=1.13; KN82: B1=2.94,B2=5.5,G1=3.37,G2=1.26; KN83: B1=1.8,B2=2.84,G1=11.2,G2=0; KN85: B1=1.89,B2=4.88,G1=10.64,G2=0; KN86: B1=8.69,B2=2.22,G1=5.59,G2=0.85","","Large Scale Testing 2012"
"KN489",2012,"SS","Kano",11.9673,8.2472,1.31,1.92,0,0,3.23,3.23,3.23,1,NA,NA,"","Large Scale Testing 2012"
"KN1047M",2012,"SS","Kano",11.96,8.5007,3.7,1.58,8.41,6.64,20.33,13.93,15.93,3,"KN1048M: 11.96, 8.501; KN1049M: 11.96, 8.501","KN1048M: B1=12.06,B2=3.87,G1=0,G2=0; KN1049M: B1=1.96,B2=2.19,G1=1.38,G2=0","","NAFDAC Market Survey Sample 2012"
"KN1059M",2012,"SS","Kano",11.9768,8.5542,0,0,0,0,23,9.96666666666667,6.9,3,"KN1060M: 11.977, 8.554; KN1061M: 11.977, 8.554","KN1060M: B1=6.84,B2=0,G1=15.11,G2=1.05; KN1061M: B1=3.15,B2=2.64,G1=1.11,G2=0","","NAFDAC Market Survey Sample 2012"
"BR1229M",2012,"SS","Borno",12.042,13.9173,0,0,0,0,0,0,0,3,"BR1231M: 12.042, 13.917; BR1235M: 12.042, 13.917","BR1231M: B1=0,B2=0,G1=0,G2=0; BR1235M: B1=0,B2=0,G1=0,G2=0","","NAFDAC Market Survey Sample 2012"
"KN1053M",2012,"SS","Kano",12.0315,8.5213,0,0,0,0,9.05,2.32333333333333,0,6,"KN1054M: 12.031, 8.521; KN1055M: 12.031, 8.521; KN1056M: 11.997, 8.583; KN1057M: 11.997, 8.583; KN1058M: 11.997, 8.583","KN1054M: B1=0,B2=0,G1=0,G2=0; KN1055M: B1=0,B2=0,G1=0,G2=0; KN1056M: B1=7.42,B2=1.63,G1=0,G2=0; KN1057M: B1=3.09,B2=1.8,G1=0,G2=0; KN1058M: B1=0,B2=0,G1=0,G2=0","","NAFDAC Market Survey Sample 2012"
"BA1109M",2012,"SS","Bauchi",12.1359,10.538,0,0,0,0,4.93,1.64333333333333,0,3,"BA1113M: 12.136, 10.538; BA1138M: 12.136, 10.538","BA1113M: B1=0,B2=0,G1=0,G2=0; BA1138M: B1=1.11,B2=3.82,G1=0,G2=0","","NAFDAC Market Survey Sample 2012"
"KN1050M",2012,"SS","Kano",12.115,8.3256,3.39,1.46,7.6,10.03,22.48,7.49333333333333,0,3,"KN1051M: 12.115, 8.326; KN1052M: 12.115, 8.326","KN1051M: B1=0,B2=0,G1=0,G2=0; KN1052M: B1=0,B2=0,G1=0,G2=0","","NAFDAC Market Survey Sample 2012"
"KB898M",2012,"SS","Kebbi",12.2258,4.3822,0,0,0,0,28.05,17.3566666666667,24.02,3,"KB904M: 12.226, 4.382; KB907M: 12.226, 4.382","KB904M: B1=11.13,B2=16.92,G1=0,G2=0; KB907M: B1=8.56,B2=4,G1=3.37,G2=8.09","","NAFDAC Market Survey Sample 2012"
"BA1123M",2012,"SS","Bauchi",12.2857,10.3484,2.26,5.3,1.48,0.94,13.33,7.77,9.98,3,"BA1124M: 12.286, 10.348; BA1130M: 12.286, 10.348","BA1124M: B1=0,B2=0,G1=0,G2=0; BA1130M: B1=7.96,B2=5.37,G1=0,G2=0","","NAFDAC Market Survey Sample 2012"
"BR1205M",2012,"SH","Borno",12.3641,13.8277,2.46,4.32,69.98,6.71,83.47,34.0866666666667,13.4,3,"BR1221M: 12.364, 13.828; BR1223M: 12.364, 13.828","BR1221M: B1=4.79,B2=2.11,G1=2.46,G2=4.04; BR1223M: B1=3.37,B2=2.02,G1=0,G2=0","","NAFDAC Market Survey Sample 2012"
"BR1200M",2012,"SH","Borno",12.3421,14.1858,7.41,0,0,0,7.41,4.2,5.19,3,"BR1218M: 12.342, 14.186; BR1228M: 12.342, 14.186","BR1218M: B1=2.21,B2=2.98,G1=0,G2=0; BR1228M: B1=0,B2=0,G1=0,G2=0","","NAFDAC Market Survey Sample 2012"
"KB910M",2012,"SS","Kebbi",12.3562,4.4388,7.12,8.48,4.46,2.07,22.13,16.74,21.52,3,"KB920M: 12.356, 4.439; KB922M: 12.356, 4.439","KB920M: B1=4.55,B2=2.02,G1=0,G2=0; KB922M: B1=6.94,B2=9.13,G1=4.17,G2=1.28","","NAFDAC Market Survey Sample 2012"
"KB900M",2012,"SS","Kebbi",12.4318,4.1956,41.89,8.13,32.23,1.9,84.15,41.0866666666667,19.64,3,"KB902M: 12.432, 4.196; KB903M: 12.432, 4.196","KB902M: B1=4.83,B2=3.29,G1=4.49,G2=7.03; KB903M: B1=9.61,B2=5.31,G1=3.8,G2=0.75","","NAFDAC Market Survey Sample 2012"
"KN653",2012,"SS","Kano",12.4382,8.6161,1.97,3.62,1.11,1.66,24.21,12.835,11.105,4,"KN654: 12.438, 8.616; KN655: 12.438, 8.616; KN656: 12.438, 8.616","KN654: B1=2.84,B2=2.08,G1=0,G2=0; KN655: B1=19.24,B2=1.52,G1=3.45,G2=0; KN656: B1=9.52,B2=1.34,G1=1.72,G2=1.27","","Large Scale Testing 2012"
"BR1204M",2012,"SH","Borno",12.4955,12.7796,0,0,0,0,55.45,24.5833333333333,18.3,3,"BR1214M: 12.496, 12.78; BR1222M: 12.496, 12.78","BR1214M: B1=10.55,B2=10.89,G1=29.79,G2=4.22; BR1222M: B1=8.11,B2=2.82,G1=7.37,G2=0","","NAFDAC Market Survey Sample 2012"
"KB916M",2012,"SS","Kebbi",12.4986,4.6425,1.43,6.41,0,0,32.21,17.5433333333333,12.58,3,"KB930M: 12.499, 4.642; KB933M: 12.499, 4.642","KB930M: B1=7.35,B2=1.61,G1=2.96,G2=0.66; KB933M: B1=3.17,B2=6.16,G1=22.16,G2=0.72","","NAFDAC Market Survey Sample 2012"
"BR1203M",2012,"SH","Borno",12.6729,13.616,0,0,0,0,12.15,5.04666666666667,2.99,3,"BR1226M: 12.673, 13.616; BR1239M: 12.673, 13.616","BR1226M: B1=6.96,B2=1.26,G1=3.93,G2=0; BR1239M: B1=2.99,B2=0,G1=0,G2=0","","NAFDAC Market Survey Sample 2012"
"KB908M",2012,"SS","Kebbi",12.6857,4.0815,10.95,16.63,0,0,66.29,37.9566666666667,27.58,3,"KB909M: 12.686, 4.082; KB927M: 12.686, 4.082","KB909M: B1=37.15,B2=14.69,G1=11.17,G2=3.28; KB927M: B1=7.32,B2=3.22,G1=7.22,G2=2.24","","NAFDAC Market Survey Sample 2012"
"KT721M",2012,"SS","Katsina",12.7578,7.2491,0,0,0,0,38.66,20.4533333333333,22.7,3,"KT733M: 12.758, 7.249; KT749M: 12.758, 7.249","KT733M: B1=13.84,B2=8.86,G1=0,G2=0; KT749M: B1=34.41,B2=4.25,G1=0,G2=0","","NAFDAC Market Survey Sample 2012"
"KT738M",2012,"SS","Katsina",12.8505,7.7064,13.42,3.16,0,0,169.07,78.74,50.57,3,"KT740M: 12.85, 7.706; KT745M: 12.85, 7.706","KT740M: B1=12.33,B2=1.35,G1=36.89,G2=0; KT745M: B1=104.71,B2=8.63,G1=55.73,G2=0","","NAFDAC Market Survey Sample 2012"
"KT729M",2012,"SS","Katsina",12.8375,8.7457,3.2,6.88,0,0,27.54,12.54,10.08,3,"KT736M: 12.838, 8.746; KT759M: 12.838, 8.746","KT736M: B1=0,B2=0,G1=0,G2=0; KT759M: B1=6.11,B2=5.73,G1=15.7,G2=0","","NAFDAC Market Survey Sample 2012"
"BR1213M",2012,"SH","Borno",12.923,13.5639,41.62,0,2.8,0.86,45.28,29.6933333333333,43.8,3,"BR1215M: 12.923, 13.564; BR1233M: 12.923, 13.564","BR1215M: B1=1.57,B2=18.56,G1=22.99,G2=0.68; BR1233M: B1=0,B2=0,G1=0,G2=0","","NAFDAC Market Survey Sample 2012"
"KB905M",2012,"SS","Kebbi",12.8932,4.5999,8.22,2.88,2.45,0,25.18,18.2833333333333,16.12,3,"KB935M: 12.893, 4.6; KB938M: 12.893, 4.6","KB935M: B1=11.26,B2=9.21,G1=2.89,G2=1.82; KB938M: B1=3.66,B2=8.86,G1=1.98,G2=1.62","","NAFDAC Market Survey Sample 2012"
"KT744M",2012,"SS","Katsina",12.9049,7.6033,9,4.4,0,0,48.01,26.0566666666667,16.76,3,"KT746M: 12.905, 7.603; KT750M: 12.905, 7.603","KT746M: B1=16.76,B2=0,G1=0,G2=0; KT750M: B1=5.77,B2=0,G1=13.58,G2=28.66","","NAFDAC Market Survey Sample 2012"
"KT722M",2012,"SS","Katsina",12.9816,7.6223,7.11,3.52,14.53,9.23,214.42,82.9366666666667,34.39,3,"KT734M: 12.982, 7.622; KT747M: 12.982, 7.622","KT734M: B1=184.3,B2=1.8,G1=16.87,G2=11.45; KT747M: B1=0,B2=0,G1=0,G2=0","","NAFDAC Market Survey Sample 2012"
"KT725M",2012,"SS","Katsina",13.0315,8.3225,23.97,5.66,19.1,16.1,64.83,28.2,19.77,3,"KT737M: 13.031, 8.322; KT748M: 13.031, 8.322","KT737M: B1=8.27,B2=1.69,G1=9.81,G2=0; KT748M: B1=0,B2=0,G1=0,G2=0","","NAFDAC Market Survey Sample 2012"
"KT718M",2012,"SS","Katsina",12.9617,8.3609,0,0,0,0,15.19,3.7975,0,4,"KT719M: 12.962, 8.361; KT727M: 12.962, 8.361; KT728M: 12.962, 8.361","KT719M: B1=10.51,B2=4.68,G1=0,G2=0; KT727M: B1=0,B2=0,G1=0,G2=0; KT728M: B1=0,B2=0,G1=0,G2=0","","NAFDAC Market Survey Sample 2012"
"KT723M",2012,"SS","Katsina",13.1027,7.2147,0,0,0,0,19.91,11.0666666666667,13.29,3,"KT730M: 13.103, 7.215; KT752M: 13.103, 7.215","KT730M: B1=6.81,B2=6.48,G1=0,G2=0; KT752M: B1=9.62,B2=10.29,G1=0,G2=0","","NAFDAC Market Survey Sample 2012"
"KT720M",2012,"SS","Katsina",13.0959,8.0029,25.67,10.56,0,0,36.23,20.1266666666667,15.66,3,"KT726M: 13.096, 8.003; KT735M: 13.096, 8.003","KT726M: B1=6.67,B2=8.99,G1=0,G2=0; KT735M: B1=3.5,B2=4.99,G1=0,G2=0","","NAFDAC Market Survey Sample 2012"
"BR1206M",2012,"SH","Borno",13.133,12.7135,2.87,7.32,26.2,1.35,37.74,14.2366666666667,4.97,3,"BR1220M: 13.133, 12.714; BR1225M: 13.133, 12.714","BR1220M: B1=0,B2=0,G1=0,G2=0; BR1225M: B1=1.54,B2=3.43,G1=0,G2=0","","NAFDAC Market Survey Sample 2012"
"KT724M",2012,"SH","Katsina",13.1468,8.2261,0,0,0,0,16.52,8.42,8.74,3,"KT742M: 13.147, 8.226; KT755M: 13.147, 8.226","KT742M: B1=5.21,B2=0,G1=11.31,G2=0; KT755M: B1=2.33,B2=0,G1=6.41,G2=0","","NAFDAC Market Survey Sample 2012"
"RV12M",2012,"HF","Bayelsa",4.6138,6.6638,8.79,0,0.71,1.33,10.83,8.47333333333333,10.57,3,"RV38M: 4.614, 6.664; RV41M: 4.614, 6.664","RV38M: B1=2.32,B2=1.7,G1=0,G2=0; RV41M: B1=2.48,B2=3.53,G1=2.98,G2=1.58","","NAFDAC Market Survey Sample 2012"
"RV04M",2012,"HF","Rivers",4.6692,7.2869,2.08,0.46,0,0,2.54,0.846666666666667,0,3,"RV32M: 4.669, 7.287; RVO3M: 4.669, 7.287","RV32M: B1=0,B2=0,G1=0,G2=0; RVO3M: B1=0,B2=0,G1=0,G2=0","","NAFDAC Market Survey Sample 2012"
"RV17M",2012,"HF","Rivers",4.6476,7.3949,6.68,2.05,3.15,0.35,12.23,7.86,9.79,3,"RV18M: 4.648, 7.395; RV25M: 4.648, 7.395","RV18M: B1=5.37,B2=0,G1=0.8,G2=3.62; RV25M: B1=1.56,B2=0,G1=0,G2=0","","NAFDAC Market Survey Sample 2012"
"RV35M",2012,"HF","Rivers",4.7554,6.7668,1.46,3.2,0,0,4.66,3.01666666666667,4.39,3,"RV37M: 4.755, 6.767; RV43M: 4.755, 6.767","RV37M: B1=0,B2=0,G1=0,G2=0; RV43M: B1=4.39,B2=0,G1=0,G2=0","","NAFDAC Market Survey Sample 2012"
"RV02M",2012,"HF","Rivers",4.7456,6.8458,1.73,2.11,8.72,0,22.08,14.0166666666667,12.56,3,"RV21M: 4.746, 6.846; RV44M: 4.746, 6.846","RV21M: B1=7.24,B2=0,G1=1.44,G2=13.4; RV44M: B1=4.12,B2=3.29,G1=0,G2=0","","NAFDAC Market Survey Sample 2012"
"RV22M",2012,"HF","Rivers",4.7518,7.2437,8.63,0,2.73,0.5,33.54,15.7166666666667,11.86,3,"RV30M: 4.752, 7.244; RV33M: 4.752, 7.244","RV30M: B1=1.75,B2=0,G1=0,G2=0; RV33M: B1=11.17,B2=17.28,G1=3.22,G2=1.87","","NAFDAC Market Survey Sample 2012"
"RV05M",2012,"HF","Rivers",4.8472,6.9746,0,0,0,0,8.18,3.27666666666667,1.65,3,"RV09M: 4.847, 6.975; RV20M: 4.847, 6.975","RV09M: B1=1.65,B2=0,G1=0,G2=0; RV20M: B1=4.9,B2=1.4,G1=0.69,G2=1.19","","NAFDAC Market Survey Sample 2012"
"RV29M",2012,"HF","Rivers",4.7939,7.1575,5.86,0.89,1.14,2.86,10.75,3.58333333333333,0,3,"RV36M: 4.794, 7.157; RV39M: 4.794, 7.157","RV36M: B1=0,B2=0,G1=0,G2=0; RV39M: B1=0,B2=0,G1=0,G2=0","","NAFDAC Market Survey Sample 2012"
"RV27M",2012,"HF","Rivers",4.8851,6.8612,3.76,0,0,0,10.18,4.64666666666667,3.76,3,"RV28M: 4.885, 6.861; RV40M: 4.885, 6.861","RV28M: B1=3.24,B2=6.94,G1=0,G2=0; RV40M: B1=0,B2=0,G1=0,G2=0","","NAFDAC Market Survey Sample 2012"
"RV16M",2012,"HF","Rivers",4.8776,7.0283,2.83,0,0,0,12.69,7.78333333333333,7.83,3,"RV34M: 4.878, 7.028; RV45M: 4.878, 7.028","RV34M: B1=5.76,B2=1.51,G1=4.21,G2=1.21; RV45M: B1=3.52,B2=2.9,G1=1.41,G2=0","","NAFDAC Market Survey Sample 2012"
"RV06M",2012,"HF","Rivers",4.8812,7.1326,0,0,0,0,3.58,2.22666666666667,3.1,3,"RV07M: 4.881, 7.133; RV19M: 4.881, 7.133","RV07M: B1=3.1,B2=0,G1=0,G2=0; RV19M: B1=3.58,B2=0,G1=0,G2=0","","NAFDAC Market Survey Sample 2012"
"RV10M",2012,"HF","Rivers",5.0468,6.6424,2.83,0,0,0,5.07,3.28,2.83,3,"RV11M: 5.047, 6.642; RV26M: 5.047, 6.642","RV11M: B1=1.94,B2=0,G1=0,G2=0; RV26M: B1=5.07,B2=0,G1=0,G2=0","","NAFDAC Market Survey Sample 2012"
"RV08M",2012,"HF","Rivers",5.0632,7.0498,3.47,0,10.15,0.58,15.44,10.5266666666667,14.2,3,"RV14M: 5.063, 7.05; RV42M: 5.063, 7.05","RV14M: B1=1.94,B2=0,G1=0,G2=0; RV42M: B1=3.03,B2=2.95,G1=8.27,G2=1.19","","NAFDAC Market Survey Sample 2012"
"RV15M",2012,"HF","Rivers",5.1478,6.878,1.14,3.24,0,0,15.58,7.94,4.38,3,"RV23M: 5.148, 6.878; RV24M: 5.148, 6.878","RV23M: B1=3.54,B2=0,G1=7.66,G2=4.38; RV24M: B1=3.86,B2=0,G1=0,G2=0","","NAFDAC Market Survey Sample 2012"
"DT1563M",2012,"HF","Delta",5.4043,6.1951,0,0,0,0,2.75,0.916666666666667,0,3,"DT1588M: 5.404, 6.195; DT1598M: 5.404, 6.195","DT1588M: B1=0.9,B2=1.85,G1=0,G2=0; DT1598M: B1=0,B2=0,G1=0,G2=0","","NAFDAC Market Survey Sample 2012"
"RV01M",2012,"HF","Rivers",5.3998,6.6211,2.39,1.78,0,0,5.64,3.27,4.17,3,"RV13M: 5.4, 6.621; RV31M: 5.4, 6.621","RV13M: B1=5.64,B2=0,G1=0,G2=0; RV31M: B1=0,B2=0,G1=0,G2=0","","NAFDAC Market Survey Sample 2012"
"IM362M",2012,"HF","Imo",5.4166,6.9853,9.06,0,4.38,1.41,14.85,13.26,14.53,3,"IM372M: 5.417, 6.985; IM378M: 5.417, 6.985","IM372M: B1=10.4,B2=0,G1=0,G2=0; IM378M: B1=2.67,B2=9.75,G1=2.11,G2=0","","NAFDAC Market Survey Sample 2012"
"DT1570M",2012,"HF","Delta",5.4704,5.8354,6.98,0,0,0,8.29,5.66666666666667,6.98,3,"DT1571M: 5.47, 5.835; DT1581M: 5.47, 5.835","DT1571M: B1=1.73,B2=0,G1=0,G2=0; DT1581M: B1=6.01,B2=0,G1=1.56,G2=0.72","","NAFDAC Market Survey Sample 2012"
"IM373M",2012,"HF","Imo",5.4682,7.0176,0,0,0,0,20.22,8.91333333333333,6.52,3,"IM383M: 5.468, 7.018; IM393M: 5.468, 7.018","IM383M: B1=4.13,B2=0,G1=2.39,G2=0; IM393M: B1=8.21,B2=7.44,G1=4.57,G2=0","","NAFDAC Market Survey Sample 2012"
"IM389M",2012,"HF","Imo",5.4567,7.1144,2.03,12.88,7.27,0.62,22.8,15.58,13.78,3,"IM394M: 5.457, 7.114; IM397M: 5.457, 7.114","IM394M: B1=9.93,B2=3.85,G1=0,G2=0; IM397M: B1=8.51,B2=1.65,G1=0,G2=0","","NAFDAC Market Survey Sample 2012"
"DT1565M",2012,"HF","Delta",5.5787,5.4359,0,0,0,0,13.84,7.1,7.46,3,"DT1572M: 5.579, 5.436; DT1593M: 5.579, 5.436","DT1572M: B1=8.69,B2=3.12,G1=1.5,G2=0.53; DT1593M: B1=2.24,B2=2.17,G1=2.31,G2=0.74","","NAFDAC Market Survey Sample 2012"
"DT1558M",2012,"HF","Delta",5.565,5.7827,16.01,0.78,0,0,18.64,14.0166666666667,16.79,3,"DT1562M: 5.565, 5.783; DT1584M: 5.565, 5.783","DT1562M: B1=15.77,B2=2.87,G1=0,G2=0; DT1584M: B1=6.62,B2=0,G1=0,G2=0","","NAFDAC Market Survey Sample 2012"
"IM401M",2012,"HF","Imo",5.5828,7.0283,1.57,2.15,1.81,0.95,9.23,7.04333333333333,6.48,3,"IM402M: 5.583, 7.028; IM405M: 5.583, 7.028","IM402M: B1=3.68,B2=0,G1=1.09,G2=4.46; IM405M: B1=5.42,B2=0,G1=0,G2=0","","NAFDAC Market Survey Sample 2012"
"IM366M",2012,"HF","Imo",5.5812,7.1575,9.35,6.64,6.33,8.93,31.25,13.3433333333333,8.78,3,"IM367M: 5.581, 7.157; IM374M: 5.581, 7.157","IM367M: B1=4.01,B2=4.77,G1=0,G2=0; IM374M: B1=0,B2=0,G1=0,G2=0","","NAFDAC Market Survey Sample 2012"
"DT1569M",2012,"HF","Delta",5.6609,5.6037,1.83,1.12,1.89,0,23.24,12.0133333333333,7.96,3,"DT1590M: 5.661, 5.604; DT1600M: 5.661, 5.604","DT1590M: B1=7.96,B2=0,G1=0,G2=0; DT1600M: B1=20.55,B2=2.69,G1=0,G2=0","","NAFDAC Market Survey Sample 2012"
"DT1559M",2012,"HF","Delta",5.6558,6.1103,0,0,0,0,0,0,0,3,"DT1582M: 5.656, 6.11; DT1601M: 5.656, 6.11","DT1582M: B1=0,B2=0,G1=0,G2=0; DT1601M: B1=0,B2=0,G1=0,G2=0","","NAFDAC Market Survey Sample 2012"
"DT1568M",2012,"HF","Delta",5.5919,6.2164,1.1,0.65,0,0,1.75,1.75,1.75,1,NA,NA,"","NAFDAC Market Survey Sample 2012"
"IM368M",2012,"HF","Imo",5.6673,6.9424,36.6,30.9,0,0,67.5,31.4866666666667,21.47,3,"IM369M: 5.667, 6.942; IM382M: 5.667, 6.942","IM369M: B1=13.11,B2=4.49,G1=3.87,G2=0; IM382M: B1=5.49,B2=0,G1=0,G2=0","","NAFDAC Market Survey Sample 2012"
"IM384M",2012,"HF","Imo",5.6655,7.3058,7.77,0,0,0,16.53,11.325,10.99,6,"IM385M: 5.665, 7.306; IM386M: 5.665, 7.306; IM395M: 5.615, 7.346; IM398M: 5.615, 7.346; IM403M: 5.615, 7.346","IM385M: B1=7.27,B2=0,G1=8.17,G2=1.09; IM386M: B1=2.87,B2=2.36,G1=0,G2=0; IM395M: B1=4.07,B2=3.17,G1=2.71,G2=2.03; IM398M: B1=0.69,B2=2.83,G1=5.62,G2=0.86; IM403M: B1=6.31,B2=5.64,G1=3.18,G2=1.31","","NAFDAC Market Survey Sample 2012"
"DT1575M",2012,"HF","Delta",5.7368,6.3652,1.07,0,0,0,8.6,3.22333333333333,1.07,3,"DT1589M: 5.737, 6.365; DT1599M: 5.737, 6.365","DT1589M: B1=1.66,B2=0,G1=6.94,G2=0; DT1599M: B1=0,B2=0,G1=0,G2=0","","NAFDAC Market Survey Sample 2012"
"IM361M",2012,"HF","Imo",5.7213,6.8281,2.91,0,0,0,50.98,27.6133333333333,28.95,3,"IM363M: 5.721, 6.828; IM365M: 5.721, 6.828","IM363M: B1=33.07,B2=13.51,G1=4.4,G2=0; IM365M: B1=7.11,B2=0,G1=21.84,G2=0","","NAFDAC Market Survey Sample 2012"
"IM364M",2012,"HF","Imo",5.7409,6.9102,2.71,0,7.88,0,32.13,18.8866666666667,13.94,3,"IM380M: 5.741, 6.91; IM387M: 5.741, 6.91","IM380M: B1=8.17,B2=3.91,G1=1.86,G2=0; IM387M: B1=12.49,B2=17.83,G1=0.53,G2=1.28","","NAFDAC Market Survey Sample 2012"
"IM399M",2012,"HF","Imo",5.6981,6.9961,2.37,1.46,6.32,1.77,11.92,9.90333333333333,11.44,3,"IM400M: 5.698, 6.996; IM404M: 5.698, 6.996","IM400M: B1=2.51,B2=0,G1=3.05,G2=5.88; IM404M: B1=6.35,B2=0,G1=0,G2=0","","NAFDAC Market Survey Sample 2012"
"IM370M",2012,"HF","Imo",5.7084,7.1783,2.94,29.63,16.81,11.2,60.58,25.8966666666667,14.82,3,"IM371M: 5.708, 7.178; IM375M: 5.708, 7.178","IM371M: B1=8.89,B2=0,G1=3.13,G2=2.8; IM375M: B1=2.29,B2=0,G1=0,G2=0","","NAFDAC Market Survey Sample 2012"
"IM390M",2012,"HF","Imo",5.7788,7.2329,6.74,1.62,0.95,2.22,22.27,15.2033333333333,11.81,3,"IM391M: 5.779, 7.233; IM396M: 5.779, 7.233","IM391M: B1=4.93,B2=0,G1=2.37,G2=14.97; IM396M: B1=2.84,B2=5.52,G1=3.01,G2=0.44","","NAFDAC Market Survey Sample 2012"
"IM379M",2012,"HF","Abia",5.831,7.3942,2.54,15.31,0,0,17.85,11.41,15.35,3,"IM388M: 5.831, 7.394; IM392M: 5.831, 7.394","IM388M: B1=1.03,B2=0,G1=0,G2=0; IM392M: B1=4.08,B2=7,G1=3.12,G2=1.15","","NAFDAC Market Survey Sample 2012"
"DT1564M",2012,"HF","Delta",5.8751,5.6931,0,0,0,0,6.93,2.31,0,3,"DT1567M: 5.875, 5.693; DT1577M: 5.875, 5.693","DT1567M: B1=0,B2=0,G1=0,G2=0; DT1577M: B1=0.86,B2=0,G1=4.17,G2=1.9","","NAFDAC Market Survey Sample 2012"
"AN1290M",2012,"HF","Anambra",5.8516,6.8512,0,0,0,0,0,0,0,3,"AN1305M: 5.852, 6.851; AN1313M: 5.852, 6.851","AN1305M: B1=0,B2=0,G1=0,G2=0; AN1313M: B1=0,B2=0,G1=0,G2=0","","NAFDAC Market Survey Sample 2012"
"IM376M",2012,"HF","Imo",5.8358,7.0196,3.26,3.21,3.32,0,26.77,12.1866666666667,9.79,3,"IM377M: 5.836, 7.02; IM381M: 5.836, 7.02","IM377M: B1=17.09,B2=9.68,G1=0,G2=0; IM381M: B1=0,B2=0,G1=0,G2=0","","NAFDAC Market Survey Sample 2012"
"DT1560M",2012,"HF","Delta",5.9593,5.1432,0,0,0,0,7.29,2.43,0,3,"DT1573M: 5.959, 5.143; DT1574M: 5.959, 5.143","DT1573M: B1=5.53,B2=1.76,G1=0,G2=0; DT1574M: B1=0,B2=0,G1=0,G2=0","","NAFDAC Market Survey Sample 2012"
"DT1566M",2012,"HF","Delta",5.9323,5.751,0,0,0,0,13.41,4.90666666666667,1.31,3,"DT1596M: 5.932, 5.751; DT1597M: 5.932, 5.751","DT1596M: B1=11.93,B2=1.48,G1=0,G2=0; DT1597M: B1=1.31,B2=0,G1=0,G2=0","","NAFDAC Market Survey Sample 2012"
"AN1294M",2012,"HF","Anambra",5.9213,6.728,0,0,0,0,0,0,0,1,NA,NA,"","NAFDAC Market Survey Sample 2012"
"AN1354M",2012,"HF","Anambra",5.9566,6.8512,20.68,1.39,5.21,1.01,28.29,17.6633333333333,17.17,3,"AN1356M: 5.957, 6.851; AN1361M: 5.957, 6.851","AN1356M: B1=3.97,B2=4.6,G1=4.52,G2=4.08; AN1361M: B1=2.32,B2=3.43,G1=1.78,G2=0","","NAFDAC Market Survey Sample 2012"
"DT1557M",2012,"HF","Delta",6.0698,6.6211,47.53,1.41,0,0,48.94,19.5366666666667,5.88,3,"DT1576M: 6.07, 6.621; DT1591M: 6.07, 6.621","DT1576M: B1=4.75,B2=1.13,G1=0,G2=0; DT1591M: B1=1.24,B2=0,G1=1.78,G2=0.77","","NAFDAC Market Survey Sample 2012"
"AN1293M",2012,"HF","Anambra",6.0137,6.9102,5.83,1.11,0,0,6.94,6.94,6.94,1,NA,NA,"","NAFDAC Market Survey Sample 2012"
"AN1307M",2012,"HF","Anambra",6.0086,7.1009,0,0,0,0,3.02,1.00666666666667,0,3,"AN1310M: 6.009, 7.101; AN1311M: 6.009, 7.101","AN1310M: B1=1.87,B2=1.15,G1=0,G2=0; AN1311M: B1=0,B2=0,G1=0,G2=0","","NAFDAC Market Survey Sample 2012"
"EN1382M",2012,"HF","Enugu",6.0362,7.5897,0,0,0,0,4.26,1.42,0,3,"EN1397M: 6.036, 7.59; EN1401M: 6.036, 7.59","EN1397M: B1=2.48,B2=1.78,G1=0,G2=0; EN1401M: B1=0,B2=0,G1=0,G2=0","","NAFDAC Market Survey Sample 2012"
"ED1495M",2012,"HF","Edo",6.1194,5.9833,0,0,0,0,6.64,2.21333333333333,0,3,"ED1509M: 6.119, 5.983; ED1511M: 6.119, 5.983","ED1509M: B1=3.86,B2=2.78,G1=0,G2=0; ED1511M: B1=0,B2=0,G1=0,G2=0","","NAFDAC Market Survey Sample 2012"
"AN1350M",2012,"HF","Anambra",6.1364,6.7762,0,0,0,0,21.09,7.03,0,3,"AN1353M: 6.136, 6.776; AN1359M: 6.136, 6.776","AN1353M: B1=16.59,B2=4.5,G1=0,G2=0; AN1359M: B1=0,B2=0,G1=0,G2=0","","NAFDAC Market Survey Sample 2012"
"AN1299M",2012,"HF","Anambra",6.1237,6.9478,12.95,0,18.87,1.19,33.01,15.9875,15.47,4,"AN1308M: 6.124, 6.948; AN1312M: 6.124, 6.948; AN1314M: 6.124, 6.948","AN1308M: B1=3.7,B2=2.2,G1=0,G2=0; AN1312M: B1=1.52,B2=0,G1=20.78,G2=2.74; AN1314M: B1=0,B2=0,G1=0,G2=0","","NAFDAC Market Survey Sample 2012"
"AN1300M",2012,"HF","Anambra",6.0964,7.0176,0,0,0,0,17.98,5.99333333333333,0,3,"AN1304M: 6.096, 7.018; AN1316M: 6.096, 7.018","AN1304M: B1=0,B2=0,G1=0,G2=0; AN1316M: B1=9.02,B2=7.14,G1=1.82,G2=0","","NAFDAC Market Survey Sample 2012"
"EN1384M",2012,"HF","Enugu",6.0779,7.4699,11.21,1.17,0,0,12.38,4.12666666666667,0,3,"EN1407M: 6.078, 7.47; EN1414M: 6.078, 7.47","EN1407M: B1=0,B2=0,G1=0,G2=0; EN1414M: B1=0,B2=0,G1=0,G2=0","","NAFDAC Market Survey Sample 2012"
"ED1474M",2012,"HF","Edo",6.2298,5.5407,0,0,0,0,8.5,4.69666666666667,5.59,3,"ED1482M: 6.23, 5.541; ED1496M: 6.23, 5.541","ED1482M: B1=1.23,B2=1.17,G1=2.68,G2=0.51; ED1496M: B1=3.35,B2=1.64,G1=2.71,G2=0.8","","NAFDAC Market Survey Sample 2012"
"ED1479M",2012,"HF","Edo",6.1649,5.6879,3.43,0,2.23,0,28.8,12.16,5.66,3,"ED1501M: 6.165, 5.688; ED1507M: 6.165, 5.688","ED1501M: B1=10.5,B2=10.37,G1=7.93,G2=0; ED1507M: B1=0.75,B2=1.27,G1=0,G2=0","","NAFDAC Market Survey Sample 2012"
"DT1578M",2012,"HF","Delta",6.2213,6.3013,1.32,0,0,0,12.5,6.82,7.95,5,"DT1583M: 6.221, 6.301; DT1585M: 6.221, 6.301; DT1592M: 6.221, 6.301; DT1594M: 6.221, 6.301","DT1583M: B1=1.26,B2=2.08,G1=0,G2=0; DT1585M: B1=5.26,B2=1.92,G1=0.9,G2=0.91; DT1592M: B1=0.68,B2=4.65,G1=1.55,G2=1.07; DT1594M: B1=4,B2=3.52,G1=3.61,G2=1.37","","NAFDAC Market Survey Sample 2012"
"DT1586M",2012,"HF","Delta",6.1562,6.4503,7.68,7.21,1.4,0.65,16.94,9.44333333333333,5.89,3,"DT1587M: 6.156, 6.45; DT1595M: 6.156, 6.45","DT1587M: B1=2.31,B2=1.78,G1=1.14,G2=0.66; DT1595M: B1=4.3,B2=1.2,G1=0,G2=0","","NAFDAC Market Survey Sample 2012"
"AN1347M",2012,"HF","Anambra",6.1624,6.8029,4.97,3.56,2.76,0.98,13.36,10.3466666666667,12.27,3,"AN1351M: 6.162, 6.803; AN1358M: 6.162, 6.803","AN1351M: B1=5.41,B2=0,G1=0,G2=0; AN1358M: B1=10.39,B2=2.97,G1=0,G2=0","","NAFDAC Market Survey Sample 2012"
"AN1349M",2012,"HF","Anambra",6.2246,6.8887,29.85,7.23,0,0,37.08,15.1433333333333,4.42,3,"AN1357M: 6.225, 6.889; AN1360M: 6.225, 6.889","AN1357M: B1=3.61,B2=0.81,G1=0,G2=0; AN1360M: B1=1.99,B2=1.94,G1=0,G2=0","","NAFDAC Market Survey Sample 2012"
"AN1348M",2012,"HF","Anambra",6.201,6.9786,2.81,3.26,0,0,11.14,5.73666666666667,6.07,3,"AN1352M: 6.201, 6.979; AN1355M: 6.201, 6.979","AN1352M: B1=7.57,B2=3.57,G1=0,G2=0; AN1355M: B1=0,B2=0,G1=0,G2=0","","NAFDAC Market Survey Sample 2012"
"AN1288M",2012,"HF","Anambra",6.2116,7.0714,0,0,0,0,4.99,0.831666666666667,0,6,"AN1291M: 6.212, 7.071; AN1292M: 6.212, 7.071; AN1297M: 6.212, 7.071; AN1302M: 6.212, 7.071; AN1309M: 6.212, 7.071","AN1291M: B1=0,B2=0,G1=0,G2=0; AN1292M: B1=0,B2=0,G1=0,G2=0; AN1297M: B1=2.04,B2=2.95,G1=0,G2=0; AN1302M: B1=0,B2=0,G1=0,G2=0; AN1309M: B1=0,B2=0,G1=0,G2=0","","NAFDAC Market Survey Sample 2012"
"OD183M",2012,"HF","Ondo",6.2585,4.7692,15.64,3.85,7.78,1.76,29.03,10.3033333333333,1.88,3,"OD209M: 6.258, 4.769; OD220M: 6.258, 4.769","OD209M: B1=1.88,B2=0,G1=0,G2=0; OD220M: B1=0,B2=0,G1=0,G2=0","","NAFDAC Market Survey Sample 2012"
"AN1287M",2012,"HF","Anambra",6.262777778,6.813888889,0,0,0,0,4.04,1.34666666666667,0,3,"AN1289M: 6.263, 6.814; AN1306M: 6.263, 6.814","AN1289M: B1=0,B2=0,G1=0,G2=0; AN1306M: B1=1.88,B2=2.16,G1=0,G2=0","","NAFDAC Market Survey Sample 2012"
"AN1295M",2012,"HF","Anambra",6.2636,7.1252,0,0,0,0,6.08,1.615,0,6,"AN1296M: 6.264, 7.125; AN1298M: 6.264, 7.125; AN1301M: 6.264, 7.125; AN1303M: 6.264, 7.125; AN1315M: 6.264, 7.125","AN1296M: B1=0,B2=0,G1=0,G2=0; AN1298M: B1=2.69,B2=1.17,G1=2.22,G2=0; AN1301M: B1=1.61,B2=2,G1=0,G2=0; AN1303M: B1=0,B2=0,G1=0,G2=0; AN1315M: B1=0,B2=0,G1=0,G2=0","","NAFDAC Market Survey Sample 2012"
"EN1398M",2012,"HF","Enugu",6.2537,7.2734,17.27,2.37,5.82,0,34.51,19.99,25.46,3,"EN1399M: 6.254, 7.273; EN1416M: 6.254, 7.273","EN1399M: B1=0,B2=0,G1=0,G2=0; EN1416M: B1=8.96,B2=20.61,G1=3.39,G2=1.55","","NAFDAC Market Survey Sample 2012"
"EN1377M",2012,"DS","Enugu",6.3089,7.6548,0.82,0.89,21.4,2.94,26.05,10.44,4.25,3,"EN1388M: 6.309, 7.655; EN1415M: 6.309, 7.655","EN1388M: B1=1.02,B2=0,G1=0,G2=0; EN1415M: B1=1.32,B2=2.93,G1=0,G2=0","","NAFDAC Market Survey Sample 2012"
"ED1476M",2012,"HF","Edo",6.3671,5.5722,6.01,0.99,0,0,7,3.28,2.84,3,"ED1480M: 6.367, 5.572; ED1503M: 6.367, 5.572","ED1480M: B1=0.67,B2=2.17,G1=0,G2=0; ED1503M: B1=0,B2=0,G1=0,G2=0","","NAFDAC Market Survey Sample 2012"
"EN1413M",2012,"DS","Enugu",6.3846,7.2914,7.9,0.85,0,0,8.75,5.04666666666667,3.56,3,"EN1418M: 6.385, 7.291; EN1420M: 6.385, 7.291","EN1418M: B1=2.77,B2=0.79,G1=0,G2=0; EN1420M: B1=1.67,B2=1.16,G1=0,G2=0","","NAFDAC Market Survey Sample 2012"
"EN1400M",2012,"DS","Enugu",6.3849,7.5139,16.82,5.12,11.67,0,33.61,8.97333333333333,5.27,6,"EN1402M: 6.385, 7.514; EN1403M: 6.385, 7.514; EN1408M: 6.332, 7.503; EN1410M: 6.332, 7.503; EN1421M: 6.332, 7.503","EN1402M: B1=1.06,B2=1.11,G1=2.33,G2=0; EN1403M: B1=1.3,B2=4.74,G1=0,G2=0; EN1408M: B1=3.56,B2=2.67,G1=3.46,G2=0; EN1410M: B1=0,B2=0,G1=0,G2=0; EN1421M: B1=0,B2=0,G1=0,G2=0","","NAFDAC Market Survey Sample 2012"
"LA299M",2012,"DS","Lagos",6.4183,2.8901,1.45,2.18,0,0,9.8,4.47666666666667,3.63,3,"LA301M: 6.418, 2.89; LA302M: 6.418, 2.89","LA301M: B1=1.96,B2=2.06,G1=1.02,G2=4.76; LA302M: B1=0,B2=0,G1=0,G2=0","","NAFDAC Market Survey Sample 2012"
"LA274M",2012,"DS","Lagos",6.4555,3.3339,0,0,0,0,0,0,0,3,"LA275M: 6.455, 3.334; LA276M: 6.455, 3.334","LA275M: B1=0,B2=0,G1=0,G2=0; LA276M: B1=0,B2=0,G1=0,G2=0","","NAFDAC Market Survey Sample 2012"
"LA300M",2012,"DS","Lagos",6.4549,3.4246,0,0,0,0,8.75,2.91666666666667,0,3,"LA303M: 6.455, 3.425; LA314M: 6.455, 3.425","LA303M: B1=5.01,B2=3.74,G1=0,G2=0; LA314M: B1=0,B2=0,G1=0,G2=0","","NAFDAC Market Survey Sample 2012"
"LA308M",2012,"DS","Lagos",6.459,3.6015,0,0,0,0,0,0,0,3,"LA310M: 6.459, 3.602; LA312M: 6.459, 3.602","LA310M: B1=0,B2=0,G1=0,G2=0; LA312M: B1=0,B2=0,G1=0,G2=0","","NAFDAC Market Survey Sample 2012"
"LA271M",2012,"HF","Lagos",6.4569,3.8859,1.96,1.39,0,0,3.35,1.11666666666667,0,3,"LA272M: 6.457, 3.886; LA273M: 6.457, 3.886","LA272M: B1=0,B2=0,G1=0,G2=0; LA273M: B1=0,B2=0,G1=0,G2=0","","NAFDAC Market Survey Sample 2012"
"LA307M",2012,"HF","Edo",6.4579,6.4579,0,0,0,0,16.06,8.99333333333333,10.92,3,"LA313M: 6.458, 6.458; LA315M: 6.458, 6.458","LA313M: B1=4.75,B2=9.81,G1=1.5,G2=0; LA315M: B1=2.68,B2=8.24,G1=0,G2=0","","NAFDAC Market Survey Sample 2012"
"DT1561M",2012,"HF","Delta",6.4077,6.6211,81.48,1.49,4.8,0.43,88.2,33.24,7.47,3,"DT1579M: 6.408, 6.621; DT1580M: 6.408, 6.621","DT1579M: B1=2.58,B2=1.27,G1=3.62,G2=0; DT1580M: B1=0.8,B2=0,G1=0.85,G2=2.4","","NAFDAC Market Survey Sample 2012"
"EN1381M",2012,"DS","Enugu",6.4483,7.5139,2.05,1.23,17.51,0.5,25.47,8.16428571428571,0,7,"EN1389M: 6.448, 7.514; EN1390M: 6.448, 7.514; EN1394M: 6.448, 7.514; EN1405M: 6.448, 7.514; EN1417M: 6.448, 7.514; EN1419M: 6.448, 7.514","EN1389M: B1=0,B2=0,G1=0,G2=0; EN1390M: B1=6.83,B2=1.64,G1=15.29,G2=1.71; EN1394M: B1=0,B2=0,G1=0,G2=0; EN1405M: B1=0,B2=0,G1=0,G2=0; EN1417M: B1=2.44,B2=1.15,G1=5.73,G2=1.07; EN1419M: B1=0,B2=0,G1=0,G2=0","","NAFDAC Market Survey Sample 2012"
"LA289M",2012,"DS","Lagos",6.5355,3.3087,8.92,2.54,1.72,0.55,13.73,10.3933333333333,8.9,3,"LA296M: 6.536, 3.309; LA297M: 6.536, 3.309","LA296M: B1=6.57,B2=2.33,G1=0,G2=0; LA297M: B1=5.72,B2=2.83,G1=0,G2=0","","NAFDAC Market Survey Sample 2012"
"LA290M",2012,"DS","Lagos",6.5392,3.3842,7.76,2.48,0,0,18.24,9.43416666666667,11.12,12,"LA291M: 6.539, 3.384; LA292M: 6.539, 3.384; LA293M: 6.498, 3.349; LA294M: 6.498, 3.349; LA295M: 6.498, 3.349; LA298M: 6.535, 3.349; LA304M: 6.506, 3.378; LA305M: 6.535, 3.349; LA306M: 6.535, 3.349; LA309M: 6.506, 3.378; LA311M: 6.506, 3.378","LA291M: B1=0,B2=0,G1=0,G2=0; LA292M: B1=5.27,B2=8.27,G1=2.96,G2=0; LA293M: B1=5.82,B2=12.42,G1=0,G2=0; LA294M: B1=10.44,B2=1.56,G1=0,G2=0; LA295M: B1=10.02,B2=2.49,G1=0,G2=0; LA298M: B1=1.23,B2=2.12,G1=0,G2=0; LA304M: B1=3.72,B2=3.31,G1=0,G2=0; LA305M: B1=10.6,B2=3.04,G1=0,G2=0; LA306M: B1=10.58,B2=2.11,G1=0,G2=0; LA309M: B1=0,B2=0,G1=0,G2=0; LA311M: B1=3.96,B2=3.05,G1=0,G2=0","","NAFDAC Market Survey Sample 2012"
"OD182M",2012,"HF","Ondo",6.504,4.7707,11.79,5.78,0,0,17.57,11.2333333333333,8.23,3,"OD195M: 6.504, 4.771; OD225M: 6.504, 4.771","OD195M: B1=1.7,B2=6.2,G1=0,G2=0; OD225M: B1=4.15,B2=4.08,G1=0,G2=0","","NAFDAC Market Survey Sample 2012"
"OD192M",2012,"HF","Ondo",6.4883,4.8702,0,0,0,0,45.15,19.58,13.59,3,"OD202M: 6.488, 4.87; OD210M: 6.488, 4.87","OD202M: B1=13.59,B2=0,G1=0,G2=0; OD210M: B1=35.69,B2=5.65,G1=3.37,G2=0.44","","NAFDAC Market Survey Sample 2012"
"ED1477M",2012,"HF","Edo",6.5047,5.6037,2.32,1.03,0,0,3.35,1.11666666666667,0,3,"ED1478M: 6.505, 5.604; ED1481M: 6.505, 5.604","ED1478M: B1=0,B2=0,G1=0,G2=0; ED1481M: B1=0,B2=0,G1=0,G2=0","","NAFDAC Market Survey Sample 2012"
"EN1383M",2012,"DS","Enugu",6.4818,7.3949,2.85,0.86,1.27,0,4.98,1.66,0,3,"EN1391M: 6.482, 7.395; EN1409M: 6.482, 7.395","EN1391M: B1=0,B2=0,G1=0,G2=0; EN1409M: B1=0,B2=0,G1=0,G2=0","","NAFDAC Market Survey Sample 2012"
"LA277M",2012,"DS","Lagos",6.618,3.3209,0,0,0,0,22.54,6.27833333333333,4.24,6,"LA278M: 6.618, 3.321; LA279M: 6.618, 3.321; LA283M: 6.574, 3.257; LA284M: 6.574, 3.257; LA288M: 6.574, 3.257","LA278M: B1=0,B2=0,G1=0,G2=0; LA279M: B1=1.85,B2=3.15,G1=0,G2=0; LA283M: B1=2.25,B2=2.61,G1=1.25,G2=0.54; LA284M: B1=13.39,B2=3.88,G1=4.77,G2=0.5; LA288M: B1=1.67,B2=1.81,G1=0,G2=0","","NAFDAC Market Survey Sample 2012"
"LA280M",2012,"DS","Lagos",6.5777,3.3885,0,0,0,0,14.5,4.69333333333333,0,6,"LA281M: 6.578, 3.389; LA282M: 6.578, 3.389; LA285M: 6.602, 3.352; LA286M: 6.602, 3.352; LA287M: 6.602, 3.352","LA281M: B1=0,B2=0,G1=0,G2=0; LA282M: B1=0,B2=0,G1=0,G2=0; LA285M: B1=0,B2=0,G1=0,G2=0; LA286M: B1=12.28,B2=2.22,G1=0,G2=0; LA287M: B1=3.7,B2=3.2,G1=0.59,G2=6.17","","NAFDAC Market Survey Sample 2012"
"ED1485M",2012,"HF","Edo",6.5888,6.2389,0.92,1.82,21.4,0,24.14,9.98666666666667,5.82,3,"ED1486M: 6.589, 6.239; ED1492M: 6.589, 6.239","ED1486M: B1=1.94,B2=1.75,G1=2.13,G2=0; ED1492M: B1=0,B2=0,G1=0,G2=0","","NAFDAC Market Survey Sample 2012"
"ED1472M",2012,"DS","Edo",6.6214,6.493,0.67,0,0,0,32.43,12.1733333333333,3.42,3,"ED1500M: 6.621, 6.493; ED1504M: 6.621, 6.493","ED1500M: B1=1.68,B2=1.74,G1=0,G2=0; ED1504M: B1=15.91,B2=3.35,G1=12.56,G2=0.61","","NAFDAC Market Survey Sample 2012"
"ED1484M",2012,"HF","Edo",6.6899,6.1315,1.36,0,2,1.1,4.46,2.23333333333333,2.24,3,"ED1489M: 6.69, 6.132; ED1498M: 6.69, 6.132","ED1489M: B1=0,B2=0,G1=0,G2=0; ED1498M: B1=2.24,B2=0,G1=0,G2=0","","NAFDAC Market Survey Sample 2012"
"ED1475M",2012,"DS","Edo",6.6888,6.2164,4.71,1.76,0,0,47,26.57,26.24,3,"ED1499M: 6.689, 6.216; ED1506M: 6.689, 6.216","ED1499M: B1=3.11,B2=32.79,G1=6.87,G2=4.23; ED1506M: B1=2.85,B2=0,G1=20.34,G2=3.05","","NAFDAC Market Survey Sample 2012"
"EN1378M",2012,"DS","Enugu",6.6722,7.4165,0,0,0,0,28.86,9.62,0,3,"EN1385M: 6.672, 7.416; EN1395M: 6.672, 7.416","EN1385M: B1=0,B2=0,G1=0,G2=0; EN1395M: B1=10.99,B2=1.61,G1=7.32,G2=8.94","","NAFDAC Market Survey Sample 2012"
"OD201M",2012,"HF","Ondo",6.7947,4.8676,3.68,6.03,0,0,69.65,27.41,9.71,3,"OD204M: 6.795, 4.868; OD215M: 6.795, 4.868","OD204M: B1=43.53,B2=5.44,G1=17.39,G2=3.29; OD215M: B1=1.6,B2=1.27,G1=0,G2=0","","NAFDAC Market Survey Sample 2012"
"ED1493M",2012,"DS","Edo",6.7297,6.3439,2.51,0.74,0,0,11.03,7.14,7.14,2,"ED1497M: 6.73, 6.344","ED1497M: B1=4.12,B2=6.91,G1=0,G2=0","","NAFDAC Market Survey Sample 2012"
"BN484M",2012,"DS","Benue",6.7835,9.0695,7.62,3.76,0,0,13.95,10.0066666666667,11.38,3,"BN486M: 6.784, 9.069; BN495M: 6.784, 9.069","BN486M: B1=4.69,B2=0,G1=0,G2=0; BN495M: B1=5.79,B2=4.02,G1=4.14,G2=0","","NAFDAC Market Survey Sample 2012"
"KG544M",2012,"DS","Kogi",6.8302,6.7922,310.33,36.5,0,0,346.83,119.316666666667,11.12,3,"KG555M: 6.83, 6.792; KG584M: 6.83, 6.792","KG555M: B1=7.88,B2=3.24,G1=0,G2=0; KG584M: B1=0,B2=0,G1=0,G2=0","","NAFDAC Market Survey Sample 2012"
"EN1411M",2012,"DS","Enugu",6.8429,7.3733,1.44,1.37,0,0,10.99,6.9,6.9,2,"EN1412M: 6.843, 7.373","EN1412M: B1=9.67,B2=1.32,G1=0,G2=0","","NAFDAC Market Survey Sample 2012"
"EN1379M",2012,"DS","Enugu",6.8828,7.5464,0,0,0,0,6.71,3.02,2.35,3,"EN1387M: 6.883, 7.546; EN1406M: 6.883, 7.546","EN1387M: B1=1.42,B2=0.93,G1=0,G2=0; EN1406M: B1=5.38,B2=1.33,G1=0,G2=0","","NAFDAC Market Survey Sample 2012"
"BN463M",2012,"DS","Benue",6.8398,8.415,8.35,2.44,0,0,10.79,6.44,6.44,2,"BN466M: 6.84, 8.415","BN466M: B1=2.09,B2=0,G1=0,G2=0","","NAFDAC Market Survey Sample 2012"
"ED1488M",2012,"DS","Edo",6.9279,5.8565,9.73,1.73,0,0,11.46,4.76,2.82,3,"ED1491M: 6.928, 5.856; ED1502M: 6.928, 5.856","ED1491M: B1=2.82,B2=0,G1=0,G2=0; ED1502M: B1=0,B2=0,G1=0,G2=0","","NAFDAC Market Survey Sample 2012"
"EN1380M",2012,"DS","Enugu",6.9386,7.3841,0,0,0,0,25.35,9.38333333333333,2.8,3,"EN1392M: 6.939, 7.384; EN1396M: 6.939, 7.384","EN1392M: B1=15.43,B2=9.92,G1=0,G2=0; EN1396M: B1=2.8,B2=0,G1=0,G2=0","","NAFDAC Market Survey Sample 2012"
"BN480M",2012,"DS","Benue",6.8907,8.3527,2.9,2.5,0,0,5.4,5.4,5.4,1,NA,NA,"","NAFDAC Market Survey Sample 2012"
"BN451M",2012,"DS","Benue",6.947,9.255,0,0,0,0,0,0,0,3,"BN453M: 6.947, 9.255; BN464M: 6.947, 9.255","BN453M: B1=0,B2=0,G1=0,G2=0; BN464M: B1=0,B2=0,G1=0,G2=0","","NAFDAC Market Survey Sample 2012"
"BN473M",2012,"DS","Benue",6.9126,9.4562,101.65,17.56,1.16,4.15,124.52,46.5,14.98,3,"BN478M: 6.913, 9.456; BN490M: 6.913, 9.456","BN478M: B1=4.64,B2=3.44,G1=2.01,G2=4.89; BN490M: B1=0,B2=0,G1=0,G2=0","","NAFDAC Market Survey Sample 2012"
"OD189M",2012,"HF","Ondo",7.0257,4.7692,0,0,0,0,20.95,10.3466666666667,10.09,3,"OD191M: 7.026, 4.769; OD194M: 7.026, 4.769","OD191M: B1=3.86,B2=3.76,G1=1.36,G2=1.11; OD194M: B1=8.39,B2=9.92,G1=1.71,G2=0.93","","NAFDAC Market Survey Sample 2012"
"OD190M",2012,"DS","Ondo",7.0155,5.6879,0,0,0,0,11.09,5.21,4.54,3,"OD203M: 7.016, 5.688; OD208M: 7.016, 5.688","OD203M: B1=2.91,B2=1.63,G1=0,G2=0; OD208M: B1=2.72,B2=8.37,G1=0,G2=0","","NAFDAC Market Survey Sample 2012"
"ED1490M",2012,"DS","Edo",7.008,6.2801,0,0,0,0,18.92,6.30666666666667,0,3,"ED1494M: 7.008, 6.28; ED1505M: 7.008, 6.28","ED1494M: B1=9.79,B2=1.87,G1=4.24,G2=3.02; ED1505M: B1=0,B2=0,G1=0,G2=0","","NAFDAC Market Survey Sample 2012"
"ED1473M",2012,"DS","Edo",7.0057,6.4503,2.45,1.37,0,0,3.82,2.22333333333333,2.85,3,"ED1508M: 7.006, 6.45; ED1510M: 7.006, 6.45","ED1508M: B1=1.3,B2=1.55,G1=0,G2=0; ED1510M: B1=0,B2=0,G1=0,G2=0","","NAFDAC Market Survey Sample 2012"
"EN1386M",2012,"DS","Enugu",6.9904,7.4814,0,0,0,0,11.53,3.84333333333333,0,3,"EN1393M: 6.99, 7.481; EN1404M: 6.99, 7.481","EN1393M: B1=9.99,B2=1.54,G1=0,G2=0; EN1404M: B1=0,B2=0,G1=0,G2=0","","NAFDAC Market Survey Sample 2012"
"OD187M",2012,"HF","Ondo",7.0881,4.9559,7.56,30.28,0,0,37.84,12.6133333333333,0,3,"OD188M: 7.088, 4.956; OD216M: 7.088, 4.956","OD188M: B1=0,B2=0,G1=0,G2=0; OD216M: B1=0,B2=0,G1=0,G2=0","","NAFDAC Market Survey Sample 2012"
"KG552M",2012,"DS","Kogi",7.1138,6.744,6.06,2.16,3.67,0,11.89,7.71333333333333,7.16,3,"KG563M: 7.114, 6.744; KG566M: 7.114, 6.744","KG563M: B1=5.12,B2=2.04,G1=0,G2=0; KG566M: B1=0.78,B2=3.31,G1=0,G2=0","","NAFDAC Market Survey Sample 2012"
"KG551M",2012,"DS","Kogi",7.0825,7.0498,42.94,14.01,3.84,1.13,61.92,22.5533333333333,5.74,3,"KG558M: 7.082, 7.05; KG569M: 7.082, 7.05","KG558M: B1=4.01,B2=1.73,G1=0,G2=0; KG569M: B1=0,B2=0,G1=0,G2=0","","NAFDAC Market Survey Sample 2012"
"BN465M",2012,"DS","Benue",7.0701,7.8286,4.76,2.31,3.43,0,10.5,5.79,6.87,3,"BN489M: 7.07, 7.829; BN492M: 7.07, 7.829","BN489M: B1=6.87,B2=0,G1=0,G2=0; BN492M: B1=0,B2=0,G1=0,G2=0","","NAFDAC Market Survey Sample 2012"
"OD197M",2012,"DS","Ondo",7.1989,5.5932,4.31,2.08,0,0,12.6,10.0066666666667,11.03,3,"OD200M: 7.199, 5.593; OD221M: 7.199, 5.593","OD200M: B1=9.01,B2=0,G1=1.94,G2=1.65; OD221M: B1=9.66,B2=1.37,G1=0,G2=0","","NAFDAC Market Survey Sample 2012"
"BN462M",2012,"DS","Benue",7.1909,8.1323,4.36,2.05,3.78,0,33.89,15.8533333333333,10.19,3,"BN470M: 7.191, 8.132; BN472M: 7.191, 8.132","BN470M: B1=26.66,B2=2.01,G1=2.81,G2=2.41; BN472M: B1=1.69,B2=1.79,G1=0,G2=0","","NAFDAC Market Survey Sample 2012"
"BN457M",2012,"DS","Benue",7.1658,9.2841,0,0,0,0,14.32,4.77333333333333,0,3,"BN461M: 7.166, 9.284; BN468M: 7.166, 9.284","BN461M: B1=0,B2=0,G1=0,G2=0; BN468M: B1=4.44,B2=9.88,G1=0,G2=0","","NAFDAC Market Survey Sample 2012"
"OD184M",2012,"HF","Osun",7.2825,4.8521,3.24,3.13,0,0,18.26,8.21,6.37,3,"OD185M: 7.282, 4.852; OD186M: 7.282, 4.852","OD185M: B1=0,B2=0,G1=0,G2=0; OD186M: B1=11.75,B2=3.99,G1=1.17,G2=1.35","","NAFDAC Market Survey Sample 2012"
"OD181M",2012,"HF","Ondo",7.2146,5.1641,2.9,3.07,3.36,2.73,12.06,5.39,4.75,4,"OD193M: 7.215, 5.164; OD222M: 7.215, 5.164; OD224M: 7.215, 5.164","OD193M: B1=6.7,B2=2.8,G1=0,G2=0; OD222M: B1=0,B2=0,G1=0,G2=0; OD224M: B1=0,B2=0,G1=0,G2=0","","NAFDAC Market Survey Sample 2012"
"OD199M",2012,"DS","Ondo",7.2779,5.2684,2.76,7.72,0,0,10.48,3.49333333333333,0,3,"OD214M: 7.278, 5.268; OD217M: 7.278, 5.268","OD214M: B1=0,B2=0,G1=0,G2=0; OD217M: B1=0,B2=0,G1=0,G2=0","","NAFDAC Market Survey Sample 2012"
"ED1467M",2012,"DS","Edo",7.2627,6.4503,10.13,2.14,10.68,1.31,24.26,21.5133333333333,24.04,3,"ED1471M: 7.263, 6.45; ED1487M: 7.263, 6.45","ED1471M: B1=19.18,B2=3.16,G1=1.7,G2=0; ED1487M: B1=14.1,B2=2.14,G1=0,G2=0","","NAFDAC Market Survey Sample 2012"
"BN477M",2012,"DS","Kogi",7.25,7.646111111,0,0,0,0,33.83,11.2766666666667,0,3,"BN485M: 7.25, 7.646; BN488M: 7.25, 7.646","BN485M: B1=0,B2=0,G1=0,G2=0; BN488M: B1=29.9,B2=0,G1=3.93,G2=0","","NAFDAC Market Survey Sample 2012"
"BN452M",2012,"DS","Benue",7.2396,7.9157,0,0,0,0,317.12,108.556666666667,8.55,3,"BN459M: 7.24, 7.916; BN474M: 7.24, 7.916","BN459M: B1=248.22,B2=42.02,G1=21.28,G2=5.6; BN474M: B1=8.55,B2=0,G1=0,G2=0","","NAFDAC Market Survey Sample 2012"
"OY107M",2012,"DS","Oyo",7.3458,3.8757,4.02,1.89,1.38,1.27,26.69,13.4233333333333,8.56,3,"OY108M: 7.346, 3.876; OY109M: 7.346, 3.876","OY108M: B1=3.28,B2=1.74,G1=0,G2=0; OY109M: B1=4.65,B2=17.03,G1=3.93,G2=1.08","","NAFDAC Market Survey Sample 2012"
"ED1468M",2012,"DS","Edo",7.3533,6.1103,0,0,0,0,26.7,10.39,7.43,4,"ED1469M: 7.353, 6.11; ED1470M: 7.353, 6.11; ED1483M: 7.353, 6.11","ED1469M: B1=12.32,B2=2.54,G1=0,G2=0; ED1470M: B1=14.81,B2=11.89,G1=0,G2=0; ED1483M: B1=0,B2=0,G1=0,G2=0","","NAFDAC Market Survey Sample 2012"
"KG559M",2012,"DS","Kogi",7.3396,7.0498,20.94,3.99,32.31,4.96,62.2,22.86,6.38,3,"KG560M: 7.34, 7.05; KG581M: 7.34, 7.05","KG560M: B1=0.96,B2=5.42,G1=0,G2=0; KG581M: B1=0,B2=0,G1=0,G2=0","","NAFDAC Market Survey Sample 2012"
"BN454M",2012,"DS","Benue",7.3368,9.0018,0,0,0,0,6.39,2.13,0,3,"BN455M: 7.337, 9.002; BN458M: 7.337, 9.002","BN455M: B1=0,B2=0,G1=0,G2=0; BN458M: B1=3.76,B2=2.63,G1=0,G2=0","","NAFDAC Market Survey Sample 2012"
"OY103M",2012,"DS","Oyo",7.4048,3.2383,3.25,1.44,0,0,15.43,10.01,9.91,3,"OY95M: 7.405, 3.238; OY97M: 7.405, 3.238","OY95M: B1=7.89,B2=2.02,G1=0,G2=0; OY97M: B1=15.43,B2=0,G1=0,G2=0","","NAFDAC Market Survey Sample 2012"
"OY115M",2012,"DS","Oyo",7.3796,3.9675,4.04,0,13.05,0.99,18.08,8.78666666666667,6.58,6,"OY116M: 7.38, 3.967; OY117M: 7.38, 3.967; OY126M: 7.41, 3.917; OY134M: 7.41, 3.917; OY135M: 7.41, 3.917","OY116M: B1=3.59,B2=0,G1=0.63,G2=1.04; OY117M: B1=4.86,B2=0,G1=0,G2=0; OY126M: B1=1.88,B2=4.1,G1=0.98,G2=0.94; OY134M: B1=1.14,B2=2.62,G1=0,G2=0; OY135M: B1=2.01,B2=4.09,G1=1.01,G2=5.75","","NAFDAC Market Survey Sample 2012"
"OD198M",2012,"DS","Ondo",7.3877,5.0807,0,0,0,0,5.97,1.99,0,3,"OD205M: 7.388, 5.081; OD223M: 7.388, 5.081","OD205M: B1=0,B2=0,G1=0,G2=0; OD223M: B1=1.87,B2=4.1,G1=0,G2=0","","NAFDAC Market Survey Sample 2012"
"OD207M",2012,"DS","Ondo",7.3807,5.6668,4.28,0,0,0,54.12,20.16,4.28,3,"OD212M: 7.381, 5.667; OD219M: 7.381, 5.667","OD212M: B1=41.94,B2=4.94,G1=5.67,G2=1.57; OD219M: B1=1.32,B2=0.76,G1=0,G2=0","","NAFDAC Market Survey Sample 2012"
"OD211M",2012,"DS","Ondo",7.4204,5.9198,38.41,4.49,0,0,42.9,42.9,42.9,1,NA,NA,"","NAFDAC Market Survey Sample 2012"
"BN471M",2012,"DS","Benue",7.445,8.3965,209.23,30.06,4.69,3.99,247.97,86.1833333333333,10.58,3,"BN476M: 7.445, 8.396; BN494M: 7.445, 8.396","BN476M: B1=0,B2=0,G1=0,G2=0; BN494M: B1=4.43,B2=1.65,G1=4.5,G2=0","","NAFDAC Market Survey Sample 2012"
"OY131M",2012,"DS","Oyo",7.5077,3.7194,3.1,0,1.66,2.35,9.42,7.43333333333333,7.11,3,"OY132M: 7.508, 3.719; OY133M: 7.508, 3.719","OY132M: B1=3.27,B2=0,G1=1.57,G2=0.93; OY133M: B1=9.42,B2=0,G1=0,G2=0","","NAFDAC Market Survey Sample 2012"
"KG554M",2012,"DS","Kogi",7.471,6.1633,11.66,0,0,0,11.66,5.84,5.86,3,"KG574M: 7.471, 6.163; KG580M: 7.471, 6.163","KG574M: B1=0,B2=0,G1=0,G2=0; KG580M: B1=3.01,B2=2.85,G1=0,G2=0","","NAFDAC Market Survey Sample 2012"
"OY112M",2012,"DS","Oyo",7.5952,3.9177,2.7,0,0,0,31.06,17.9933333333333,20.22,3,"OY121M: 7.595, 3.918; OY122M: 7.595, 3.918","OY121M: B1=14.96,B2=0,G1=15.01,G2=1.09; OY122M: B1=11.41,B2=5.98,G1=1.89,G2=0.94","","NAFDAC Market Survey Sample 2012"
"OD196M",2012,"DS","Ondo",7.5503,5.8776,3.11,4.56,0,0,82.45,23.845,6.465,4,"OD206M: 7.55, 5.878; OD213M: 7.55, 5.878; OD218M: 7.55, 5.878","OD206M: B1=0,B2=0,G1=0,G2=0; OD213M: B1=3.34,B2=1.92,G1=0,G2=0; OD218M: B1=75.2,B2=7.25,G1=0,G2=0","","NAFDAC Market Survey Sample 2012"
"KG557M",2012,"DS","Kogi",7.5614,6.2429,265.08,27.01,29.35,7.56,329,112.48,8.44,3,"KG561M: 7.561, 6.243; KG579M: 7.561, 6.243","KG561M: B1=0,B2=0,G1=0,G2=0; KG579M: B1=5.9,B2=2.54,G1=0,G2=0","","NAFDAC Market Survey Sample 2012"
"KG572M",2012,"DS","Kogi",7.5584,6.6344,48.66,0,0,0,48.66,16.22,0,3,"KG573M: 7.558, 6.634; KG577M: 7.558, 6.634","KG573M: B1=0,B2=0,G1=0,G2=0; KG577M: B1=0,B2=0,G1=0,G2=0","","NAFDAC Market Survey Sample 2012"
"KG545M",2012,"DS","Kogi",7.5948,7.2221,7.72,2.85,0,0,10.95,7.17333333333333,10.57,3,"KG549M: 7.595, 7.222; KG553M: 7.595, 7.222","KG549M: B1=0,B2=0,G1=0,G2=0; KG553M: B1=6.13,B2=1.43,G1=3.39,G2=0","","NAFDAC Market Survey Sample 2012"
"KG541M",2012,"DS","Kogi",7.672,6.429,8,4.21,0,0,53.15,23.7033333333333,12.21,3,"KG546M: 7.672, 6.429; KG547M: 7.672, 6.429","KG546M: B1=4.01,B2=1.74,G1=0,G2=0; KG547M: B1=43.64,B2=3.85,G1=5.66,G2=0","","NAFDAC Market Survey Sample 2012"
"OY100M",2012,"DS","Kogi",7.646111111,7.646111111,6.99,0,0.73,1.64,20.57,10.3933333333333,9.36,9,"OY101M: 7.646, 7.646; OY102M: 7.646, 7.646; OY104M: 7.646, 7.646; OY105M: 7.646, 7.646; OY92M: 7.646, 7.646; OY93M: 7.646, 7.646; OY94M: 7.646, 7.646; OY96M: 7.646, 7.646","OY101M: B1=7.56,B2=0,G1=0,G2=0; OY102M: B1=2.78,B2=0,G1=2.94,G2=0.85; OY104M: B1=4.91,B2=0,G1=0.93,G2=2.37; OY105M: B1=4.25,B2=0.92,G1=4.55,G2=0.68; OY92M: B1=3.27,B2=0,G1=6.71,G2=0.82; OY93M: B1=18.55,B2=0,G1=0.61,G2=1.41; OY94M: B1=0,B2=0,G1=0,G2=0; OY96M: B1=3.81,B2=2.63,G1=13.63,G2=0","","NAFDAC Market Survey Sample 2012"
"BN467M",2012,"DS","Benue",7.6299,8.8142,6.53,4.91,16.17,2.47,30.08,15.1433333333333,15.35,3,"BN469M: 7.63, 8.814; BN482M: 7.63, 8.814","BN469M: B1=0,B2=0,G1=0,G2=0; BN482M: B1=6.18,B2=6.41,G1=2.03,G2=0.73","","NAFDAC Market Survey Sample 2012"
"OY123M",2012,"DS","Oyo",7.7243,3.8655,2.14,0,0,0,35.54,15.8566666666667,9.89,3,"OY124M: 7.724, 3.865; OY125M: 7.724, 3.865","OY124M: B1=4.04,B2=28.15,G1=2.08,G2=1.27; OY125M: B1=2.45,B2=2.42,G1=1.86,G2=3.16","","NAFDAC Market Survey Sample 2012"
"KG567M",2012,"DS","Kogi",7.7164,6.3439,2.43,4.69,4.34,1.49,305.84,106.263333333333,12.95,3,"KG568M: 7.716, 6.344; KG576M: 7.716, 6.344","KG568M: B1=0,B2=0,G1=0,G2=0; KG576M: B1=270.49,B2=35.35,G1=0,G2=0","","NAFDAC Market Survey Sample 2012"
"KG543M",2012,"DS","Kogi",7.7337,6.6906,365.63,34.76,0,0,400.39,203.235,203.235,2,"KG582M: 7.734, 6.691","KG582M: B1=2.08,B2=4,G1=0,G2=0","","NAFDAC Market Survey Sample 2012"
"BN479M",2012,"DS","Benue",7.7322,8.5391,22.68,6.83,1.04,0,30.55,16.76,19.73,3,"BN483M: 7.732, 8.539; BN491M: 7.732, 8.539","BN483M: B1=5.81,B2=3.45,G1=7.52,G2=2.95; BN491M: B1=0,B2=0,G1=0,G2=0","","NAFDAC Market Survey Sample 2012"
"KG562M",2012,"DS","Kogi",7.8023,6.7333,15.29,5.17,0,0,218.56,79.6733333333333,20.46,3,"KG578M: 7.802, 6.733; KG583M: 7.802, 6.733","KG578M: B1=89.92,B2=9.93,G1=97.44,G2=21.27; KG583M: B1=0,B2=0,G1=0,G2=0","","NAFDAC Market Survey Sample 2012"
"BN475M",2012,"DS","Kogi",7.7821,7.6206,4.32,3.45,1.08,0,15.24,8.03,8.85,3,"BN481M: 7.782, 7.621; BN493M: 7.782, 7.621","BN481M: B1=0,B2=0,G1=0,G2=0; BN493M: B1=4.97,B2=4.2,G1=6.07,G2=0","","NAFDAC Market Survey Sample 2012"
"OY118M",2012,"DS","Oyo",7.8745,4.0491,6.68,3.18,2.28,2.92,17.15,11.72,15.06,3,"OY119M: 7.875, 4.049; OY120M: 7.875, 4.049","OY119M: B1=2.95,B2=0,G1=0,G2=0; OY120M: B1=17.15,B2=0,G1=0,G2=0","","NAFDAC Market Survey Sample 2012"
"KG556M",2012,"DS","Kogi",7.8737,5.941,0,0,0,0,9.36,3.12,0,3,"KG570M: 7.874, 5.941; KG571M: 7.874, 5.941","KG570M: B1=6.34,B2=3.02,G1=0,G2=0; KG571M: B1=0,B2=0,G1=0,G2=0","","NAFDAC Market Survey Sample 2012"
"BN456M",2012,"DS","Benue",7.9541,8.7481,7.48,4.13,0,0,32.58,14.73,11.61,3,"BN460M: 7.954, 8.748; BN487M: 7.954, 8.748","BN460M: B1=0,B2=0,G1=0,G2=0; BN487M: B1=18.15,B2=3.66,G1=2.76,G2=8.01","","NAFDAC Market Survey Sample 2012"
"OY106M",2012,"DS","Oyo",8.0902,3.3464,3.46,1.52,0,0,23.46,12.0533333333333,7.72,3,"OY98M: 8.09, 3.346; OY99M: 8.09, 3.346","OY98M: B1=5.47,B2=2.25,G1=0,G2=0; OY99M: B1=6.41,B2=13.86,G1=1.29,G2=1.9","","NAFDAC Market Survey Sample 2012"
"OY110M",2012,"DS","Oyo",8.0794,4.2231,16.5,0,2.58,1.08,29.5,22.7466666666667,20.16,3,"OY111M: 8.079, 4.223; OY91M: 8.079, 4.223","OY111M: B1=12.53,B2=0,G1=4.33,G2=1.72; OY91M: B1=7.44,B2=9.08,G1=3.67,G2=9.31","","NAFDAC Market Survey Sample 2012"
"OY127M",2012,"DS","Oyo",8.2465,3.8655,4.48,2.12,0,0,13.21,10.95,13.04,3,"OY128M: 8.246, 3.865; OY129M: 8.246, 3.865","OY128M: B1=6.22,B2=0,G1=5.6,G2=1.39; OY129M: B1=10.73,B2=2.31,G1=0,G2=0","","NAFDAC Market Survey Sample 2012"
"KG542M",2012,"DS","Kogi",8.2175,6.1951,13.66,1.65,0,0,298.77,104.693333333333,15.31,3,"KG550M: 8.217, 6.195; KG575M: 8.217, 6.195","KG550M: B1=0,B2=0,G1=0,G2=0; KG575M: B1=265.98,B2=32.79,G1=0,G2=0","","NAFDAC Market Survey Sample 2012"
"OY113M",2012,"DS","Oyo",8.1335,4.2538,4.48,0,0,0,16.99,9.80333333333333,7.94,3,"OY114M: 8.134, 4.254; OY130M: 8.134, 4.254","OY114M: B1=5.27,B2=0,G1=1.6,G2=1.07; OY130M: B1=4.19,B2=0,G1=9.22,G2=3.58","","NAFDAC Market Survey Sample 2012"
"KG548M",2012,"DS","Kogi",8.1355,5.8565,6.22,0,0,0,10.96,5.72666666666667,6.22,3,"KG564M: 8.136, 5.856; KG565M: 8.136, 5.856","KG564M: B1=3.57,B2=7.39,G1=0,G2=0; KG565M: B1=0,B2=0,G1=0,G2=0","","NAFDAC Market Survey Sample 2012"
"NG641M",2012,"DS","Niger",8.7602,6.3133,96.9,0,0,0,96.9,45.1533333333333,30.7,3,"NG644M: 8.76, 6.313; NG669M: 8.76, 6.313","NG644M: B1=3.47,B2=4.39,G1=0,G2=0; NG669M: B1=8.48,B2=15.39,G1=5.95,G2=0.88","","NAFDAC Market Survey Sample 2012"
"FC1082M",2012,"SGS","Federal Capital Territory",8.8403,7.0539,22.02,5.36,12.55,0.43,40.36,22.62,18.66,3,"FC1085M: 8.84, 7.054; FC1090M: 8.84, 7.054","FC1085M: B1=9.25,B2=1.76,G1=6.81,G2=0.84; FC1090M: B1=6.62,B2=2.22,G1=0,G2=0","","NAFDAC Market Survey Sample 2012"
"FC1079M",2012,"SGS","Federal Capital Territory",8.8797,7.2294,3.4,2.61,3.51,0.94,29.48,14.77,10.46,3,"FC1080M: 8.88, 7.229; FC1086M: 8.88, 7.229","FC1080M: B1=1.59,B2=2.78,G1=0,G2=0; FC1086M: B1=7.12,B2=3.62,G1=2.34,G2=16.4","","NAFDAC Market Survey Sample 2012"
"FC1077M",2012,"SGS","Federal Capital Territory",8.9508,7.0767,16.63,6.69,26.35,0.91,50.58,40.1333333333333,45.99,3,"FC1083M: 8.951, 7.077; FC1084M: 8.951, 7.077","FC1083M: B1=8.16,B2=2.24,G1=35.59,G2=0; FC1084M: B1=10.67,B2=1.92,G1=9.47,G2=1.77","","NAFDAC Market Survey Sample 2012"
"NG642M",2012,"SGS","Niger",9.0001,6.3213,23.31,11.71,1.06,0,36.08,23.7033333333333,22.78,3,"NG653M: 9, 6.321; NG654M: 9, 6.321","NG653M: B1=9.06,B2=3.19,G1=0,G2=0; NG654M: B1=9.94,B2=4.49,G1=5.59,G2=2.76","","NAFDAC Market Survey Sample 2012"
"NG636M",2012,"SGS","Niger",9.0493,6.5797,7.02,12.96,5.55,2.95,87.05,42.0866666666667,28.48,3,"NG640M: 9.049, 6.58; NG659M: 9.049, 6.58","NG640M: B1=68.35,B2=8.98,G1=9.72,G2=0; NG659M: B1=2.54,B2=3.1,G1=3.37,G2=1.72","","NAFDAC Market Survey Sample 2012"
"FC1081M",2012,"SGS","Federal Capital Territory",9.0618,7.4221,24.79,0.84,14.31,5.69,45.63,34.8066666666667,45.52,3,"FC1088M: 9.062, 7.422; FC1091M: 9.062, 7.422","FC1088M: B1=2.64,B2=2.86,G1=4.24,G2=3.53; FC1091M: B1=15.59,B2=27.27,G1=2.09,G2=0.57","","NAFDAC Market Survey Sample 2012"
"NG638M",2012,"SGS","Niger",9.0797,6.0097,3.72,4,4.29,0,358.65,130.57,21.05,3,"NG643M: 9.08, 6.01; NG648M: 9.08, 6.01","NG643M: B1=12.63,B2=4.76,G1=3.66,G2=0; NG648M: B1=305.53,B2=53.12,G1=0,G2=0","","NAFDAC Market Survey Sample 2012"
"NG628M",2012,"SGS","Niger",9.1701,7.1861,7.49,4.19,0,0,16.8,11.9733333333333,11.68,3,"NG639M: 9.17, 7.186; NG650M: 9.17, 7.186","NG639M: B1=2.12,B2=4.33,G1=10.35,G2=0; NG650M: B1=3.03,B2=4.41,G1=0,G2=0","","NAFDAC Market Survey Sample 2012"
"NG651M",2012,"SGS","Niger",9.2723,7.1861,3.76,6.52,0,0,17.23,14.6166666666667,16.34,3,"NG670M: 9.272, 7.186; NG671M: 9.272, 7.186","NG670M: B1=4.36,B2=6.58,G1=4.86,G2=0.54; NG671M: B1=2.68,B2=14.55,G1=0,G2=0","","NAFDAC Market Survey Sample 2012"
"FC1078M",2012,"SGS","Federal Capital Territory",9.2826,7.3858,6.43,15.83,3.51,6.64,32.41,16.5866666666667,12.73,3,"FC1087M: 9.283, 7.386; FC1089M: 9.283, 7.386","FC1087M: B1=4.37,B2=3.01,G1=3.48,G2=1.87; FC1089M: B1=1.55,B2=1.9,G1=1.17,G2=0","","NAFDAC Market Survey Sample 2012"
"NG629M",2012,"SGS","Niger",9.3418,7.0498,0,0,0,0,10.28,3.42666666666667,0,3,"NG630M: 9.342, 7.05; NG658M: 9.342, 7.05","NG630M: B1=3.75,B2=6.53,G1=0,G2=0; NG658M: B1=0,B2=0,G1=0,G2=0","","NAFDAC Market Survey Sample 2012"
"KD818M",2012,"SGS","Kaduna",9.3607,8.2213,0,0,0,0,16.51,10.07,13.7,3,"KD825M: 9.361, 8.221; KD847M: 9.361, 8.221","KD825M: B1=8.12,B2=4.83,G1=2.77,G2=0.79; KD847M: B1=5.06,B2=8.64,G1=0,G2=0","","NAFDAC Market Survey Sample 2012"
"NG649M",2012,"SGS","Niger",9.4351,6.7922,2.84,3.92,0,0,18.62,11.11,7.95,3,"NG660M: 9.435, 6.792; NG667M: 9.435, 6.792","NG660M: B1=16.1,B2=0,G1=2.52,G2=0; NG667M: B1=5.11,B2=2.84,G1=0,G2=0","","NAFDAC Market Survey Sample 2012"
"KD816M",2012,"SGS","Kaduna",9.4754,8.0247,2.72,0,6.31,0,17.67,10.63,9.03,3,"KD821M: 9.475, 8.025; KD830M: 9.475, 8.025","KD821M: B1=12.68,B2=1.38,G1=2.65,G2=0.96; KD830M: B1=3.93,B2=1.26,G1=0,G2=0","","NAFDAC Market Survey Sample 2012"
"NG634M",2012,"SGS","Niger",9.6278,6.5463,2.96,7.84,0,0,18.92,14.7033333333333,14.39,3,"NG664M: 9.628, 6.546; NG665M: 9.628, 6.546","NG664M: B1=10.21,B2=4.18,G1=0,G2=0; NG665M: B1=5.87,B2=13.05,G1=0,G2=0","","NAFDAC Market Survey Sample 2012"
"BR1227M",2012,"SGS","Kaduna",9.5684,7.4354,0,0,0,0,0,0,0,2,"BR1234M: 9.568, 7.435","BR1234M: B1=0,B2=0,G1=0,G2=0","","NAFDAC Market Survey Sample 2012"
"KD828M",2012,"MA","Kaduna",9.6322,8.5035,3.53,1.67,0,0,19.17,12.47,13.04,3,"KD829M: 9.632, 8.504; KD845M: 9.632, 8.504","KD829M: B1=2.04,B2=5.49,G1=4.49,G2=1.02; KD845M: B1=8.22,B2=1.46,G1=5.91,G2=3.58","","NAFDAC Market Survey Sample 2012"
"GM986M",2012,"NGS","Gombe",9.6698,11.2977,0,0,0,0,3.59,2.05666666666667,2.58,3,"GM990M: 9.67, 11.298; GM999M: 9.67, 11.298","GM990M: B1=1.32,B2=2.27,G1=0,G2=0; GM999M: B1=0.79,B2=1.79,G1=0,G2=0","","NAFDAC Market Survey Sample 2012"
"NG646M",2012,"SGS","Niger",9.6522,6.5261,0,0,0,0,39.12,13.04,0,3,"NG652M: 9.652, 6.526; NG656M: 9.652, 6.526","NG652M: B1=24.56,B2=8.24,G1=6.32,G2=0; NG656M: B1=0,B2=0,G1=0,G2=0","","NAFDAC Market Survey Sample 2012"
"BA1110M",2012,"SGS","Bauchi",9.6679,9.6049,8.38,10.45,0,0,18.83,14.13,14.56,3,"BA1115M: 9.668, 9.605; BA1119M: 9.668, 9.605","BA1115M: B1=6.04,B2=2.96,G1=0,G2=0; BA1119M: B1=2,B2=7.27,G1=2.95,G2=2.34","","NAFDAC Market Survey Sample 2012"
"NG631M",2012,"SGS","Niger",9.7221,6.1113,1.49,2.64,2.53,0,6.66,2.22,0,3,"NG647M: 9.722, 6.111; NG655M: 9.722, 6.111","NG647M: B1=0,B2=0,G1=0,G2=0; NG655M: B1=0,B2=0,G1=0,G2=0","","NAFDAC Market Survey Sample 2012"
"BA1142M",2012,"SGS","Bauchi",9.756,9.5562,0,0,0,0,5.19,1.73,0,3,"BA1144M: 9.756, 9.556; BA1147M: 9.756, 9.556","BA1144M: B1=3.01,B2=2.18,G1=0,G2=0; BA1147M: B1=0,B2=0,G1=0,G2=0","","NAFDAC Market Survey Sample 2012"
"GM1013M",2012,"NGS","Gombe",9.8662,11.2194,0,0,0,0,0,0,0,3,"GM981M: 9.866, 11.219; GM991M: 9.866, 11.219","GM981M: B1=0,B2=0,G1=0,G2=0; GM991M: B1=0,B2=0,G1=0,G2=0","","NAFDAC Market Survey Sample 2012"
"GM1001M",2012,"NGS","Gombe",9.8201,11.3119,0,0,0,0,28.63,12.27,8.18,3,"GM1009M: 9.82, 11.312; GM997M: 9.82, 11.312","GM1009M: B1=2.08,B2=0,G1=25.61,G2=0.94; GM997M: B1=7.29,B2=0.89,G1=0,G2=0","","NAFDAC Market Survey Sample 2012"
"GM1012M",2012,"NGS","Gombe",9.8329,11.6613,14.45,2.05,5.98,0.9,23.38,11.63,6.25,3,"GM994M: 9.833, 11.661; GM996M: 9.833, 11.661","GM994M: B1=2.17,B2=1.06,G1=3.02,G2=0; GM996M: B1=1.95,B2=3.31,G1=0,G2=0","","NAFDAC Market Survey Sample 2012"
"KD808M",2012,"SGS","Kaduna",9.8734,7.9552,0,0,0,0,14.09,5.87666666666667,3.54,3,"KD809M: 9.873, 7.955; KD835M: 9.873, 7.955","KD809M: B1=6.04,B2=4.94,G1=2.23,G2=0.88; KD835M: B1=2.31,B2=0,G1=1.23,G2=0","","NAFDAC Market Survey Sample 2012"
"NG635M",2012,"SGS","Niger",9.9492,5.3103,22.01,7.42,3.74,10.18,43.35,16.8333333333333,7.15,3,"NG637M: 9.949, 5.31; NG661M: 9.949, 5.31","NG637M: B1=0,B2=0,G1=0,G2=0; NG661M: B1=2.57,B2=2.89,G1=1.69,G2=0","","NAFDAC Market Survey Sample 2012"
"KD811M",2012,"SGS","Kaduna",9.8906,8.2213,2.19,1.47,0,0,20.77,8.14333333333333,3.66,3,"KD823M: 9.891, 8.221; KD827M: 9.891, 8.221","KD823M: B1=0,B2=0,G1=0,G2=0; KD827M: B1=1.27,B2=5.43,G1=14.07,G2=0","","NAFDAC Market Survey Sample 2012"
"BA1108M",2012,"NGS","Bauchi",9.9894,9.5006,3.73,2.47,3.01,8.49,17.7,9.93,12.09,3,"BA1131M: 9.989, 9.501; BA1136M: 9.989, 9.501","BA1131M: B1=0,B2=0,G1=0,G2=0; BA1136M: B1=10.66,B2=1.43,G1=0,G2=0","","NAFDAC Market Survey Sample 2012"
"NG952M-2",2013,"SGS","Niger",10.1349,6.0229,0,0,0,0,1.01,0.336666666666667,0,3,"NG955M-2: 10.135, 6.023; NG960M-2: 10.135, 6.023","NG955M-2: B1=1.01,B2=0,G1=0,G2=0; NG960M-2: B1=0,B2=0,G1=0,G2=0","","NAFDAC Market Survey Sample 2013"
"GM481M-2",2013,"NGS","Gombe",10.2791,11.1731,0,0,0,0,111.01,5.12307692307692,0,26,"GM482M-2: 10.279, 11.173; GM483M-2: 10.279, 11.173; GM485M-2: 10.25, 11.167; GM486M-2: 10.279, 11.173; GM487M-2: 10.25, 11.167; GM488M-2: 10.279, 11.173; GM489M-2: 10.279, 11.173; GM490M-2: 10.279, 11.173; GM492M-2: 10.279, 11.173; GM493M-2: 10.279, 11.173; GM494M-2: 10.279, 11.173; GM495M-2: 10.279, 11.173; GM496M-2: 10.279, 11.173; GM497M-2: 10.279, 11.173; GM498M-2: 10.279, 11.173; GM499M-2: 10.279, 11.173; GM500M-2: 10.279, 11.173; GM501M-2: 10.279, 11.173; GM502M-2: 10.279, 11.173; GM503M-2: 10.279, 11.173; GM504M-2: 10.279, 11.173; GM505M-2: 10.279, 11.173; GM506M-2: 10.279, 11.173; GM507M-2: 10.279, 11.173; GM508M-2: 10.279, 11.173","GM482M-2: B1=0,B2=0,G1=0,G2=0; GM483M-2: B1=0,B2=0,G1=0,G2=0; GM485M-2: B1=0,B2=0,G1=0,G2=0; GM486M-2: B1=0,B2=0,G1=0,G2=0; GM487M-2: B1=0,B2=0,G1=0,G2=0; GM488M-2: B1=0.81,B2=0,G1=0,G2=0; GM489M-2: B1=0,B2=0,G1=0,G2=0; GM490M-2: B1=0,B2=0,G1=0,G2=0; GM492M-2: B1=74.36,B2=36.64,G1=0,G2=0; GM493M-2: B1=0,B2=0,G1=0,G2=0; GM494M-2: B1=0,B2=0,G1=0,G2=0; GM495M-2: B1=0,B2=0,G1=0,G2=0; GM496M-2: B1=0,B2=0,G1=0,G2=0; GM497M-2: B1=0,B2=0,G1=0,G2=0; GM498M-2: B1=1.28,B2=0,G1=9.37,G2=0; GM499M-2: B1=0,B2=0,G1=0,G2=0; GM500M-2: B1=0,B2=0,G1=0,G2=0; GM501M-2: B1=0,B2=0,G1=0,G2=0; GM502M-2: B1=0,B2=0,G1=0,G2=0; GM503M-2: B1=0,B2=0,G1=0,G2=0; GM504M-2: B1=7.17,B2=3.57,G1=0,G2=0; GM505M-2: B1=0,B2=0,G1=0,G2=0; GM506M-2: B1=0,B2=0,G1=0,G2=0; GM507M-2: B1=0,B2=0,G1=0,G2=0; GM508M-2: B1=0,B2=0,G1=0,G2=0","","NAFDAC Market Survey Sample 2013"
"KD433M-2",2013,"SGS","Kaduna",10.2697,7.1101,2.6,0,0,0,3.39,2.57333333333333,2.6,3,"KD434M-2: 10.27, 7.11; KD435M-2: 10.27, 7.11","KD434M-2: B1=3.39,B2=0,G1=0,G2=0; KD435M-2: B1=1.73,B2=0,G1=0,G2=0","","NAFDAC Market Survey Sample 2013"
"BA648M-2",2013,"NGS","Bauchi",10.3562,10.5296,0,0,0,0,32.15,10.7166666666667,0,3,"BA649M-2: 10.356, 10.53; BA650M-2: 10.356, 10.53","BA649M-2: B1=0,B2=0,G1=0,G2=0; BA650M-2: B1=32.15,B2=0,G1=0,G2=0","","NAFDAC Market Survey Sample 2013"
"NG933M-2",2013,"SGS","Niger",10.3116,4.9767,1.57,1.52,0,0,8.54,5.815,5.815,2,"NG947M-2: 10.312, 4.977","NG947M-2: B1=5.2,B2=3.34,G1=0,G2=0","","NAFDAC Market Survey Sample 2013"
"BA639M-2",2013,"NGS","Bauchi",10.306,9.8404,0,0,0,0,117.16,39.0533333333333,0,3,"BA640M-2: 10.306, 9.84; BA641M-2: 10.306, 9.84","BA640M-2: B1=113.98,B2=3.18,G1=0,G2=0; BA641M-2: B1=0,B2=0,G1=0,G2=0","","NAFDAC Market Survey Sample 2013"
"GM484M-2",2013,"SS","Gombe",10.4019,11.1391,0,0,0,0,0,0,0,1,NA,NA,"","NAFDAC Market Survey Sample 2013"
"KB783M-2",2013,"SGS","Kebbi",10.4092,4.7187,0,0,0,0,0,0,0,3,"KB784M-2: 10.409, 4.719; KB791M-2: 10.409, 4.719","KB784M-2: B1=0,B2=0,G1=0,G2=0; KB791M-2: B1=0,B2=0,G1=0,G2=0","","NAFDAC Market Survey Sample 2013"
"NG932M-2",2013,"SGS","Niger",10.4071,5.4699,0,0,0,0,9.52,3.36666666666667,0.58,3,"NG934M-2: 10.407, 5.47; NG950M-2: 10.407, 5.47","NG934M-2: B1=7.45,B2=2.07,G1=0,G2=0; NG950M-2: B1=0.58,B2=0,G1=0,G2=0","","NAFDAC Market Survey Sample 2013"
"KD400M-2",2013,"SGS","Kaduna",10.3833,7.3833,2.6,0,0,0,2.6,2.6,2.6,1,NA,NA,"","NAFDAC Market Survey Sample 2013"
"KD399M-2",2013,"SGS","Kaduna",10.3764,7.7095,2.5,0,0,0,8.26,4.13666666666667,2.5,3,"KD405M-2: 10.376, 7.71; KD406M-2: 10.376, 7.71","KD405M-2: B1=1.65,B2=0,G1=0,G2=0; KD406M-2: B1=8.26,B2=0,G1=0,G2=0","","NAFDAC Market Survey Sample 2013"
"GM491M-2",2013,"SS","Gombe",10.5189,11,0,0,0,0,0,0,0,1,NA,NA,"","NAFDAC Market Survey Sample 2013"
"BR1094M-2",2013,"SS","Borno",10.4676,12.3464,0.81,0,0,0,1.87,1.34,1.34,2,"BR1130M-2: 10.468, 12.346","BR1130M-2: B1=1.87,B2=0,G1=0,G2=0","","NAFDAC Market Survey Sample 2013"
"KD425M-2",2013,"SGS","Kaduna",10.4631,7.4138,15.21,2.19,0,0,56.54,25.5166666666667,17.41,3,"KD426M-2: 10.463, 7.414; KD427M-2: 10.463, 7.414","KD426M-2: B1=53.95,B2=2.6,G1=0,G2=0; KD427M-2: B1=2.6,B2=0,G1=0,G2=0","","NAFDAC Market Survey Sample 2013"
"KD403M-2",2013,"NGS","Kaduna",10.5432,7.449,0,0,0,0,44.73,22.365,22.365,2,"KD404M-2: 10.543, 7.449","KD404M-2: B1=44.73,B2=0,G1=0,G2=0","","NAFDAC Market Survey Sample 2013"
"BR1128M-2",2013,"SS","Borno",10.6117,12.1919,12.8,0.98,0,0,13.78,13.78,13.78,1,NA,NA,"","NAFDAC Market Survey Sample 2013"
"BR1096M-2",2013,"SS","Borno",10.6563,13.1279,2.69,0,0,0,2.69,2.69,2.69,1,NA,NA,"","NAFDAC Market Survey Sample 2013"
"BA651M-2",2013,"SS","Bauchi",10.729,9.9912,0,0,0,0,13.93,4.64333333333333,0,3,"BA652M-2: 10.729, 9.991; BA653M-2: 10.729, 9.991","BA652M-2: B1=0,B2=0,G1=0,G2=0; BA653M-2: B1=13.93,B2=0,G1=0,G2=0","","NAFDAC Market Survey Sample 2013"
"KD416M-2",2013,"NGS","Kaduna",10.806,7.7152,0,0,0,0,0.98,0.49,0.49,2,"KD417M-2: 10.806, 7.715","KD417M-2: B1=0.98,B2=0,G1=0,G2=0","","NAFDAC Market Survey Sample 2013"
"KB755M-2",2013,"NGS","Niger",10.9925,4.5212,1.21,0,0,0,20.16,7.12333333333333,1.21,3,"KB772M-2: 10.992, 4.521; KB775M-2: 10.992, 4.521","KB772M-2: B1=0,B2=0,G1=0,G2=0; KB775M-2: B1=13.75,B2=6.41,G1=0,G2=0","","NAFDAC Market Survey Sample 2013"
"BR1122M-2",2013,"SS","Borno",11.0897,13.6884,2.33,0,0,0,2.33,2.33,2.33,1,NA,NA,"","NAFDAC Market Survey Sample 2013"
"BA642M-2",2013,"SS","Bauchi",11.0716,9.5729,0,0,0,0,0,0,0,3,"BA643M-2: 11.072, 9.573; BA644M-2: 11.072, 9.573","BA643M-2: B1=0,B2=0,G1=0,G2=0; BA644M-2: B1=0,B2=0,G1=0,G2=0","","NAFDAC Market Survey Sample 2013"
"BR1124M-2",2013,"SS","Borno",11.1561,12.7566,1.49,0,0,0,5.61,2.36666666666667,1.49,3,"BR1125M-2: 11.156, 12.757; BR1134M-2: 11.156, 12.757","BR1125M-2: B1=0,B2=0,G1=0,G2=0; BR1134M-2: B1=5.61,B2=0,G1=0,G2=0","","NAFDAC Market Survey Sample 2013"
"KD395M-2",2013,"NGS","Kaduna",11.1766,7.6765,2.6,0,0,0,15.48,9.04,9.04,2,"KD396M-2: 11.177, 7.676","KD396M-2: B1=15.48,B2=0,G1=0,G2=0","","NAFDAC Market Survey Sample 2013"
"KD428M-2",2013,"NGS","Kaduna",11.1047,7.7207,2.32,0,0,0,76.38,34.305,29.26,4,"KD429M-2: 11.105, 7.721; KD430M-2: 11.105, 7.721; KD432M-2: 11.123, 7.732","KD429M-2: B1=16.02,B2=0,G1=30.66,G2=4.53; KD430M-2: B1=7.31,B2=0,G1=0,G2=0; KD432M-2: B1=47.28,B2=6.36,G1=16.23,G2=6.51","","NAFDAC Market Survey Sample 2013"
"KB770M-2",2013,"NGS","Kebbi",11.2131,4.5792,0,0,0,0,57.11,19.0366666666667,0,3,"KB782M-2: 11.213, 4.579; KB786M-2: 11.213, 4.579","KB782M-2: B1=0,B2=0,G1=0,G2=0; KB786M-2: B1=39.11,B2=18.01,G1=0,G2=0","","NAFDAC Market Survey Sample 2013"
"KD420M-2",2013,"NGS","Kaduna",11.1788,8.2268,2.21,0,0,0,2.28,2.245,2.245,2,"KD421M-2: 11.179, 8.227","KD421M-2: B1=2.28,B2=0,G1=0,G2=0","","NAFDAC Market Survey Sample 2013"
"BA657M-2",2013,"SS","Bauchi",11.1805,9.7539,0,0,0,0,0,0,0,3,"BA658M-2: 11.181, 9.754; BA659M-2: 11.181, 9.754","BA658M-2: B1=0,B2=0,G1=0,G2=0; BA659M-2: B1=0,B2=0,G1=0,G2=0","","NAFDAC Market Survey Sample 2013"
"BA672M-2",2013,"SS","Bauchi",11.314,10.4652,9.28,1.09,0,0,10.37,5.86,3.66,3,"BA673M-2: 11.314, 10.465; BA674M-2: 11.314, 10.465","BA673M-2: B1=3.66,B2=0,G1=0,G2=0; BA674M-2: B1=3.55,B2=0,G1=0,G2=0","","NAFDAC Market Survey Sample 2013"
"KD397M-2",2013,"NGS","Kaduna",11.2802,7.4179,3.18,0,0,0,3.18,2.585,2.585,2,"KD398M-2: 11.28, 7.418","KD398M-2: B1=1.99,B2=0,G1=0,G2=0","","NAFDAC Market Survey Sample 2013"
"KD413M-2",2013,"NGS","Kaduna",11.2643,7.7634,2.07,0,0,0,4.9,2.78,2.07,3,"KD414M-2: 11.264, 7.763; KD415M-2: 11.264, 7.763","KD414M-2: B1=1.37,B2=0,G1=0,G2=0; KD415M-2: B1=4.9,B2=0,G1=0,G2=0","","NAFDAC Market Survey Sample 2013"
"BA666M-2",2013,"SS","Bauchi",11.3882,10.1973,0,0,0,0,5.14,2.61666666666667,2.71,3,"BA667M-2: 11.388, 10.197; BA668M-2: 11.388, 10.197","BA667M-2: B1=2.71,B2=0,G1=0,G2=0; BA668M-2: B1=5.14,B2=0,G1=0,G2=0","","NAFDAC Market Survey Sample 2013"
"KB760M-2",2013,"NGS","Kebbi",11.4008,4.2256,0.97,0,0,0,2.69,1.22,0.97,3,"KB766M-2: 11.401, 4.226; KB780M-2: 11.401, 4.226","KB766M-2: B1=2.69,B2=0,G1=0,G2=0; KB780M-2: B1=0,B2=0,G1=0,G2=0","","NAFDAC Market Survey Sample 2013"
"BA669M-2",2013,"SS","Bauchi",11.4615,10.0457,25.89,0,0,0,25.89,13.0933333333333,10.81,3,"BA670M-2: 11.461, 10.046; BA671M-2: 11.461, 10.046","BA670M-2: B1=2.58,B2=0,G1=0,G2=0; BA671M-2: B1=10.81,B2=0,G1=0,G2=0","","NAFDAC Market Survey Sample 2013"
"KB763M-2",2013,"NGS","Kebbi",11.4384,5.2319,0,0,0,0,0,0,0,3,"KB777M-2: 11.438, 5.232; KB788M-2: 11.438, 5.232","KB777M-2: B1=0,B2=0,G1=0,G2=0; KB788M-2: B1=0,B2=0,G1=0,G2=0","","NAFDAC Market Survey Sample 2013"
"BR1098M-2",2013,"SS","Borno",11.5218,13.6884,3.81,0,0,0,3.81,3.81,3.81,1,NA,NA,"","NAFDAC Market Survey Sample 2013"
"KB756M-2",2013,"NGS","Kebbi",11.5108,5.1035,0,0,0,0,0,0,0,3,"KB764M-2: 11.511, 5.104; KB767M-2: 11.511, 5.104","KB764M-2: B1=0,B2=0,G1=0,G2=0; KB767M-2: B1=0,B2=0,G1=0,G2=0","","NAFDAC Market Survey Sample 2013"
"BR1095M-2",2013,"SS","Borno",11.6549,13.4197,2.62,0,0,0,79.17,40.895,40.895,2,"BR1123M-2: 11.655, 13.42","BR1123M-2: B1=74.64,B2=4.53,G1=0,G2=0","","NAFDAC Market Survey Sample 2013"
"BA636M-2",2013,"SS","Bauchi",11.6795,10.707,152.57,6.21,0,0,158.78,52.9266666666667,0,3,"BA637M-2: 11.68, 10.707; BA638M-2: 11.68, 10.707","BA637M-2: B1=0,B2=0,G1=0,G2=0; BA638M-2: B1=0,B2=0,G1=0,G2=0","","NAFDAC Market Survey Sample 2013"
"BA645M-2",2013,"SS","Bauchi",11.6697,9.9283,0,0,0,0,136.61,45.5366666666667,0,3,"BA646M-2: 11.67, 9.928; BA647M-2: 11.67, 9.928","BA646M-2: B1=0,B2=0,G1=0,G2=0; BA647M-2: B1=132.05,B2=4.57,G1=0,G2=0","","NAFDAC Market Survey Sample 2013"
"BR1099M-2",2013,"SS","Borno",11.8372,13.1542,7.73,0,0,0,63.04,6.888,3.08,25,"BR1100M-2: 11.837, 13.154; BR1101M-2: 11.837, 13.154; BR1102M-2: 11.837, 13.154; BR1103M-2: 11.837, 13.154; BR1104M-2: 11.837, 13.154; BR1105M-2: 11.837, 13.154; BR1106M-2: 11.837, 13.154; BR1107M-2: 11.837, 13.154; BR1108M-2: 11.837, 13.154; BR1109M-2: 11.837, 13.154; BR1110M-2: 11.837, 13.154; BR1111M-2: 11.837, 13.154; BR1112M-2: 11.837, 13.154; BR1113M-2: 11.837, 13.154; BR1114M-2: 11.837, 13.154; BR1115M-2: 11.837, 13.154; BR1116M-2: 11.837, 13.154; BR1117M-2: 11.837, 13.154; BR1118M-2: 11.837, 13.154; BR1119M-2: 11.837, 13.154; BR1120M-2: 11.837, 13.154; BR1121M-2: 11.837, 13.154; BR1135M-2: 11.885, 13.152; BR1136M-2: 11.885, 13.152","BR1100M-2: B1=27.46,B2=1.11,G1=0,G2=0; BR1101M-2: B1=2.79,B2=0,G1=0,G2=0; BR1102M-2: B1=0,B2=0,G1=0,G2=0; BR1103M-2: B1=13.13,B2=0.68,G1=0,G2=0; BR1104M-2: B1=3.08,B2=0,G1=0,G2=0; BR1105M-2: B1=1.09,B2=0,G1=0,G2=0; BR1106M-2: B1=0,B2=0,G1=0,G2=0; BR1107M-2: B1=1.63,B2=0,G1=0,G2=0; BR1108M-2: B1=3.66,B2=0,G1=0,G2=0; BR1109M-2: B1=1.41,B2=0,G1=0,G2=0; BR1110M-2: B1=4.94,B2=0,G1=0,G2=0; BR1111M-2: B1=10.19,B2=0,G1=0,G2=0; BR1112M-2: B1=5.41,B2=0,G1=0,G2=0; BR1113M-2: B1=1.56,B2=0,G1=0,G2=0; BR1114M-2: B1=3.28,B2=0,G1=0,G2=0; BR1115M-2: B1=1.85,B2=0,G1=0,G2=0; BR1116M-2: B1=4.04,B2=0,G1=0,G2=0; BR1117M-2: B1=3.16,B2=0,G1=0,G2=0; BR1118M-2: B1=2.71,B2=0,G1=0,G2=0; BR1119M-2: B1=2.22,B2=0,G1=0,G2=0; BR1120M-2: B1=59,B2=4.04,G1=0,G2=0; BR1121M-2: B1=1.26,B2=0,G1=0,G2=0; BR1135M-2: B1=1.16,B2=0,G1=0,G2=0; BR1136M-2: B1=3.62,B2=0,G1=0,G2=0","","NAFDAC Market Survey Sample 2013"
"KB759M-2",2013,"SS","Kebbi",11.8514,3.6547,3.31,0,0,0,34.14,13.9966666666667,4.54,3,"KB769M-2: 11.851, 3.655; KB795M-2: 11.851, 3.655","KB769M-2: B1=22.03,B2=8.81,G1=3.3,G2=0; KB795M-2: B1=4.54,B2=0,G1=0,G2=0","","NAFDAC Market Survey Sample 2013"
"BA675M-2",2013,"SS","Bauchi",11.9343,10.1255,2.87,0,0,0,24.05,11.0366666666667,6.19,3,"BA676M-2: 11.934, 10.126; BA677M-2: 11.934, 10.126","BA676M-2: B1=22.4,B2=1.65,G1=0,G2=0; BA677M-2: B1=6.19,B2=0,G1=0,G2=0","","NAFDAC Market Survey Sample 2013"
"BR1129M-2",2013,"SS","Borno",11.924,13.5987,2.69,0,0,0,2.69,2.69,2.69,1,NA,NA,"","NAFDAC Market Survey Sample 2013"
"KB773M-2",2013,"SS","Kebbi",11.9253,4.1834,0,0,0,0,1.97,0.656666666666667,0,3,"KB792M-2: 11.925, 4.183; KB793M-2: 11.925, 4.183","KB792M-2: B1=1.97,B2=0,G1=0,G2=0; KB793M-2: B1=0,B2=0,G1=0,G2=0","","NAFDAC Market Survey Sample 2013"
"BR1127M-2",2013,"SS","Borno",12.042,13.9173,11.66,0,0,0,11.66,6.695,6.695,2,"BR1131M-2: 12.042, 13.917","BR1131M-2: B1=1.73,B2=0,G1=0,G2=0","","NAFDAC Market Survey Sample 2013"
"KN1003M-2",2013,"SS","Kano",12.0022,8.592,0,0,0,0,22.31,1.76622222222222,0,45,"KN1004M-2: 12.002, 8.592; KN1005M-2: 12.002, 8.592; KN1006M-2: 12.002, 8.592; KN1007M-2: 12.002, 8.592; KN1008M-2: 12.002, 8.592; KN1009M-2: 12.002, 8.592; KN1010M-2: 12.002, 8.592; KN1011M-2: 12.002, 8.592; KN1012M-2: 12.002, 8.592; KN1013M-2: 12.002, 8.592; KN1014M-2: 12.002, 8.592; KN1015M-2: 12.002, 8.592; KN1016M-2: 12.002, 8.592; KN1017M-2: 12.002, 8.592; KN1018M-2: 12.002, 8.592; KN1019M-2: 12.002, 8.592; KN1020M-2: 12.002, 8.592; KN1021M-2: 12.002, 8.592; KN1022M-2: 12.002, 8.592; KN1023M-2: 12.002, 8.592; KN1024M-2: 12.002, 8.592; KN1025M-2: 12.002, 8.592; KN1026M-2: 12.002, 8.592; KN1027M-2: 12.002, 8.592; KN1028M-2: 12.002, 8.592; KN1029M-2: 12.002, 8.592; KN1030M-2: 12.002, 8.592; KN1031M-2: 12.002, 8.592; KN1032M-2: 12.002, 8.592; KN1033M-2: 12.002, 8.592; KN1034M-2: 12.002, 8.592; KN1035M-2: 12.002, 8.592; KN1036M-2: 12.002, 8.592; KN1037M-2: 12.002, 8.592; KN1038M-2: 12.002, 8.592; KN1039M-2: 12.002, 8.592; KN1040M-2: 12.002, 8.592; KN1041M-2: 12.002, 8.592; KN1042M-2: 12.002, 8.592; KN1043M-2: 12.002, 8.592; KN1044M-2: 12.002, 8.592; KN1045M-2: 12.002, 8.592; KN1046M-2: 12.002, 8.592; KN1047M-2: 12.002, 8.592","KN1004M-2: B1=15.9,B2=6.41,G1=0,G2=0; KN1005M-2: B1=0.4,B2=0,G1=0,G2=0; KN1006M-2: B1=0.54,B2=0,G1=0,G2=0; KN1007M-2: B1=0,B2=0,G1=0,G2=0; KN1008M-2: B1=4.62,B2=1.8,G1=0,G2=0; KN1009M-2: B1=0,B2=0,G1=0,G2=0; KN1010M-2: B1=0,B2=0,G1=0,G2=0; KN1011M-2: B1=0,B2=0,G1=0,G2=0; KN1012M-2: B1=0.47,B2=0,G1=0,G2=0; KN1013M-2: B1=0,B2=0,G1=0,G2=0; KN1014M-2: B1=0,B2=0,G1=0,G2=0; KN1015M-2: B1=0,B2=0,G1=0,G2=0; KN1016M-2: B1=0,B2=0,G1=0,G2=0; KN1017M-2: B1=0,B2=0,G1=0,G2=0; KN1018M-2: B1=0,B2=0,G1=0,G2=0; KN1019M-2: B1=4.47,B2=1.52,G1=0,G2=0; KN1020M-2: B1=0,B2=0,G1=0,G2=0; KN1021M-2: B1=0,B2=0,G1=0,G2=0; KN1022M-2: B1=0,B2=0,G1=0,G2=0; KN1023M-2: B1=3.55,B2=1,G1=0,G2=0; KN1024M-2: B1=0,B2=0,G1=0,G2=0; KN1025M-2: B1=0.4,B2=0,G1=0,G2=0; KN1026M-2: B1=0,B2=0,G1=0,G2=0; KN1027M-2: B1=0,B2=0,G1=0,G2=0; KN1028M-2: B1=0.62,B2=0,G1=0,G2=0; KN1029M-2: B1=0,B2=0,G1=0,G2=0; KN1030M-2: B1=0.77,B2=0,G1=0,G2=0; KN1031M-2: B1=0,B2=0,G1=0,G2=0; KN1032M-2: B1=0,B2=0,G1=0,G2=0; KN1033M-2: B1=0,B2=0,G1=0,G2=0; KN1034M-2: B1=5.71,B2=2.05,G1=0,G2=0; KN1035M-2: B1=0,B2=0,G1=0,G2=0; KN1036M-2: B1=0,B2=0,G1=0,G2=0; KN1037M-2: B1=0.38,B2=0,G1=0,G2=0; KN1038M-2: B1=0.95,B2=0,G1=0,G2=0; KN1039M-2: B1=0,B2=0,G1=0,G2=0; KN1040M-2: B1=0.57,B2=0,G1=0,G2=0; KN1041M-2: B1=3.77,B2=1.6,G1=0,G2=0; KN1042M-2: B1=3.21,B2=0,G1=0,G2=0; KN1043M-2: B1=5.56,B2=1.72,G1=0,G2=0; KN1044M-2: B1=7.9,B2=2.46,G1=0,G2=0; KN1045M-2: B1=0,B2=0,G1=0,G2=0; KN1046M-2: B1=0.61,B2=0,G1=0,G2=0; KN1047M-2: B1=0.54,B2=0,G1=0,G2=0","","NAFDAC Market Survey Sample 2013"
"BR1097M-2",2013,"SS","Borno",12.0825,14.4672,2.18,0,0,0,4.06,3.12,3.12,2,"BR1126M-2: 12.082, 14.467","BR1126M-2: B1=4.06,B2=0,G1=0,G2=0","","NAFDAC Market Survey Sample 2013"
"KB758M-2",2013,"SS","Kebbi",12.0916,4.0108,2.56,0,0,0,2.56,1.28,1.28,2,"KB768M-2: 12.092, 4.011","KB768M-2: B1=0,B2=0,G1=0,G2=0","","NAFDAC Market Survey Sample 2013"
"KB753M-2",2013,"SS","Kebbi",12.2258,4.3822,3.56,0,0,0,3.56,1.18666666666667,0,3,"KB757M-2: 12.226, 4.382; KB771M-2: 12.226, 4.382","KB757M-2: B1=0,B2=0,G1=0,G2=0; KB771M-2: B1=0,B2=0,G1=0,G2=0","","NAFDAC Market Survey Sample 2013"
"BA654M-2",2013,"SS","Bauchi",12.2857,10.3484,0,0,0,0,0,0,0,3,"BA655M-2: 12.286, 10.348; BA656M-2: 12.286, 10.348","BA655M-2: B1=0,B2=0,G1=0,G2=0; BA656M-2: B1=0,B2=0,G1=0,G2=0","","NAFDAC Market Survey Sample 2013"
"KB761M-2",2013,"SS","Kebbi",12.2885,4.4735,0,0,0,0,10.61,3.53666666666667,0,3,"KB765M-2: 12.289, 4.473; KB789M-2: 12.289, 4.473","KB765M-2: B1=10.61,B2=0,G1=0,G2=0; KB789M-2: B1=0,B2=0,G1=0,G2=0","","NAFDAC Market Survey Sample 2013"
"KB779M-2",2013,"SS","Kebbi",12.3342,4.2,2.54,0,0,0,2.54,1.27,1.27,2,"KB781M-2: 12.334, 4.2","KB781M-2: B1=0,B2=0,G1=0,G2=0","","NAFDAC Market Survey Sample 2013"
"KB762M-2",2013,"SS","Kebbi",12.4376,4.2078,0,0,0,0,3.61,1.99666666666667,2.38,3,"KB778M-2: 12.438, 4.208; KB794M-2: 12.438, 4.208","KB778M-2: B1=2.38,B2=0,G1=0,G2=0; KB794M-2: B1=3.61,B2=0,G1=0,G2=0","","NAFDAC Market Survey Sample 2013"
"KB774M-2",2013,"SS","Kebbi",12.5378,3.774,2.86,2.79,0,0,5.65,1.88333333333333,0,3,"KB785M-2: 12.538, 3.774; KB787M-2: 12.538, 3.774","KB785M-2: B1=0,B2=0,G1=0,G2=0; KB787M-2: B1=0,B2=0,G1=0,G2=0","","NAFDAC Market Survey Sample 2013"
"BR1093M-2",2013,"SH","Borno",12.5736,13.0818,0,0,0,0,0,0,0,1,NA,NA,"","NAFDAC Market Survey Sample 2013"
"BR1132M-2",2013,"SH","Borno",12.6729,13.616,1.25,0,0,0,2.15,1.7,1.7,2,"BR1133M-2: 12.673, 13.616","BR1133M-2: B1=2.15,B2=0,G1=0,G2=0","","NAFDAC Market Survey Sample 2013"
"KB754M-2",2013,"SS","Kebbi",12.7495,4.5367,0,0,0,0,0,0,0,3,"KB776M-2: 12.749, 4.537; KB790M-2: 12.749, 4.537","KB776M-2: B1=0,B2=0,G1=0,G2=0; KB790M-2: B1=0,B2=0,G1=0,G2=0","","NAFDAC Market Survey Sample 2013"
"KT1182M-2",2013,"SS","Katsina",12.9816,7.6223,0,0,0,0,76.64,6.61333333333333,4.66,45,"KT1183M-2: 12.982, 7.622; KT1184M-2: 12.982, 7.622; KT1185M-2: 12.982, 7.622; KT1186M-2: 12.982, 7.622; KT1187M-2: 12.982, 7.622; KT1188M-2: 12.982, 7.622; KT1189M-2: 12.982, 7.622; KT1190M-2: 12.982, 7.622; KT1191M-2: 12.982, 7.622; KT1192M-2: 12.982, 7.622; KT1193M-2: 12.982, 7.622; KT1194M-2: 12.982, 7.622; KT1195M-2: 12.982, 7.622; KT1196M-2: 12.982, 7.622; KT1197M-2: 12.982, 7.622; KT1198M-2: 12.982, 7.622; KT1199M-2: 12.982, 7.622; KT1200M-2: 12.982, 7.622; KT1201M-2: 12.982, 7.622; KT1202M-2: 12.982, 7.622; KT1203M-2: 12.982, 7.622; KT1204M-2: 12.982, 7.622; KT1205M-2: 12.982, 7.622; KT1206M-2: 12.982, 7.622; KT1207M-2: 12.982, 7.622; KT1208M-2: 12.982, 7.622; KT1209M-2: 12.982, 7.622; KT1210M-2: 12.982, 7.622; KT1211M-2: 12.982, 7.622; KT1212M-2: 12.982, 7.622; KT1213M-2: 12.982, 7.622; KT1214M-2: 12.982, 7.622; KT1215M-2: 12.982, 7.622; KT1216M-2: 12.982, 7.622; KT1217M-2: 12.982, 7.622; KT1218M-2: 12.982, 7.622; KT1219M-2: 12.982, 7.622; KT1220M-2: 12.982, 7.622; KT1221M-2: 12.982, 7.622; KT1222M-2: 12.982, 7.622; KT1223M-2: 12.982, 7.622; KT1224M-2: 12.982, 7.622; KT1225M-2: 12.982, 7.622; KT1226M-2: 12.982, 7.622","KT1183M-2: B1=0,B2=0,G1=0,G2=0; KT1184M-2: B1=13.83,B2=0.76,G1=0,G2=0; KT1185M-2: B1=0,B2=0,G1=0,G2=0; KT1186M-2: B1=0,B2=0,G1=0,G2=0; KT1187M-2: B1=9.39,B2=0.87,G1=0,G2=0; KT1188M-2: B1=0,B2=0,G1=0,G2=0; KT1189M-2: B1=7.46,B2=0,G1=0,G2=0; KT1190M-2: B1=0,B2=0,G1=0,G2=0; KT1191M-2: B1=0,B2=0,G1=0,G2=0; KT1192M-2: B1=0,B2=0,G1=0,G2=0; KT1193M-2: B1=0,B2=0,G1=0,G2=0; KT1194M-2: B1=0,B2=0,G1=0,G2=0; KT1195M-2: B1=8.9,B2=0,G1=0,G2=0; KT1196M-2: B1=0,B2=0,G1=0,G2=0; KT1197M-2: B1=13.98,B2=0,G1=0,G2=0; KT1198M-2: B1=12.02,B2=0,G1=0,G2=0; KT1199M-2: B1=5.46,B2=0,G1=0,G2=0; KT1200M-2: B1=4.6,B2=0,G1=0,G2=0; KT1201M-2: B1=4.54,B2=0,G1=0,G2=0; KT1202M-2: B1=13.36,B2=0,G1=0,G2=0; KT1203M-2: B1=4.08,B2=0,G1=0,G2=0; KT1204M-2: B1=6.19,B2=0,G1=0,G2=0; KT1205M-2: B1=5.64,B2=0,G1=0,G2=0; KT1206M-2: B1=9.45,B2=0,G1=0,G2=0; KT1207M-2: B1=6.72,B2=0,G1=0,G2=0; KT1208M-2: B1=7.31,B2=0,G1=0,G2=0; KT1209M-2: B1=6.02,B2=0,G1=0,G2=0; KT1210M-2: B1=6.25,B2=0,G1=0,G2=0; KT1211M-2: B1=6.61,B2=0,G1=0,G2=0; KT1212M-2: B1=8.62,B2=0,G1=0,G2=0; KT1213M-2: B1=7.55,B2=0,G1=0,G2=0; KT1214M-2: B1=4.66,B2=0,G1=0,G2=0; KT1215M-2: B1=0,B2=0,G1=0,G2=0; KT1216M-2: B1=0,B2=0,G1=0,G2=0; KT1217M-2: B1=0,B2=0,G1=0,G2=0; KT1218M-2: B1=0,B2=0,G1=0,G2=0; KT1219M-2: B1=28.23,B2=0,G1=0,G2=0; KT1220M-2: B1=0,B2=0,G1=0,G2=0; KT1221M-2: B1=0,B2=0,G1=0,G2=0; KT1222M-2: B1=7.61,B2=0,G1=0,G2=0; KT1223M-2: B1=0,B2=0,G1=0,G2=0; KT1224M-2: B1=0,B2=0,G1=0,G2=0; KT1225M-2: B1=65.68,B2=10.96,G1=0,G2=0; KT1226M-2: B1=10.85,B2=0,G1=0,G2=0","","NAFDAC Market Survey Sample 2013"
"BR1092M-2",2013,"SH","Borno",13.6182,13.2649,7.8,0,0,0,7.8,7.8,7.8,1,NA,NA,"","NAFDAC Market Survey Sample 2013"
"RV1306M-2",2013,"HF","Rivers",4.4295,7.1952,16.38,0,0,0,28.29,15.0633333333333,16.38,3,"RV1307M-2: 4.43, 7.195; RV1308M-2: 4.43, 7.195","RV1307M-2: B1=8.36,B2=2.5,G1=13.97,G2=3.46; RV1308M-2: B1=0.52,B2=0,G1=0,G2=0","","NAFDAC Market Survey Sample 2013"
"RV1316M-2",2013,"HF","Bayelsa",4.6138,6.6638,0,0,0,0,0,0,0,2,"RV1317M-2: 4.614, 6.664","RV1317M-2: B1=0,B2=0,G1=0,G2=0","","NAFDAC Market Survey Sample 2013"
"RV1294M-2",2013,"HF","Rivers",4.6692,7.2869,0,0,0,0,0,0,0,3,"RV1295M-2: 4.669, 7.287; RV1296M-2: 4.669, 7.287","RV1295M-2: B1=0,B2=0,G1=0,G2=0; RV1296M-2: B1=0,B2=0,G1=0,G2=0","","NAFDAC Market Survey Sample 2013"
"RV1297M-2",2013,"HF","Rivers",4.6476,7.3949,0.53,0,0,0,0.53,0.176666666666667,0,3,"RV1298M-2: 4.648, 7.395; RV1299M-2: 4.648, 7.395","RV1298M-2: B1=0,B2=0,G1=0,G2=0; RV1299M-2: B1=0,B2=0,G1=0,G2=0","","NAFDAC Market Survey Sample 2013"
"RV1303M-2",2013,"HF","Rivers",4.7456,6.8458,2.47,0,0,0,2.47,1.15666666666667,1,3,"RV1304M-2: 4.746, 6.846; RV1305M-2: 4.746, 6.846","RV1304M-2: B1=0,B2=0,G1=0,G2=0; RV1305M-2: B1=1,B2=0,G1=0,G2=0","","NAFDAC Market Survey Sample 2013"
"RV1279M-2",2013,"HF","Rivers",4.7694,7.0174,0,0,0,0,0,0,0,3,"RV1280M-2: 4.769, 7.017; RV1281M-2: 4.769, 7.017","RV1280M-2: B1=0,B2=0,G1=0,G2=0; RV1281M-2: B1=0,B2=0,G1=0,G2=0","","NAFDAC Market Survey Sample 2013"
"RV1288M-2",2013,"HF","Rivers",4.7518,7.2437,1.64,0,0,0,1.64,0.546666666666667,0,3,"RV1289M-2: 4.752, 7.244; RV1290M-2: 4.752, 7.244","RV1289M-2: B1=0,B2=0,G1=0,G2=0; RV1290M-2: B1=0,B2=0,G1=0,G2=0","","NAFDAC Market Survey Sample 2013"
"RV1300M-2",2013,"HF","Rivers",4.7994,7.1198,0,0,0,0,0,0,0,1,NA,NA,"","NAFDAC Market Survey Sample 2013"
"RV1282M-2",2013,"HF","Rivers",4.8851,6.8612,0,0,0,0,0,0,0,3,"RV1283M-2: 4.885, 6.861; RV1284M-2: 4.885, 6.861","RV1283M-2: B1=0,B2=0,G1=0,G2=0; RV1284M-2: B1=0,B2=0,G1=0,G2=0","","NAFDAC Market Survey Sample 2013"
"RV1276M-2",2013,"HF","Rivers",4.8776,7.0283,0,0,0,0,0,0,0,3,"RV1277M-2: 4.878, 7.028; RV1278M-2: 4.878, 7.028","RV1277M-2: B1=0,B2=0,G1=0,G2=0; RV1278M-2: B1=0,B2=0,G1=0,G2=0","","NAFDAC Market Survey Sample 2013"
"RV1291M-2",2013,"HF","Rivers",4.8812,7.1326,0,0,0,0,0,0,0,3,"RV1292M-2: 4.881, 7.133; RV1293M-2: 4.881, 7.133","RV1292M-2: B1=0,B2=0,G1=0,G2=0; RV1293M-2: B1=0,B2=0,G1=0,G2=0","","NAFDAC Market Survey Sample 2013"
"RV1309M-2",2013,"HF","Rivers",5.0468,6.6424,0,0,0,0,0.96,0.32,0,3,"RV1310M-2: 5.047, 6.642; RV1311M-2: 5.047, 6.642","RV1310M-2: B1=0.96,B2=0,G1=0,G2=0; RV1311M-2: B1=0,B2=0,G1=0,G2=0","","NAFDAC Market Survey Sample 2013"
"RV1273M-2",2013,"HF","Rivers",5.1478,6.878,0,0,0,0,0,0,0,3,"RV1274M-2: 5.148, 6.878; RV1275M-2: 5.148, 6.878","RV1274M-2: B1=0,B2=0,G1=0,G2=0; RV1275M-2: B1=0,B2=0,G1=0,G2=0","","NAFDAC Market Survey Sample 2013"
"RV1285M-2",2013,"HF","Rivers",5.1231,7.2437,1.97,0,0,0,1.97,1.00333333333333,1.04,3,"RV1286M-2: 5.123, 7.244; RV1287M-2: 5.123, 7.244","RV1286M-2: B1=1.04,B2=0,G1=0,G2=0; RV1287M-2: B1=0,B2=0,G1=0,G2=0","","NAFDAC Market Survey Sample 2013"
"RV1312M-2",2013,"HF","Rivers",5.3417,6.6556,0,0,0,0,5.34,1.885,1.1,4,"RV1313M-2: 5.342, 6.656; RV1314M-2: 5.342, 6.656; RV1315M-2: 5.342, 6.656","RV1313M-2: B1=0,B2=0,G1=0,G2=0; RV1314M-2: B1=2.2,B2=0,G1=0,G2=0; RV1315M-2: B1=2.8,B2=0,G1=2.54,G2=0","","NAFDAC Market Survey Sample 2013"
"DT1402M-2",2013,"HF","Delta",5.4043,6.1951,0,0,0,0,50.13,31.49,44.34,3,"DT1403M-2: 5.404, 6.195; DT1404M-2: 5.404, 6.195","DT1403M-2: B1=33.82,B2=16.31,G1=0,G2=0; DT1404M-2: B1=28.94,B2=15.4,G1=0,G2=0","","NAFDAC Market Survey Sample 2013"
"IM278M-2",2013,"HF","Imo",5.4166,6.9853,0,0,0,0,0,0,0,2,"IM279M-2: 5.417, 6.985","IM279M-2: B1=0,B2=0,G1=0,G2=0","","NAFDAC Market Survey Sample 2013"
"DT1388M-2",2013,"HF","Delta",5.4704,5.8354,0,0,0,0,0,0,0,2,"DT1389M-2: 5.47, 5.835","DT1389M-2: B1=0,B2=0,G1=0,G2=0","","NAFDAC Market Survey Sample 2013"
"IM283M-2",2013,"HF","Imo",5.4682,7.0176,0,0,0,0,0,0,0,3,"IM284M-2: 5.468, 7.018; IM285M-2: 5.468, 7.018","IM284M-2: B1=0,B2=0,G1=0,G2=0; IM285M-2: B1=0,B2=0,G1=0,G2=0","","NAFDAC Market Survey Sample 2013"
"IM271M-2",2013,"HF","Imo",5.4567,7.1144,0,0,0,0,0,0,0,3,"IM272M-2: 5.457, 7.114; IM273M-2: 5.457, 7.114","IM272M-2: B1=0,B2=0,G1=0,G2=0; IM273M-2: B1=0,B2=0,G1=0,G2=0","","NAFDAC Market Survey Sample 2013"
"IM280M-2",2013,"HF","Imo",5.4501,7.2334,0,0,0,0,0,0,0,2,"IM281M-2: 5.45, 7.233","IM281M-2: B1=0,B2=0,G1=0,G2=0","","NAFDAC Market Survey Sample 2013"
"DT1399M-2",2013,"HF","Delta",5.5787,5.4359,0,0,0,0,2.31,0.77,0,3,"DT1400M-2: 5.579, 5.436; DT1401M-2: 5.579, 5.436","DT1400M-2: B1=0,B2=0,G1=0,G2=0; DT1401M-2: B1=2.31,B2=0,G1=0,G2=0","","NAFDAC Market Survey Sample 2013"
"DT1384M-2",2013,"HF","Delta",5.565,5.7827,1.14,0,0,0,1.14,0.38,0,3,"DT1385M-2: 5.565, 5.783; DT1386M-2: 5.565, 5.783","DT1385M-2: B1=0,B2=0,G1=0,G2=0; DT1386M-2: B1=0,B2=0,G1=0,G2=0","","NAFDAC Market Survey Sample 2013"
"IM274M-2",2013,"HF","Imo",5.5812,7.1575,0,0,0,0,0,0,0,3,"IM275M-2: 5.581, 7.157; IM276M-2: 5.581, 7.157","IM275M-2: B1=0,B2=0,G1=0,G2=0; IM276M-2: B1=0,B2=0,G1=0,G2=0","","NAFDAC Market Survey Sample 2013"
"DT1396M-2",2013,"HF","Delta",5.6609,5.6037,2.16,0,0,0,2.16,0.72,0,3,"DT1397M-2: 5.661, 5.604; DT1398M-2: 5.661, 5.604","DT1397M-2: B1=0,B2=0,G1=0,G2=0; DT1398M-2: B1=0,B2=0,G1=0,G2=0","","NAFDAC Market Survey Sample 2013"
"DT1405M-2",2013,"HF","Delta",5.5919,6.2164,0,0,0,0,0,0,0,3,"DT1406M-2: 5.592, 6.216; DT1407M-2: 5.592, 6.216","DT1406M-2: B1=0,B2=0,G1=0,G2=0; DT1407M-2: B1=0,B2=0,G1=0,G2=0","","NAFDAC Market Survey Sample 2013"
"IM302M-2",2013,"HF","Imo",5.6673,6.9424,0,0,0,0,5.72,2.86,2.86,2,"IM303M-2: 5.667, 6.942","IM303M-2: B1=5.72,B2=0,G1=0,G2=0","","NAFDAC Market Survey Sample 2013"
"IM286M-2",2013,"HF","Imo",5.6154,7.3463,0,0,0,0,0,0,0,4,"IM287M-2: 5.615, 7.346; IM295M-2: 5.665, 7.306; IM296M-2: 5.665, 7.306","IM287M-2: B1=0,B2=0,G1=0,G2=0; IM295M-2: B1=0,B2=0,G1=0,G2=0; IM296M-2: B1=0,B2=0,G1=0,G2=0","","NAFDAC Market Survey Sample 2013"
"DT1390M-2",2013,"HF","Delta",5.6782,5.9621,0,0,0,0,0,0,0,3,"DT1391M-2: 5.678, 5.962; DT1392M-2: 5.678, 5.962","DT1391M-2: B1=0,B2=0,G1=0,G2=0; DT1392M-2: B1=0,B2=0,G1=0,G2=0","","NAFDAC Market Survey Sample 2013"
"IM311M-2",2013,"HF","Imo",5.7213,6.8281,0,0,0,0,0,0,0,2,"IM312M-2: 5.721, 6.828","IM312M-2: B1=0,B2=0,G1=0,G2=0","","NAFDAC Market Survey Sample 2013"
"IM314M-2",2013,"HF","Imo",5.6981,6.9961,0,0,0,0,0.48,0.24,0.24,2,"IM315M-2: 5.698, 6.996","IM315M-2: B1=0.48,B2=0,G1=0,G2=0","","NAFDAC Market Survey Sample 2013"
"IM289M-2",2013,"HF","Imo",5.7788,7.2329,0,0,0,0,0,0,0,2,"IM290M-2: 5.779, 7.233","IM290M-2: B1=0,B2=0,G1=0,G2=0","","NAFDAC Market Survey Sample 2013"
"DT1381M-2",2013,"HF","Delta",5.8751,5.6931,0,0,0,0,9.41,3.13666666666667,0,3,"DT1382M-2: 5.875, 5.693; DT1383M-2: 5.875, 5.693","DT1382M-2: B1=6.93,B2=2.48,G1=0,G2=0; DT1383M-2: B1=0,B2=0,G1=0,G2=0","","NAFDAC Market Survey Sample 2013"
"AN1468M-2",2013,"HF","Anambra",5.8516,6.8512,0,0,0,0,2.72,1.81,2.71,3,"AN1469M-2: 5.852, 6.851; AN1470M-2: 5.852, 6.851","AN1469M-2: B1=2.71,B2=0,G1=0,G2=0; AN1470M-2: B1=2.72,B2=0,G1=0,G2=0","","NAFDAC Market Survey Sample 2013"
"IM307M-2",2013,"HF","Imo",5.8358,7.0196,0,0,0,0,0,0,0,2,"IM309M-2: 5.836, 7.02","IM309M-2: B1=0,B2=0,G1=0,G2=0","","NAFDAC Market Survey Sample 2013"
"DT1393M-2",2013,"HF","Delta",5.9593,5.1432,0,0,0,0,0,0,0,3,"DT1394M-2: 5.959, 5.143; DT1395M-2: 5.959, 5.143","DT1394M-2: B1=0,B2=0,G1=0,G2=0; DT1395M-2: B1=0,B2=0,G1=0,G2=0","","NAFDAC Market Survey Sample 2013"
"DT1378M-2",2013,"HF","Delta",5.9323,5.751,0,0,0,0,0,0,0,3,"DT1379M-2: 5.932, 5.751; DT1380M-2: 5.932, 5.751","DT1379M-2: B1=0,B2=0,G1=0,G2=0; DT1380M-2: B1=0,B2=0,G1=0,G2=0","","NAFDAC Market Survey Sample 2013"
"AN1480M-2",2013,"HF","Anambra",5.9566,6.8512,1.12,0,0,0,41.09,15.4,3.99,3,"AN1481M-2: 5.957, 6.851; AN1482M-2: 5.957, 6.851","AN1481M-2: B1=3.99,B2=0,G1=0,G2=0; AN1482M-2: B1=16.76,B2=0,G1=22.13,G2=2.19","","NAFDAC Market Survey Sample 2013"
"AN1489M-2",2013,"HF","Anambra",5.9602,6.9853,81.28,12.28,0,0,93.56,45.97,22.57,3,"AN1490M-2: 5.96, 6.985; AN1491M-2: 5.96, 6.985","AN1490M-2: B1=21.78,B2=0,G1=0,G2=0; AN1491M-2: B1=22.57,B2=0,G1=0,G2=0","","NAFDAC Market Survey Sample 2013"
"DT1375M-2",2013,"HF","Delta",6.0698,6.6211,0,0,0,0,0.81,0.27,0,3,"DT1376M-2: 6.07, 6.621; DT1377M-2: 6.07, 6.621","DT1376M-2: B1=0.81,B2=0,G1=0,G2=0; DT1377M-2: B1=0,B2=0,G1=0,G2=0","","NAFDAC Market Survey Sample 2013"
"AN1483M-2",2013,"HF","Anambra",6.0137,6.9102,22.5,0,0,0,22.5,18.3,20.67,3,"AN1484M-2: 6.014, 6.91; AN1485M-2: 6.014, 6.91","AN1484M-2: B1=20.67,B2=0,G1=0,G2=0; AN1485M-2: B1=11.73,B2=0,G1=0,G2=0","","NAFDAC Market Survey Sample 2013"
"AN1471M-2",2013,"HF","Anambra",6.0086,7.1009,1.41,0,0,0,1.6,1.00333333333333,1.41,3,"AN1472M-2: 6.009, 7.101; AN1473M-2: 6.009, 7.101","AN1472M-2: B1=1.6,B2=0,G1=0,G2=0; AN1473M-2: B1=0,B2=0,G1=0,G2=0","","NAFDAC Market Survey Sample 2013"
"EN373M-2",2013,"HF","Enugu",6.0649,7.476,6.28,0,0,0,6.28,6.28,6.28,1,NA,NA,"","NAFDAC Market Survey Sample 2013"
"EN375M-2",2013,"HF","Enugu",6.0362,7.5897,0,0,0,0,0,0,0,1,NA,NA,"","NAFDAC Market Survey Sample 2013"
"ED196M-2",2013,"HF","Edo",6.1194,5.9833,0.54,0,0,0,0.54,0.18,0,3,"ED197M-2: 6.119, 5.983; ED198M-2: 6.119, 5.983","ED197M-2: B1=0,B2=0,G1=0,G2=0; ED198M-2: B1=0,B2=0,G1=0,G2=0","","NAFDAC Market Survey Sample 2013"
"AN1462M-2",2013,"HF","Anambra",6.1364,6.7762,27.92,2.16,0,0,30.08,11.86,3.41,3,"AN1463M-2: 6.136, 6.776; AN1464M-2: 6.136, 6.776","AN1463M-2: B1=3.41,B2=0,G1=0,G2=0; AN1464M-2: B1=2.09,B2=0,G1=0,G2=0","","NAFDAC Market Survey Sample 2013"
"AN1486M-2",2013,"HF","Anambra",6.0773,6.8673,26.18,12.58,0,0,38.77,24.79,35.6,3,"AN1487M-2: 6.077, 6.867; AN1488M-2: 6.077, 6.867","AN1487M-2: B1=0,B2=0,G1=0,G2=0; AN1488M-2: B1=31.89,B2=3.71,G1=0,G2=0","","NAFDAC Market Survey Sample 2013"
"AN1495M-2",2013,"HF","Anambra",6.1237,6.9478,8.8,0,0,0,25.26,17.59,18.71,3,"AN1496M-2: 6.124, 6.948; AN1497M-2: 6.124, 6.948","AN1496M-2: B1=22.27,B2=2.99,G1=0,G2=0; AN1497M-2: B1=18.71,B2=0,G1=0,G2=0","","NAFDAC Market Survey Sample 2013"
"ED202M-2",2013,"HF","Edo",6.2298,5.5407,0,0,0,0,0.77,0.256666666666667,0,3,"ED203M-2: 6.23, 5.541; ED204M-2: 6.23, 5.541","ED203M-2: B1=0.77,B2=0,G1=0,G2=0; ED204M-2: B1=0,B2=0,G1=0,G2=0","","NAFDAC Market Survey Sample 2013"
"ED205M-2",2013,"HF","Edo",6.1649,5.6879,0,0,0,0,0,0,0,3,"ED206M-2: 6.165, 5.688; ED207M-2: 6.165, 5.688","ED206M-2: B1=0,B2=0,G1=0,G2=0; ED207M-2: B1=0,B2=0,G1=0,G2=0","","NAFDAC Market Survey Sample 2013"
"DT1366M-2",2013,"HF","Delta",6.2213,6.3013,0,0,0,0,0,0,0,3,"DT1367M-2: 6.221, 6.301; DT1368M-2: 6.221, 6.301","DT1367M-2: B1=0,B2=0,G1=0,G2=0; DT1368M-2: B1=0,B2=0,G1=0,G2=0","","NAFDAC Market Survey Sample 2013"
"DT1363M-2",2013,"HF","Delta",6.1562,6.4503,0,0,0,0,0,0,0,3,"DT1364M-2: 6.156, 6.45; DT1365M-2: 6.156, 6.45","DT1364M-2: B1=0,B2=0,G1=0,G2=0; DT1365M-2: B1=0,B2=0,G1=0,G2=0","","NAFDAC Market Survey Sample 2013"
"AN1474M-2",2013,"HF","Anambra",6.1624,6.8029,0,0,0,0,17.73,6.39333333333333,1.45,3,"AN1475M-2: 6.162, 6.803; AN1476M-2: 6.162, 6.803","AN1475M-2: B1=16.19,B2=1.55,G1=0,G2=0; AN1476M-2: B1=1.45,B2=0,G1=0,G2=0","","NAFDAC Market Survey Sample 2013"
"AN1456M-2",2013,"HF","Anambra",6.2196,6.8619,9.76,0,0,0,9.76,4.82333333333333,3.61,3,"AN1457M-2: 6.22, 6.862; AN1458M-2: 6.22, 6.862","AN1457M-2: B1=1.1,B2=0,G1=0,G2=0; AN1458M-2: B1=3.61,B2=0,G1=0,G2=0","","NAFDAC Market Survey Sample 2013"
"AN1492M-2",2013,"HF","Anambra",6.1784,6.988,17.48,0,0,0,364.85,131.766666666667,17.48,3,"AN1493M-2: 6.178, 6.988; AN1494M-2: 6.178, 6.988","AN1493M-2: B1=347.54,B2=17.31,G1=0,G2=0; AN1494M-2: B1=12.97,B2=0,G1=0,G2=0","","NAFDAC Market Survey Sample 2013"
"AN1453M-2",2013,"HF","Anambra",6.222,7.0821,0,0,0,0,14.08,5.56666666666667,2.62,3,"AN1454M-2: 6.222, 7.082; AN1455M-2: 6.222, 7.082","AN1454M-2: B1=2.62,B2=0,G1=0,G2=0; AN1455M-2: B1=13.27,B2=0.82,G1=0,G2=0","","NAFDAC Market Survey Sample 2013"
"OD25M-2",2013,"HF","Ondo",6.2585,4.7692,6.66,0,0,0,32.28,14.6533333333333,6.66,3,"OD26M-2: 6.258, 4.769; OD27M-2: 6.258, 4.769","OD26M-2: B1=27.99,B2=4.3,G1=0,G2=0; OD27M-2: B1=5.02,B2=0,G1=0,G2=0","","NAFDAC Market Survey Sample 2013"
"OD18M-2",2013,"HF","Ondo",6.257,4.9351,11.17,2.97,0,0,14.14,14.14,14.14,1,NA,NA,"","NAFDAC Market Survey Sample 2013"
"AN1465M-2",2013,"HF","Anambra",6.3093,6.8673,25.36,2.99,6.12,2.01,36.47,15.1933333333333,6.59,3,"AN1466M-2: 6.309, 6.867; AN1467M-2: 6.309, 6.867","AN1466M-2: B1=6.59,B2=0,G1=0,G2=0; AN1467M-2: B1=2.52,B2=0,G1=0,G2=0","","NAFDAC Market Survey Sample 2013"
"AN1459M-2",2013,"HF","Anambra",6.2636,7.1252,7.92,0,8,2.19,18.1,10.79,11.16,3,"AN1460M-2: 6.264, 7.125; AN1461M-2: 6.264, 7.125","AN1460M-2: B1=10.32,B2=0.84,G1=0,G2=0; AN1461M-2: B1=3.11,B2=0,G1=0,G2=0","","NAFDAC Market Survey Sample 2013"
"EN371M-2",2013,"HF","Enugu",6.2537,7.2734,10.05,0,0,0,10.05,10.05,10.05,1,NA,NA,"","NAFDAC Market Survey Sample 2013"
"ED190M-2",2013,"HF","Edo",6.3671,5.5722,0,0,0,0,0,0,0,3,"ED191M-2: 6.367, 5.572; ED192M-2: 6.367, 5.572","ED191M-2: B1=0,B2=0,G1=0,G2=0; ED192M-2: B1=0,B2=0,G1=0,G2=0","","NAFDAC Market Survey Sample 2013"
"DT1369M-2",2013,"HF","Delta",6.3461,6.4717,0,0,0,0,0,0,0,3,"DT1370M-2: 6.346, 6.472; DT1371M-2: 6.346, 6.472","DT1370M-2: B1=0,B2=0,G1=0,G2=0; DT1371M-2: B1=0,B2=0,G1=0,G2=0","","NAFDAC Market Survey Sample 2013"
"EN372M-2",2013,"DS","Enugu",6.3846,7.2914,16.18,0,0,0,16.18,16.18,16.18,1,NA,NA,"","NAFDAC Market Survey Sample 2013"
"EN361M-2",2013,"DS","Enugu",6.3322,7.5031,2.51,0,0,0,2.51,1.77666666666667,2.22,3,"EN362M-2: 6.332, 7.503; EN364M-2: 6.385, 7.514","EN362M-2: B1=2.22,B2=0,G1=0,G2=0; EN364M-2: B1=0.6,B2=0,G1=0,G2=0","","NAFDAC Market Survey Sample 2013"
"LA1450M-2",2013,"DS","Lagos",6.4183,2.8901,2.09,3.98,0,0,6.07,6.07,6.07,1,NA,NA,"","NAFDAC Market Survey Sample 2013"
"LA1551M-2",2013,"DS","Lagos",6.4293,3.2684,7.37,2.55,0,0,9.91,9.91,9.91,1,NA,NA,"","NAFDAC Market Survey Sample 2013"
"LA1549M-2",2013,"DS","Lagos",6.4555,3.3339,3.29,1.49,0,0,4.78,4.78,4.78,1,NA,NA,"","NAFDAC Market Survey Sample 2013"
"LA1546M-2",2013,"DS","Lagos",6.433,3.4822,0,0,0,0,3.73,1.865,1.865,2,"LA1547M-2: 6.455, 3.425","LA1547M-2: B1=2.17,B2=1.56,G1=0,G2=0","","NAFDAC Market Survey Sample 2013"
"LA1552M-2",2013,"DS","Lagos",6.459,3.6015,3.52,0,0,0,3.52,3.52,3.52,1,NA,NA,"","NAFDAC Market Survey Sample 2013"
"ED217M-2",2013,"HF","Edo",6.4653,5.3103,0,0,0,0,0,0,0,3,"ED218M-2: 6.465, 5.31; ED219M-2: 6.465, 5.31","ED218M-2: B1=0,B2=0,G1=0,G2=0; ED219M-2: B1=0,B2=0,G1=0,G2=0","","NAFDAC Market Survey Sample 2013"
"ED199M-2",2013,"HF","Edo",6.4579,5.9833,0,0,0,0,0,0,0,3,"ED200M-2: 6.458, 5.983; ED201M-2: 6.458, 5.983","ED200M-2: B1=0,B2=0,G1=0,G2=0; ED201M-2: B1=0,B2=0,G1=0,G2=0","","NAFDAC Market Survey Sample 2013"
"DT1372M-2",2013,"HF","Delta",6.4077,6.6211,0,0,0,0,0,0,0,3,"DT1373M-2: 6.408, 6.621; DT1374M-2: 6.408, 6.621","DT1373M-2: B1=0,B2=0,G1=0,G2=0; DT1374M-2: B1=0,B2=0,G1=0,G2=0","","NAFDAC Market Survey Sample 2013"
"EN365M-2",2013,"DS","Enugu",6.4584,7.5464,6.85,0,0,0,6.85,6.85,6.85,1,NA,NA,"","NAFDAC Market Survey Sample 2013"
"LA1543M-2",2013,"DS","Lagos",6.5392,3.3842,0,0,0,0,2.65,1.24666666666667,1.09,3,"LA1548M-2: 6.535, 3.349; LA2545M-2: 6.498, 3.384","LA1548M-2: B1=1.09,B2=0,G1=0,G2=0; LA2545M-2: B1=1.07,B2=1.57,G1=0,G2=0","","NAFDAC Market Survey Sample 2013"
"OD28M-2",2013,"HF","Ondo",6.504,4.7707,0,0,0,0,2.75,0.916666666666667,0,3,"OD29M-2: 6.504, 4.771; OD30M-2: 6.504, 4.771","OD29M-2: B1=0,B2=0,G1=0,G2=0; OD30M-2: B1=2.75,B2=0,G1=0,G2=0","","NAFDAC Market Survey Sample 2013"
"OD22M-2",2013,"HF","Ondo",6.4883,4.8702,5.24,0,0,0,5.99,5.73666666666667,5.98,3,"OD23M-2: 6.488, 4.87; OD24M-2: 6.488, 4.87","OD23M-2: B1=5.98,B2=0,G1=0,G2=0; OD24M-2: B1=5.99,B2=0,G1=0,G2=0","","NAFDAC Market Survey Sample 2013"
"ED211M-2",2013,"HF","Edo",6.5047,5.6037,0,0,0,0,0,0,0,3,"ED212M-2: 6.505, 5.604; ED213M-2: 6.505, 5.604","ED212M-2: B1=0,B2=0,G1=0,G2=0; ED213M-2: B1=0,B2=0,G1=0,G2=0","","NAFDAC Market Survey Sample 2013"
"AN1477M-2",2013,"DS","Anambra",6.4902,6.7922,5.46,1.88,0,0,62.25,24.29,7.33,3,"AN1478M-2: 6.49, 6.792; AN1479M-2: 6.49, 6.792","AN1478M-2: B1=3.29,B2=0,G1=0,G2=0; AN1479M-2: B1=44.77,B2=3.36,G1=11.79,G2=2.33","","NAFDAC Market Survey Sample 2013"
"EN374M-2",2013,"DS","Enugu",6.4818,7.3949,5.91,0,0,0,5.91,5.91,5.91,1,NA,NA,"","NAFDAC Market Survey Sample 2013"
"LA1556M-2",2013,"DS","Lagos",6.5744,3.257,1.32,0,0,0,1.88,1.6,1.6,2,"LA1557M-2: 6.618, 3.321","LA1557M-2: B1=1.88,B2=0,G1=0,G2=0","","NAFDAC Market Survey Sample 2013"
"LA1555M-2",2013,"DS","Lagos",6.6018,3.3515,1,0,0,0,1,1,1,1,NA,NA,"","NAFDAC Market Survey Sample 2013"
"LA1544M-2",2013,"DS","Lagos",6.6201,3.4095,1.05,0,0,0,1.05,1.05,1.05,1,NA,NA,"","NAFDAC Market Survey Sample 2013"
"LA1553M-2",2013,"DS","Lagos",6.6194,3.5105,0,0,0,0,0,0,0,1,NA,NA,"","NAFDAC Market Survey Sample 2013"
"LA1554M-2",2013,"HF","Lagos",6.5867,3.97,0.81,0,0,0,0.81,0.81,0.81,1,NA,NA,"","NAFDAC Market Survey Sample 2013"
"ED181M-2",2013,"DS","Edo",6.6214,6.493,0.47,0,0,0,2.93,1.13333333333333,0.47,3,"ED182M-2: 6.621, 6.493; ED183M-2: 6.621, 6.493","ED182M-2: B1=0,B2=0,G1=0,G2=0; ED183M-2: B1=1.48,B2=1.46,G1=0,G2=0","","NAFDAC Market Survey Sample 2013"
"EN363M-2",2013,"DS","Enugu",6.5639,7.5681,0.92,0,0,0,0.92,0.92,0.92,1,NA,NA,"","NAFDAC Market Survey Sample 2013"
"ED214M-2",2013,"HF","Edo",6.6899,6.1315,0.82,0,0,0,0.82,0.453333333333333,0.54,3,"ED215M-2: 6.69, 6.132; ED216M-2: 6.69, 6.132","ED215M-2: B1=0.54,B2=0,G1=0,G2=0; ED216M-2: B1=0,B2=0,G1=0,G2=0","","NAFDAC Market Survey Sample 2013"
"EN369M-2",2013,"DS","Enugu",6.6722,7.4165,7.01,0,0,0,7.01,7.01,7.01,1,NA,NA,"","NAFDAC Market Survey Sample 2013"
"OD16M-2",2013,"HF","Ondo",6.7947,4.8676,0,0,0,0,1.73,0.865,0.865,2,"OD17M-2: 6.795, 4.868","OD17M-2: B1=1.73,B2=0,G1=0,G2=0","","NAFDAC Market Survey Sample 2013"
"ED187M-2",2013,"DS","Edo",6.7297,6.3439,0,0,0,0,3.92,1.30666666666667,0,3,"ED188M-2: 6.73, 6.344; ED189M-2: 6.73, 6.344","ED188M-2: B1=0,B2=0,G1=0,G2=0; ED189M-2: B1=2.05,B2=0,G1=1.88,G2=0","","NAFDAC Market Survey Sample 2013"
"BN547M-2",2013,"DS","Benue",6.7835,9.0695,0,0,0,0,0.25,0.125,0.125,2,"BN548M-2: 6.784, 9.069","BN548M-2: B1=0.25,B2=0,G1=0,G2=0","","NAFDAC Market Survey Sample 2013"
"EN368M-2",2013,"DS","Enugu",6.8429,7.3733,0,0,0,0,0,0,0,1,NA,NA,"","NAFDAC Market Survey Sample 2013"
"EN366M-2",2013,"DS","Enugu",6.8828,7.5464,0,0,0,0,0,0,0,1,NA,NA,"","NAFDAC Market Survey Sample 2013"
"BN581M-2",2013,"DS","Benue",6.8398,8.415,0.56,0,0,0,0.56,0.44,0.44,2,"BN582M-2: 6.84, 8.415","BN582M-2: B1=0.32,B2=0,G1=0,G2=0","","NAFDAC Market Survey Sample 2013"
"OD34M-2",2013,"DS","Ondo",6.92,5.78,4.2,0,0,0,4.2,4.2,4.2,1,NA,NA,"","NAFDAC Market Survey Sample 2013"
"ED184M-2",2013,"DS","Edo",6.9279,5.8565,1.37,0,0,0,1.37,0.813333333333333,1.07,3,"ED185M-2: 6.928, 5.856; ED186M-2: 6.928, 5.856","ED185M-2: B1=0,B2=0,G1=0,G2=0; ED186M-2: B1=1.07,B2=0,G1=0,G2=0","","NAFDAC Market Survey Sample 2013"
"EN370M-2",2013,"DS","Enugu",6.9386,7.3841,0,0,0,0,0,0,0,1,NA,NA,"","NAFDAC Market Survey Sample 2013"
"BN562M-2",2013,"DS","Benue",6.947,9.255,0.49,0,0,0,0.49,0.253333333333333,0.27,3,"BN563M-2: 6.947, 9.255; BN564M-2: 6.947, 9.255","BN563M-2: B1=0.27,B2=0,G1=0,G2=0; BN564M-2: B1=0,B2=0,G1=0,G2=0","","NAFDAC Market Survey Sample 2013"
"BN579M-2",2013,"DS","Benue",6.9126,9.4562,1.94,0,5.14,0,7.08,4.22,4.22,2,"BN580M-2: 6.913, 9.456","BN580M-2: B1=1.36,B2=0,G1=0,G2=0","","NAFDAC Market Survey Sample 2013"
"OD10M-2",2013,"HF","Ondo",7.0257,4.7692,1.88,0,0,0,7.5,4.09,2.89,3,"OD11M-2: 7.026, 4.769; OD12M-2: 7.026, 4.769","OD11M-2: B1=7.5,B2=0,G1=0,G2=0; OD12M-2: B1=2.89,B2=0,G1=0,G2=0","","NAFDAC Market Survey Sample 2013"
"ED220M-2",2013,"DS","Edo",7.008,6.2801,0,0,0,0,1.55,0.516666666666667,0,3,"ED221M-2: 7.008, 6.28; ED222M-2: 7.008, 6.28","ED221M-2: B1=0,B2=0,G1=0,G2=0; ED222M-2: B1=1.55,B2=0,G1=0,G2=0","","NAFDAC Market Survey Sample 2013"
"ED208M-2",2013,"DS","Edo",7.0057,6.4503,0,0,0,0,0.6,0.2,0,3,"ED209M-2: 7.006, 6.45; ED210M-2: 7.006, 6.45","ED209M-2: B1=0,B2=0,G1=0,G2=0; ED210M-2: B1=0.6,B2=0,G1=0,G2=0","","NAFDAC Market Survey Sample 2013"
"OD04M-2",2013,"HF","Ondo",7.1091,5.1158,0,0,0,0,0,0,0,3,"OD05M-2: 7.109, 5.116; OD06M-2: 7.109, 5.116","OD05M-2: B1=0,B2=0,G1=0,G2=0; OD06M-2: B1=0,B2=0,G1=0,G2=0","","NAFDAC Market Survey Sample 2013"
"ED223M-2",2013,"DS","Edo",7.0969,6.0256,0,0,0,0,0,0,0,3,"ED224M-2: 7.097, 6.026; ED225M-2: 7.097, 6.026","ED224M-2: B1=0,B2=0,G1=0,G2=0; ED225M-2: B1=0,B2=0,G1=0,G2=0","","NAFDAC Market Survey Sample 2013"
"KG859M-2",2013,"DS","Kogi",7.1138,6.744,27.11,0,19.55,3.57,142.83,69.3166666666667,50.23,3,"KG860M-2: 7.114, 6.744; KG861M-2: 7.114, 6.744","KG860M-2: B1=13.28,B2=1.62,G1=0,G2=0; KG861M-2: B1=132.82,B2=10.01,G1=0,G2=0","","NAFDAC Market Survey Sample 2013"
"BN552M-2",2013,"DS","Kogi",7.0701,7.0701,0.76,0,0,0,140.81,24.2444444444444,5.26,9,"BN553M-2: 7.07, 7.07; BN586M-2: 7.07, 7.07; BN587M-2: 7.07, 7.07; BN588M-2: 7.07, 7.07; KG868M-2: 7.082, 7.05; KG869M-2: 7.082, 7.05; KG870M-2: 7.082, 7.05; KG871M-2: 7.082, 7.05","BN553M-2: B1=3.43,B2=1.38,G1=1.77,G2=0; BN586M-2: B1=2.33,B2=0,G1=2.93,G2=0; BN587M-2: B1=0.26,B2=0,G1=0,G2=0; BN588M-2: B1=0.39,B2=0,G1=0,G2=0; KG868M-2: B1=33.53,B2=2.95,G1=0,G2=0; KG869M-2: B1=26.07,B2=1.59,G1=0,G2=0; KG870M-2: B1=0,B2=0,G1=0,G2=0; KG871M-2: B1=132.28,B2=8.53,G1=0,G2=0","","NAFDAC Market Survey Sample 2013"
"OD19M-2",2013,"HF","Osun",7.2017,4.8676,10.64,1.48,0,0,12.12,7.17666666666667,5.85,3,"OD20M-2: 7.202, 4.868; OD21M-2: 7.202, 4.868","OD20M-2: B1=5.85,B2=0,G1=0,G2=0; OD21M-2: B1=3.56,B2=0,G1=0,G2=0","","NAFDAC Market Survey Sample 2013"
"OD35M-2",2013,"DS","Ondo",7.1989,5.5932,4.85,0,0,0,4.85,1.61666666666667,0,3,"OD36M-2: 7.199, 5.593; OD37M-1: 7.199, 5.593","OD36M-2: B1=0,B2=0,G1=0,G2=0; OD37M-1: B1=0,B2=0,G1=0,G2=0","","NAFDAC Market Survey Sample 2013"
"BN549M-2",2013,"DS","Benue",7.1909,8.1323,1.39,0,0,0,8.18,3.34333333333333,1.39,3,"BN550M-2: 7.191, 8.132; BN551M-2: 7.191, 8.132","BN550M-2: B1=0.65,B2=0,G1=5.57,G2=1.96; BN551M-2: B1=0.46,B2=0,G1=0,G2=0","","NAFDAC Market Survey Sample 2013"
"BN573M-2",2013,"DS","Benue",7.1658,9.2841,0.29,0,0,0,0.32,0.305,0.305,2,"BN574M-2: 7.166, 9.284","BN574M-2: B1=0.32,B2=0,G1=0,G2=0","","NAFDAC Market Survey Sample 2013"
"OD01M-2",2013,"HF","Ondo",7.2146,5.1641,0,0,0,0,53.71,29.96,36.17,3,"OD02M-2: 7.215, 5.164; OD03M-2: 7.215, 5.164","OD02M-2: B1=47.87,B2=5.84,G1=0,G2=0; OD03M-2: B1=36.17,B2=0,G1=0,G2=0","","NAFDAC Market Survey Sample 2013"
"OD07M-2",2013,"DS","Ondo",7.2779,5.2684,0,0,0,0,10.76,3.58666666666667,0,3,"OD08M-2: 7.278, 5.268; OD09M-2: 7.278, 5.268","OD08M-2: B1=0,B2=0,G1=0,G2=0; OD09M-2: B1=10.76,B2=0,G1=0,G2=0","","NAFDAC Market Survey Sample 2013"
"BN554M-2",2013,"DS","Benue",7.2396,7.9157,1.46,0,0,0,31.72,8.6025,1.075,4,"BN555M-2: 7.24, 7.916; BN556M-2: 7.24, 7.916; BN557M-2: 7.24, 7.916","BN555M-2: B1=0.69,B2=0,G1=0,G2=0; BN556M-2: B1=5.36,B2=0,G1=21.68,G2=4.68; BN557M-2: B1=0.54,B2=0,G1=0,G2=0","","NAFDAC Market Survey Sample 2013"
"OY100M-2",2013,"DS","Oyo",7.3458,3.8757,47.74,14.07,0,0,61.81,23.3566666666667,5.01,3,"OY101M-2: 7.346, 3.876; OY102M-2: 7.346, 3.876","OY101M-2: B1=3.25,B2=0,G1=0,G2=0; OY102M-2: B1=5.01,B2=0,G1=0,G2=0","","NAFDAC Market Survey Sample 2013"
"OY94M-2",2013,"DS","Oyo",7.3615,3.9317,6.63,0,0,0,9.77,5.23166666666667,5.715,6,"OY95M-2: 7.362, 3.932; OY96M-2: 7.362, 3.932; OY97M-2: 7.329, 3.911; OY98M-2: 7.329, 3.911; OY99M-2: 7.329, 3.911","OY95M-2: B1=9.77,B2=0,G1=0,G2=0; OY96M-2: B1=1.77,B2=0,G1=0,G2=0; OY97M-2: B1=4.8,B2=0,G1=0,G2=0; OY98M-2: B1=1.35,B2=0,G1=0,G2=0; OY99M-2: B1=7.07,B2=0,G1=0,G2=0","","NAFDAC Market Survey Sample 2013"
"ED193M-2",2013,"DS","Edo",7.3533,6.1103,0,0,0,0,1.04,0.346666666666667,0,3,"ED194M-2: 7.353, 6.11; ED195M-2: 7.353, 6.11","ED194M-2: B1=0,B2=0,G1=0,G2=0; ED195M-2: B1=1.04,B2=0,G1=0,G2=0","","NAFDAC Market Survey Sample 2013"
"KG875M-2",2013,"DS","Kogi",7.3396,7.0498,57.52,6.78,0,0,64.3,56.96,58.88,3,"KG876M-2: 7.34, 7.05; KG877M-2: 7.34, 7.05","KG876M-2: B1=44.26,B2=3.44,G1=0,G2=0; KG877M-2: B1=52.82,B2=6.06,G1=0,G2=0","","NAFDAC Market Survey Sample 2013"
"BN583M-2",2013,"DS","Benue",7.3369,8.7404,0.58,0,0,0,0.58,0.56,0.56,2,"BN584M-2: 7.337, 8.74","BN584M-2: B1=0.54,B2=0,G1=0,G2=0","","NAFDAC Market Survey Sample 2013"
"BN566M-2",2013,"DS","Benue",7.3368,9.0018,0.61,0,0,0,0.96,0.523333333333333,0.61,3,"BN567M-2: 7.337, 9.002; BN568M-2: 7.337, 9.002","BN567M-2: B1=0,B2=0,G1=0,G2=0; BN568M-2: B1=0.96,B2=0,G1=0,G2=0","","NAFDAC Market Survey Sample 2013"
"OY103M-2",2013,"DS","Oyo",7.3796,3.9675,4.63,0,0,0,87.21,24.1466666666667,5.035,6,"OY104M-2: 7.38, 3.967; OY105M-2: 7.38, 3.967; OY91M-2: 7.41, 3.917; OY92M-2: 7.41, 3.917; OY93M-2: 7.41, 3.917","OY104M-2: B1=25.25,B2=2.28,G1=8.14,G2=5.04; OY105M-2: B1=5.44,B2=0,G1=0,G2=0; OY91M-2: B1=84.18,B2=3.03,G1=0,G2=0; OY92M-2: B1=3.43,B2=0,G1=0,G2=0; OY93M-2: B1=3.45,B2=0,G1=0,G2=0","","NAFDAC Market Survey Sample 2013"
"OD13M-2",2013,"DS","Ondo",7.3877,5.0807,8.63,0,0,0,8.63,2.87666666666667,0,3,"OD14M-2: 7.388, 5.081; OD15M-2: 7.388, 5.081","OD14M-2: B1=0,B2=0,G1=0,G2=0; OD15M-2: B1=0,B2=0,G1=0,G2=0","","NAFDAC Market Survey Sample 2013"
"OD40M-3",2013,"DS","Ondo",7.3807,5.6668,0,0,0,0,0,0,0,3,"OD41M-4: 7.381, 5.667; OD42M-5: 7.381, 5.667","OD41M-4: B1=0,B2=0,G1=0,G2=0; OD42M-5: B1=0,B2=0,G1=0,G2=0","","NAFDAC Market Survey Sample 2013"
"OD38M-2",2013,"DS","Ondo",7.4204,5.9198,0,0,0,0,8.78,2.866,0,5,"OD39M-2: 7.42, 5.92; OD43M-2: 7.42, 5.92; OD44M-2: 7.42, 5.92; OD45M-2: 7.42, 5.92","OD39M-2: B1=0,B2=0,G1=0,G2=0; OD43M-2: B1=0,B2=0,G1=0,G2=0; OD44M-2: B1=5.55,B2=0,G1=0,G2=0; OD45M-2: B1=8.78,B2=0,G1=0,G2=0","","NAFDAC Market Survey Sample 2013"
"KG883M-2",2013,"DS","Kogi",7.4053,7.6223,3.48,0,0,0,65.5,34.49,34.49,2,"KG884M-2: 7.405, 7.622","KG884M-2: B1=59.18,B2=6.32,G1=0,G2=0","","NAFDAC Market Survey Sample 2013"
"BN558M-2",2013,"DS","Benue",7.4,8.5,1.57,0,0,0,1.76,1.3025,1.44,4,"BN559M-2: 7.4, 8.5; BN560M-2: 7.4, 8.5; BN561M-2: 7.4, 8.5","BN559M-2: B1=0.57,B2=0,G1=0,G2=0; BN560M-2: B1=1.76,B2=0,G1=0,G2=0; BN561M-2: B1=1.31,B2=0,G1=0,G2=0","","NAFDAC Market Survey Sample 2013"
"KG849M-2",2013,"DS","Kogi",7.4833,6.2166,35.62,2.03,0,0,71.91,54.78,54.78,2,"KG850M-2: 7.483, 6.217","KG850M-2: B1=67.35,B2=4.56,G1=0,G2=0","","NAFDAC Market Survey Sample 2013"
"KG853M-2",2013,"DS","Kogi",7.5584,6.6344,24.35,4.44,0,0,348.37,140.466666666667,44.24,3,"KG854M-2: 7.558, 6.634; KG855M-2: 7.558, 6.634","KG854M-2: B1=313.27,B2=17.19,G1=11.66,G2=6.26; KG855M-2: B1=40.57,B2=3.67,G1=0,G2=0","","NAFDAC Market Survey Sample 2013"
"BN575M-2",2013,"DS","Benue",7.5747,9.1003,0.57,0,0,0,3.85,1.78333333333333,0.93,3,"BN576M-2: 7.575, 9.1; BN577M-2: 7.575, 9.1","BN576M-2: B1=0.93,B2=0,G1=0,G2=0; BN577M-2: B1=2.23,B2=1.62,G1=0,G2=0","","NAFDAC Market Survey Sample 2013"
"OY133M-2",2013,"DS","Oyo",7.6865,3.178,2.8,0,0,0,7.19,4.26,2.8,3,"OY134M-2: 7.686, 3.178; OY135M-2: 7.686, 3.178","OY134M-2: B1=7.19,B2=0,G1=0,G2=0; OY135M-2: B1=2.79,B2=0,G1=0,G2=0","","NAFDAC Market Survey Sample 2013"
"OY130M-2",2013,"DS","Oyo",7.641,3.4599,2.72,0,0,0,3.46,2.53333333333333,2.72,3,"OY131M-2: 7.641, 3.46; OY132M-2: 7.641, 3.46","OY131M-2: B1=3.46,B2=0,G1=0,G2=0; OY132M-2: B1=1.42,B2=0,G1=0,G2=0","","NAFDAC Market Survey Sample 2013"
"OD31M-2",2013,"DS","Ondo",7.6165,5.7721,0,0,0,0,0,0,0,3,"OD32M-3: 7.617, 5.772; OD33M-2: 7.617, 5.772","OD32M-3: B1=0,B2=0,G1=0,G2=0; OD33M-2: B1=0,B2=0,G1=0,G2=0","","NAFDAC Market Survey Sample 2013"
"KG851M-2",2013,"DS","Kogi",7.672,6.429,11.87,0,0,0,11.87,9.45,8.8,3,"KG852M-2: 7.672, 6.429; KG881M-2: 7.672, 6.429","KG852M-2: B1=7.47,B2=1.33,G1=0,G2=0; KG881M-2: B1=7.68,B2=0,G1=0,G2=0","","NAFDAC Market Survey Sample 2013"
"OY112M-2",2013,"DS","Oyo",7.7243,3.8655,3.71,0,0,0,3.82,3.41666666666667,3.71,3,"OY113M-2: 7.724, 3.865; OY114M-2: 7.724, 3.865","OY113M-2: B1=2.72,B2=0,G1=0,G2=0; OY114M-2: B1=3.82,B2=0,G1=0,G2=0","","NAFDAC Market Survey Sample 2013"
"KG844M-2",2013,"DS","Kogi",7.7667,6.6167,49.78,3.13,0,0,104.69,34.644,11.62,5,"KG845M-2: 7.767, 6.617; KG846M-2: 7.767, 6.617; KG847M-2: 7.767, 6.617; KG848M-2: 7.767, 6.617","KG845M-2: B1=10.48,B2=1.13,G1=0,G2=0; KG846M-2: B1=4,B2=0,G1=0,G2=0; KG847M-2: B1=0,B2=0,G1=0,G2=0; KG848M-2: B1=99.69,B2=5,G1=0,G2=0","","NAFDAC Market Survey Sample 2013"
"KG872M-2",2013,"DS","Kogi",7.7337,6.6906,0,0,0,0,34.87,10.3675,3.3,4,"KG873M-2: 7.734, 6.691; KG874M-2: 7.734, 6.691; KG885M-2: 7.734, 6.691","KG873M-2: B1=5.53,B2=0,G1=0,G2=0; KG874M-2: B1=32.27,B2=2.6,G1=0,G2=0; KG885M-2: B1=1.07,B2=0,G1=0,G2=0","","NAFDAC Market Survey Sample 2013"
"KG856M-2",2013,"DS","Kogi",7.7312,7.2139,0,0,0,0,87.4,46.9366666666667,53.41,3,"KG857M-2: 7.731, 7.214; KG858M-2: 7.731, 7.214","KG857M-2: B1=80.68,B2=6.72,G1=0,G2=0; KG858M-2: B1=49.03,B2=4.38,G1=0,G2=0","","NAFDAC Market Survey Sample 2013"
"BN565M-2",2013,"DS","Benue",7.7322,8.5391,3.63,2.37,2.77,0,8.77,4.5,4.5,2,"BN585M-2: 7.732, 8.539","BN585M-2: B1=0.23,B2=0,G1=0,G2=0","","NAFDAC Market Survey Sample 2013"
"KG862M-2",2013,"DS","Kogi",7.8241,6.0736,0,0,0,0,40.88,13.6266666666667,0,3,"KG863M-2: 7.824, 6.074; KG864M-2: 7.824, 6.074","KG863M-2: B1=37.6,B2=3.29,G1=0,G2=0; KG864M-2: B1=0,B2=0,G1=0,G2=0","","NAFDAC Market Survey Sample 2013"
"KG878M-2",2013,"DS","Kogi",7.8023,6.7333,1.72,0,0,0,18,11.1133333333333,13.62,3,"KG879M-2: 7.802, 6.733; KG880M-2: 7.802, 6.733","KG879M-2: B1=10.88,B2=0,G1=5.83,G2=1.28; KG880M-2: B1=12.76,B2=0.86,G1=0,G2=0","","NAFDAC Market Survey Sample 2013"
"BN543M-2",2013,"DS","Kogi",7.7821,7.6206,0,0,0,0,8.04,3.584,2.4,5,"BN544M-2: 7.782, 7.621; BN545M-2: 7.782, 7.621; BN546M-2: 7.782, 7.621; BN578M-2: 7.782, 7.621","BN544M-2: B1=4.65,B2=3.39,G1=0,G2=0; BN545M-2: B1=1.74,B2=0,G1=3.69,G2=0; BN546M-2: B1=1.42,B2=0.99,G1=0,G2=0; BN578M-2: B1=2.04,B2=0,G1=0,G2=0","","NAFDAC Market Survey Sample 2013"
"OY109M-2",2013,"DS","Oyo",7.8987,3.7842,2.76,0,0,0,7.79,5.25333333333333,5.21,3,"OY110M-2: 7.899, 3.784; OY111M-2: 7.899, 3.784","OY110M-2: B1=5.21,B2=0,G1=0,G2=0; OY111M-2: B1=7.79,B2=0,G1=0,G2=0","","NAFDAC Market Survey Sample 2013"
"OY106M-2",2013,"DS","Oyo",7.8745,4.0491,0,0,0,0,9.16,4.57666666666667,4.57,3,"OY107M-2: 7.875, 4.049; OY108M-2: 7.875, 4.049","OY107M-2: B1=4.57,B2=0,G1=0,G2=0; OY108M-2: B1=9.16,B2=0,G1=0,G2=0","","NAFDAC Market Survey Sample 2013"
"KG865M-2",2013,"DS","Kogi",7.8737,5.941,0,0,0,0,236.34,85.1366666666667,19.07,3,"KG866M-2: 7.874, 5.941; KG867M-2: 7.874, 5.941","KG866M-2: B1=222.83,B2=13.51,G1=0,G2=0; KG867M-2: B1=17.39,B2=1.68,G1=0,G2=0","","NAFDAC Market Survey Sample 2013"
"BN569M-2",2013,"DS","Benue",7.9541,8.7481,0,0,0,0,11.1,3.675,1.8,4,"BN570M-2: 7.954, 8.748; BN571M-2: 7.954, 8.748; BN572M-2: 7.954, 8.748","BN570M-2: B1=0.49,B2=0,G1=0,G2=0; BN571M-2: B1=4.65,B2=2.74,G1=2.33,G2=1.38; BN572M-2: B1=1.22,B2=0,G1=1.89,G2=0","","NAFDAC Market Survey Sample 2013"
"OY121M-2",2013,"DS","Oyo",8.0794,4.2231,12.24,0,0,0,114.17,44.2266666666667,12.24,3,"OY122M-2: 8.079, 4.223; OY123M-2: 8.079, 4.223","OY122M-2: B1=39.11,B2=0,G1=69.29,G2=5.78; OY123M-2: B1=6.27,B2=0,G1=0,G2=0","","NAFDAC Market Survey Sample 2013"
"KG841M-2",2013,"DS","Kogi",8.0972,5.8958,72.49,6.01,0,0,305.28,217.12,267.58,3,"KG842M-2: 8.097, 5.896; KG843M-2: 8.097, 5.896","KG842M-2: B1=286.46,B2=18.82,G1=0,G2=0; KG843M-2: B1=259.02,B2=8.57,G1=0,G2=0","","NAFDAC Market Survey Sample 2013"
"OY115M-2",2013,"DS","Oyo",8.2465,3.8655,3.53,0,0,0,34.14,13.3733333333333,3.53,3,"OY116M-2: 8.246, 3.865; OY117M-2: 8.246, 3.865","OY116M-2: B1=30.72,B2=3.42,G1=0,G2=0; OY117M-2: B1=2.45,B2=0,G1=0,G2=0","","NAFDAC Market Survey Sample 2013"
"KG882M-2",2013,"DS","Kogi",8.2046,5.5643,1.77,0,0,0,1.77,1.77,1.77,1,NA,NA,"","NAFDAC Market Survey Sample 2013"
"OY118M-2",2013,"DS","Oyo",8.1335,4.2538,2.31,0,0,0,5.34,2.55,2.31,3,"OY119M-2: 8.134, 4.254; OY120M-2: 8.134, 4.254","OY119M-2: B1=0,B2=0,G1=0,G2=0; OY120M-2: B1=5.34,B2=0,G1=0,G2=0","","NAFDAC Market Survey Sample 2013"
"OY127M-2",2013,"DS","Oyo",8.6033,3.1378,10.9,0,0,0,46.54,23.8233333333333,14.03,3,"OY128M-2: 8.603, 3.138; OY129M-2: 8.603, 3.138","OY128M-2: B1=10.85,B2=3.17,G1=0,G2=0; OY129M-2: B1=32.43,B2=3.91,G1=7.15,G2=3.04","","NAFDAC Market Survey Sample 2013"
"OY124M-2",2013,"DS","Oyo",8.687,3.6218,5.19,0,0,0,5.19,4.39333333333333,4.68,3,"OY125M-2: 8.687, 3.622; OY126M-2: 8.687, 3.622","OY125M-2: B1=4.68,B2=0,G1=0,G2=0; OY126M-2: B1=3.31,B2=0,G1=0,G2=0","","NAFDAC Market Survey Sample 2013"
"NG940M-2",2013,"SGS","Niger",9.0001,6.3213,6.84,0,0,0,15.37,7.40333333333333,6.84,3,"NG948M-2: 9, 6.321; NG949M-2: 9, 6.321","NG948M-2: B1=8.81,B2=4.3,G1=2.26,G2=0; NG949M-2: B1=0,B2=0,G1=0,G2=0","","NAFDAC Market Survey Sample 2013"
"FC723M-2",2013,"SGS","Federal Capital Territory",9.0563,7.4985,0,0,0,0,20.4,1.864,0,15,"FC724M-2: 9.056, 7.498; FC725M-2: 9.056, 7.498; FC726M-2: 9.056, 7.498; FC727M-2: 9.056, 7.498; FC728M-2: 9.056, 7.498; FC729M-2: 9.056, 7.498; FC730M-2: 9.056, 7.498; FC731M-2: 9.056, 7.498; FC732M-2: 9.056, 7.498; FC733M-2: 9.056, 7.498; FC734M-2: 9.056, 7.498; FC735M-2: 9.056, 7.498; FC736M-2: 9.056, 7.498; FC737M-2: 9.056, 7.498","FC724M-2: B1=0,B2=0,G1=0,G2=0; FC725M-2: B1=0,B2=0,G1=0,G2=0; FC726M-2: B1=0,B2=0,G1=0,G2=0; FC727M-2: B1=0,B2=0,G1=0,G2=0; FC728M-2: B1=1.27,B2=0,G1=0,G2=0; FC729M-2: B1=0,B2=0,G1=0,G2=0; FC730M-2: B1=4.79,B2=0,G1=0,G2=0; FC731M-2: B1=0,B2=0,G1=0,G2=0; FC732M-2: B1=0,B2=0,G1=0,G2=0; FC733M-2: B1=1.5,B2=0,G1=0,G2=0; FC734M-2: B1=0,B2=0,G1=0,G2=0; FC735M-2: B1=0,B2=0,G1=0,G2=0; FC736M-2: B1=16.63,B2=3.78,G1=0,G2=0; FC737M-2: B1=0,B2=0,G1=0,G2=0","","NAFDAC Market Survey Sample 2013"
"NG938M-2",2013,"SGS","Niger",9.0797,6.0097,0,0,0,0,0,0,0,3,"NG941M-2: 9.08, 6.01; NG942M-2: 9.08, 6.01","NG941M-2: B1=0,B2=0,G1=0,G2=0; NG942M-2: B1=0,B2=0,G1=0,G2=0","","NAFDAC Market Survey Sample 2013"
"NG963M-2",2013,"SGS","Niger",9.1701,7.1861,0,0,0,0,0,0,0,3,"NG964M-2: 9.17, 7.186; NG965M-2: 9.17, 7.186","NG964M-2: B1=0,B2=0,G1=0,G2=0; NG965M-2: B1=0,B2=0,G1=0,G2=0","","NAFDAC Market Survey Sample 2013"
"NG957M-2",2013,"SGS","Niger",9.3418,7.0498,0.49,0,0,0,0.63,0.373333333333333,0.49,3,"NG958M-2: 9.342, 7.05; NG962M-2: 9.342, 7.05","NG958M-2: B1=0,B2=0,G1=0,G2=0; NG962M-2: B1=0.63,B2=0,G1=0,G2=0","","NAFDAC Market Survey Sample 2013"
"KD422M-2",2013,"SGS","Kaduna",9.3607,8.2213,2.19,0,0,0,2.19,1.10666666666667,1.13,3,"KD423M-2: 9.361, 8.221; KD424M-2: 9.361, 8.221","KD423M-2: B1=0,B2=0,G1=0,G2=0; KD424M-2: B1=1.13,B2=0,G1=0,G2=0","","NAFDAC Market Survey Sample 2013"
"NG930M-2",2013,"SGS","Niger",9.4351,6.7922,0,0,0,0,31.25,10.4166666666667,0,3,"NG939M-2: 9.435, 6.792; NG945M-2: 9.435, 6.792","NG939M-2: B1=0,B2=0,G1=0,G2=0; NG945M-2: B1=22.19,B2=9.06,G1=0,G2=0","","NAFDAC Market Survey Sample 2013"
"KD410M-2",2013,"SGS","Kaduna",9.4754,8.0247,1.09,0,0,0,1.09,0.363333333333333,0,3,"KD411M-2: 9.475, 8.025; KD412M-2: 9.475, 8.025","KD411M-2: B1=0,B2=0,G1=0,G2=0; KD412M-2: B1=0,B2=0,G1=0,G2=0","","NAFDAC Market Survey Sample 2013"
"KD394M-2",2013,"SGS","Kaduna",9.491,7.6955,2.88,0,0,0,24.72,9.52666666666667,2.88,3,"KD407M-2: 9.491, 7.696; KD408M-2: 9.491, 7.696","KD407M-2: B1=22.88,B2=1.84,G1=0,G2=0; KD408M-2: B1=0.98,B2=0,G1=0,G2=0","","NAFDAC Market Survey Sample 2013"
"NG951M-2",2013,"SGS","Niger",9.6278,6.5463,0,0,0,0,1.4,0.466666666666667,0,3,"NG954M-2: 9.628, 6.546; NG956M-2: 9.628, 6.546","NG954M-2: B1=0,B2=0,G1=0,G2=0; NG956M-2: B1=1.4,B2=0,G1=0,G2=0","","NAFDAC Market Survey Sample 2013"
"NG953M-2",2013,"SGS","Niger",9.7221,6.1113,0,0,0,0,0,0,0,3,"NG959M-2: 9.722, 6.111; NG961M-2: 9.722, 6.111","NG959M-2: B1=0,B2=0,G1=0,G2=0; NG961M-2: B1=0,B2=0,G1=0,G2=0","","NAFDAC Market Survey Sample 2013"
"BA663M-2",2013,"NGS","Bauchi",9.756,9.756,173.81,4.02,0,0,177.83,109.94,151.99,3,"BA664M-2: 9.756, 9.756; BA665M-2: 9.756, 9.756","BA664M-2: B1=149.73,B2=2.27,G1=0,G2=0; BA665M-2: B1=0,B2=0,G1=0,G2=0","","NAFDAC Market Survey Sample 2013"
"BA660M-2",2013,"NGS","Bauchi",9.8263,10.5296,0,0,0,0,0,0,0,3,"BA661M-2: 9.826, 10.53; BA662M-2: 9.826, 10.53","BA661M-2: B1=0,B2=0,G1=0,G2=0; BA662M-2: B1=0,B2=0,G1=0,G2=0","","NAFDAC Market Survey Sample 2013"
"GM509M-2",2013,"NGS","Gombe",9.8201,11.3119,1.19,0,0,0,1.19,1.19,1.19,1,NA,NA,"","NAFDAC Market Survey Sample 2013"
"KD418M-2",2013,"SGS","Kaduna",9.8734,7.9552,2.16,0,0,0,89.23,45.695,45.695,2,"KD419M-2: 9.873, 7.955","KD419M-2: B1=85.37,B2=3.86,G1=0,G2=0","","NAFDAC Market Survey Sample 2013"
"KD431M-2",2013,"NGS","Bauchi",9.8734,9.8734,6.67,0,0,0,6.67,6.67,6.67,1,NA,NA,"","NAFDAC Market Survey Sample 2013"
"NG935M-2",2013,"SGS","Niger",9.9492,5.3103,0.72,0,0,0,1.33,0.683333333333333,0.72,3,"NG937M-2: 9.949, 5.31; NG946M-2: 9.949, 5.31","NG937M-2: B1=0,B2=0,G1=0,G2=0; NG946M-2: B1=1.33,B2=0,G1=0,G2=0","","NAFDAC Market Survey Sample 2013"
"KD392M-2",2013,"SGS","Kaduna",9.8906,8.2213,13.41,1.16,0,0,17.15,11.1066666666667,14.57,3,"KD393M-2: 9.891, 8.221; KD409M-2: 9.891, 8.221","KD393M-2: B1=1.6,B2=0,G1=0,G2=0; KD409M-2: B1=15.86,B2=1.29,G1=0,G2=0","","NAFDAC Market Survey Sample 2013"
"BA633M-2",2013,"NGS","Bauchi",9.9894,9.5006,0,0,0,0,0,0,0,3,"BA634M-2: 9.989, 9.501; BA635M-2: 9.989, 9.501","BA634M-2: B1=0,B2=0,G1=0,G2=0; BA635M-2: B1=0,B2=0,G1=0,G2=0","","NAFDAC Market Survey Sample 2013"
"ARBG00010C",2015,"NGS","Kaduna",10.5036,7.4337,NA,NA,NA,NA,22.6,1.92452830188679,1,53,"ARBG0008C: 10.504, 7.434; ARBG0009C: 10.504, 7.434; BAG11-004: 10.504, 7.434; BAG11-005: 10.504, 7.434; BAG11-006: 10.504, 7.434; BAG11-007: 10.504, 7.434; BAG11-008: 10.504, 7.434; BAG11-009: 10.504, 7.434; BAG12-001: 10.504, 7.434; BAG12-002: 10.504, 7.434; BAG12-003: 10.504, 7.434; BAG12-004: 10.504, 7.434; BAG12-005: 10.504, 7.434; BAG12-006: 10.504, 7.434; BAG12-007: 10.504, 7.434; BAG12-008: 10.504, 7.434; BAG12-009: 10.504, 7.434; BAG13-001: 10.504, 7.434; BAG13-002: 10.504, 7.434; BAG13-003: 10.504, 7.434; BAG13-004: 10.504, 7.434; BAG13-005: 10.504, 7.434; BAG13-006: 10.504, 7.434; BAG13-007: 10.504, 7.434; BAG13-008: 10.504, 7.434; BAG13-009: 10.504, 7.434; BAG14-001: 10.504, 7.434; BAG14-002: 10.504, 7.434; BAG14-003: 10.504, 7.434; BAG14-004: 10.504, 7.434; BAG14-005: 10.504, 7.434; BAG14-006: 10.504, 7.434; BAG14-007: 10.504, 7.434; BAG14-008: 10.504, 7.434; BAG14-009: 10.504, 7.434; BAG14-010: 10.504, 7.434; BAG14-011: 10.504, 7.434; BAG14-012: 10.504, 7.434; BAG14-013: 10.504, 7.434; BAG14-014: 10.504, 7.434; BAG14-015: 10.504, 7.434; BAG14-016: 10.504, 7.434; BAG14-017: 10.504, 7.434; BAG14-018: 10.504, 7.434; BAG14-019: 10.504, 7.434; BAG14-020: 10.504, 7.434; BAG14-021: 10.504, 7.434; BAG14-022: 10.504, 7.434; BAG14-023: 10.504, 7.434; BAG14-024: 10.504, 7.434; BAG14-025: 10.504, 7.434; BAG14-026: 10.504, 7.434","ARBG0008C: B1=NA,B2=NA,G1=NA,G2=NA; ARBG0009C: B1=NA,B2=NA,G1=NA,G2=NA; BAG11-004: B1=NA,B2=NA,G1=NA,G2=NA; BAG11-005: B1=NA,B2=NA,G1=NA,G2=NA; BAG11-006: B1=NA,B2=NA,G1=NA,G2=NA; BAG11-007: B1=NA,B2=NA,G1=NA,G2=NA; BAG11-008: B1=NA,B2=NA,G1=NA,G2=NA; BAG11-009: B1=NA,B2=NA,G1=NA,G2=NA; BAG12-001: B1=NA,B2=NA,G1=NA,G2=NA; BAG12-002: B1=NA,B2=NA,G1=NA,G2=NA; BAG12-003: B1=NA,B2=NA,G1=NA,G2=NA; BAG12-004: B1=NA,B2=NA,G1=NA,G2=NA; BAG12-005: B1=NA,B2=NA,G1=NA,G2=NA; BAG12-006: B1=NA,B2=NA,G1=NA,G2=NA; BAG12-007: B1=NA,B2=NA,G1=NA,G2=NA; BAG12-008: B1=NA,B2=NA,G1=NA,G2=NA; BAG12-009: B1=NA,B2=NA,G1=NA,G2=NA; BAG13-001: B1=NA,B2=NA,G1=NA,G2=NA; BAG13-002: B1=NA,B2=NA,G1=NA,G2=NA; BAG13-003: B1=NA,B2=NA,G1=NA,G2=NA; BAG13-004: B1=NA,B2=NA,G1=NA,G2=NA; BAG13-005: B1=NA,B2=NA,G1=NA,G2=NA; BAG13-006: B1=NA,B2=NA,G1=NA,G2=NA; BAG13-007: B1=NA,B2=NA,G1=NA,G2=NA; BAG13-008: B1=NA,B2=NA,G1=NA,G2=NA; BAG13-009: B1=NA,B2=NA,G1=NA,G2=NA; BAG14-001: B1=NA,B2=NA,G1=NA,G2=NA; BAG14-002: B1=NA,B2=NA,G1=NA,G2=NA; BAG14-003: B1=NA,B2=NA,G1=NA,G2=NA; BAG14-004: B1=NA,B2=NA,G1=NA,G2=NA; BAG14-005: B1=NA,B2=NA,G1=NA,G2=NA; BAG14-006: B1=NA,B2=NA,G1=NA,G2=NA; BAG14-007: B1=NA,B2=NA,G1=NA,G2=NA; BAG14-008: B1=NA,B2=NA,G1=NA,G2=NA; BAG14-009: B1=NA,B2=NA,G1=NA,G2=NA; BAG14-010: B1=NA,B2=NA,G1=NA,G2=NA; BAG14-011: B1=NA,B2=NA,G1=NA,G2=NA; BAG14-012: B1=NA,B2=NA,G1=NA,G2=NA; BAG14-013: B1=NA,B2=NA,G1=NA,G2=NA; BAG14-014: B1=NA,B2=NA,G1=NA,G2=NA; BAG14-015: B1=NA,B2=NA,G1=NA,G2=NA; BAG14-016: B1=NA,B2=NA,G1=NA,G2=NA; BAG14-017: B1=NA,B2=NA,G1=NA,G2=NA; BAG14-018: B1=NA,B2=NA,G1=NA,G2=NA; BAG14-019: B1=NA,B2=NA,G1=NA,G2=NA; BAG14-020: B1=NA,B2=NA,G1=NA,G2=NA; BAG14-021: B1=NA,B2=NA,G1=NA,G2=NA; BAG14-022: B1=NA,B2=NA,G1=NA,G2=NA; BAG14-023: B1=NA,B2=NA,G1=NA,G2=NA; BAG14-024: B1=NA,B2=NA,G1=NA,G2=NA; BAG14-025: B1=NA,B2=NA,G1=NA,G2=NA; BAG14-026: B1=NA,B2=NA,G1=NA,G2=NA","","AgResults Control samples 2015"
"BAG7-002A",2015,"NGS","Kaduna",11.1788,8.2268,NA,NA,NA,NA,3.3,1.148,1.1,25,"BAG7-002B: 11.179, 8.227; BAG7-003: 11.179, 8.227; BAG7-004: 11.179, 8.227; BAG7-005: 11.179, 8.227; BAG7-006: 11.179, 8.227; BAG7-007: 11.179, 8.227; BAG7-008: 11.179, 8.227; BAG7-009: 11.179, 8.227; BAG8-001: 11.179, 8.227; BAG8-002: 11.179, 8.227; BAG8-003: 11.179, 8.227; BAG8-004: 11.179, 8.227; BAG8-005: 11.179, 8.227; BAG8-006: 11.179, 8.227; BAG8-007: 11.179, 8.227; BAG8-008: 11.179, 8.227; BAG9-001: 11.179, 8.227; BAG9-002: 11.179, 8.227; BAG9-003: 11.179, 8.227; BAG9-004: 11.179, 8.227; BAG9-005: 11.179, 8.227; BAG9-006: 11.179, 8.227; BAG9-007: 11.179, 8.227; BAG9-008: 11.179, 8.227","BAG7-002B: B1=NA,B2=NA,G1=NA,G2=NA; BAG7-003: B1=NA,B2=NA,G1=NA,G2=NA; BAG7-004: B1=NA,B2=NA,G1=NA,G2=NA; BAG7-005: B1=NA,B2=NA,G1=NA,G2=NA; BAG7-006: B1=NA,B2=NA,G1=NA,G2=NA; BAG7-007: B1=NA,B2=NA,G1=NA,G2=NA; BAG7-008: B1=NA,B2=NA,G1=NA,G2=NA; BAG7-009: B1=NA,B2=NA,G1=NA,G2=NA; BAG8-001: B1=NA,B2=NA,G1=NA,G2=NA; BAG8-002: B1=NA,B2=NA,G1=NA,G2=NA; BAG8-003: B1=NA,B2=NA,G1=NA,G2=NA; BAG8-004: B1=NA,B2=NA,G1=NA,G2=NA; BAG8-005: B1=NA,B2=NA,G1=NA,G2=NA; BAG8-006: B1=NA,B2=NA,G1=NA,G2=NA; BAG8-007: B1=NA,B2=NA,G1=NA,G2=NA; BAG8-008: B1=NA,B2=NA,G1=NA,G2=NA; BAG9-001: B1=NA,B2=NA,G1=NA,G2=NA; BAG9-002: B1=NA,B2=NA,G1=NA,G2=NA; BAG9-003: B1=NA,B2=NA,G1=NA,G2=NA; BAG9-004: B1=NA,B2=NA,G1=NA,G2=NA; BAG9-005: B1=NA,B2=NA,G1=NA,G2=NA; BAG9-006: B1=NA,B2=NA,G1=NA,G2=NA; BAG9-007: B1=NA,B2=NA,G1=NA,G2=NA; BAG9-008: B1=NA,B2=NA,G1=NA,G2=NA","","AgResults Control samples 2015"
"BAG3-003",2015,"NGS","Kaduna",11.1902,8.1294,NA,NA,NA,NA,23.6,2.84705882352941,1.4,17,"BAG3-004: 11.19, 8.129; BAG3-005: 11.19, 8.129; BAG3-006: 11.19, 8.129; BAG3-007: 11.19, 8.129; BAG3-008: 11.19, 8.129; BAG4-001: 11.19, 8.129; BAG4-002: 11.19, 8.129; BAG4-003: 11.19, 8.129; BAG4-004: 11.19, 8.129; BAG4-005: 11.19, 8.129; BAG4-006: 11.19, 8.129; BAG4-007: 11.19, 8.129; BAG4-008: 11.19, 8.129; BAG4-009: 11.19, 8.129; BAG5-001: 11.19, 8.129; BAG5-002: 11.19, 8.129","BAG3-004: B1=NA,B2=NA,G1=NA,G2=NA; BAG3-005: B1=NA,B2=NA,G1=NA,G2=NA; BAG3-006: B1=NA,B2=NA,G1=NA,G2=NA; BAG3-007: B1=NA,B2=NA,G1=NA,G2=NA; BAG3-008: B1=NA,B2=NA,G1=NA,G2=NA; BAG4-001: B1=NA,B2=NA,G1=NA,G2=NA; BAG4-002: B1=NA,B2=NA,G1=NA,G2=NA; BAG4-003: B1=NA,B2=NA,G1=NA,G2=NA; BAG4-004: B1=NA,B2=NA,G1=NA,G2=NA; BAG4-005: B1=NA,B2=NA,G1=NA,G2=NA; BAG4-006: B1=NA,B2=NA,G1=NA,G2=NA; BAG4-007: B1=NA,B2=NA,G1=NA,G2=NA; BAG4-008: B1=NA,B2=NA,G1=NA,G2=NA; BAG4-009: B1=NA,B2=NA,G1=NA,G2=NA; BAG5-001: B1=NA,B2=NA,G1=NA,G2=NA; BAG5-002: B1=NA,B2=NA,G1=NA,G2=NA","","AgResults Control samples 2015"
"BAG5-003",2015,"NGS","Kaduna",11.2667,7.6522,NA,NA,NA,NA,1.7,1.27777777777778,1.4,9,"BAG5-004: 11.267, 7.652; BAG5-005: 11.267, 7.652; BAG5-006: 11.267, 7.652; BAG5-007: 11.267, 7.652; BAG5-008: 11.267, 7.652; BAG6-001: 11.267, 7.652; BAG6-002: 11.267, 7.652; BAG6-003: 11.267, 7.652","BAG5-004: B1=NA,B2=NA,G1=NA,G2=NA; BAG5-005: B1=NA,B2=NA,G1=NA,G2=NA; BAG5-006: B1=NA,B2=NA,G1=NA,G2=NA; BAG5-007: B1=NA,B2=NA,G1=NA,G2=NA; BAG5-008: B1=NA,B2=NA,G1=NA,G2=NA; BAG6-001: B1=NA,B2=NA,G1=NA,G2=NA; BAG6-002: B1=NA,B2=NA,G1=NA,G2=NA; BAG6-003: B1=NA,B2=NA,G1=NA,G2=NA","","AgResults Control samples 2015"
"BAG10-001",2015,"SS","Kaduna",11.3334,8.1229,NA,NA,NA,NA,1.9,1.13846153846154,1.1,13,"BAG10-002: 11.333, 8.123; BAG10-003: 11.333, 8.123; BAG10-004: 11.333, 8.123; BAG10-005: 11.333, 8.123; BAG10-006: 11.333, 8.123; BAG10-007: 11.333, 8.123; BAG10-008: 11.333, 8.123; BAG11-001: 11.333, 8.123; BAG11-002: 11.333, 8.123; BAG11-003: 11.333, 8.123; BAG9-009: 11.333, 8.123; BAG9-010: 11.333, 8.123","BAG10-002: B1=NA,B2=NA,G1=NA,G2=NA; BAG10-003: B1=NA,B2=NA,G1=NA,G2=NA; BAG10-004: B1=NA,B2=NA,G1=NA,G2=NA; BAG10-005: B1=NA,B2=NA,G1=NA,G2=NA; BAG10-006: B1=NA,B2=NA,G1=NA,G2=NA; BAG10-007: B1=NA,B2=NA,G1=NA,G2=NA; BAG10-008: B1=NA,B2=NA,G1=NA,G2=NA; BAG11-001: B1=NA,B2=NA,G1=NA,G2=NA; BAG11-002: B1=NA,B2=NA,G1=NA,G2=NA; BAG11-003: B1=NA,B2=NA,G1=NA,G2=NA; BAG9-009: B1=NA,B2=NA,G1=NA,G2=NA; BAG9-010: B1=NA,B2=NA,G1=NA,G2=NA","","AgResults Control samples 2015"
"BAG1-001",2015,"SS","Katsina",12.241,7.653,NA,NA,NA,NA,27.7,2.44,1,20,"BAG1-002: 12.241, 7.653; BAG1-003: 12.241, 7.653; BAG1-004: 12.241, 7.653; BAG1-005: 12.241, 7.653; BAG1-006: 12.241, 7.653; BAG1-007: 12.241, 7.653; BAG1-008: 12.241, 7.653; BAG2-001A: 12.241, 7.653; BAG2-001B: 12.241, 7.653; BAG2-002: 12.241, 7.653; BAG2-003: 12.241, 7.653; BAG2-004: 12.241, 7.653; BAG2-005: 12.241, 7.653; BAG2-006: 12.241, 7.653; BAG2-007: 12.241, 7.653; BAG2-009: 12.241, 7.653; BAG2-010: 12.241, 7.653; BAG3-001: 12.241, 7.653; BAG3-002: 12.241, 7.653","BAG1-002: B1=NA,B2=NA,G1=NA,G2=NA; BAG1-003: B1=NA,B2=NA,G1=NA,G2=NA; BAG1-004: B1=NA,B2=NA,G1=NA,G2=NA; BAG1-005: B1=NA,B2=NA,G1=NA,G2=NA; BAG1-006: B1=NA,B2=NA,G1=NA,G2=NA; BAG1-007: B1=NA,B2=NA,G1=NA,G2=NA; BAG1-008: B1=NA,B2=NA,G1=NA,G2=NA; BAG2-001A: B1=NA,B2=NA,G1=NA,G2=NA; BAG2-001B: B1=NA,B2=NA,G1=NA,G2=NA; BAG2-002: B1=NA,B2=NA,G1=NA,G2=NA; BAG2-003: B1=NA,B2=NA,G1=NA,G2=NA; BAG2-004: B1=NA,B2=NA,G1=NA,G2=NA; BAG2-005: B1=NA,B2=NA,G1=NA,G2=NA; BAG2-006: B1=NA,B2=NA,G1=NA,G2=NA; BAG2-007: B1=NA,B2=NA,G1=NA,G2=NA; BAG2-009: B1=NA,B2=NA,G1=NA,G2=NA; BAG2-010: B1=NA,B2=NA,G1=NA,G2=NA; BAG3-001: B1=NA,B2=NA,G1=NA,G2=NA; BAG3-002: B1=NA,B2=NA,G1=NA,G2=NA","","AgResults Control samples 2015"
"NOT PROVIDED",2015,"DS","Oyo",8.7532,4.136,NA,NA,NA,NA,103.3,103.3,103.3,1,NA,NA,"","AgResults Control samples 2015"
"BAG6-004",2015,"SGS","Kaduna",9.5,8.05,NA,NA,NA,NA,45.9,9.7,0.6,5,"BAG6-005: 9.5, 8.05; BAG6-006: 9.5, 8.05; BAG6-007: 9.5, 8.05; BAG7-001: 9.5, 8.05","BAG6-005: B1=NA,B2=NA,G1=NA,G2=NA; BAG6-006: B1=NA,B2=NA,G1=NA,G2=NA; BAG6-007: B1=NA,B2=NA,G1=NA,G2=NA; BAG7-001: B1=NA,B2=NA,G1=NA,G2=NA","","AgResults Control samples 2015"
"ARDS001C",2016,"NGS","Kaduna",10.3853,8.5735,NA,NA,NA,NA,1.4,0.9875,0.95,8,"ARDS002C: 10.385, 8.573; ARDS003C: 10.385, 8.573; ARDS004C: 10.385, 8.573; ARDS005C: 10.385, 8.573; ARDS006C: 10.385, 8.573; ARDS007C: 10.385, 8.573; ARFF001C: 10.385, 8.573","ARDS002C: B1=NA,B2=NA,G1=NA,G2=NA; ARDS003C: B1=NA,B2=NA,G1=NA,G2=NA; ARDS004C: B1=NA,B2=NA,G1=NA,G2=NA; ARDS005C: B1=NA,B2=NA,G1=NA,G2=NA; ARDS006C: B1=NA,B2=NA,G1=NA,G2=NA; ARDS007C: B1=NA,B2=NA,G1=NA,G2=NA; ARFF001C: B1=NA,B2=NA,G1=NA,G2=NA","","AgResults Control Samples"
"ARAE0001CM",2016,"NGS","Kaduna",10.5079,7.4084,NA,NA,NA,NA,25.1,7,1,4,"ARAE0002CM: 10.508, 7.408; ARAE0003CM: 10.508, 7.408; ARAE0004CM: 10.508, 7.408","ARAE0002CM: B1=NA,B2=NA,G1=NA,G2=NA; ARAE0003CM: B1=NA,B2=NA,G1=NA,G2=NA; ARAE0004CM: B1=NA,B2=NA,G1=NA,G2=NA","","AgResults Control Samples"
"ARAE0005CM",2016,"NGS","Kano",10.8125,8.7041,NA,NA,NA,NA,1.5,1.125,1.15,4,"ARAE0006CM: 10.812, 8.704; ARAE0007CM: 10.812, 8.704; ARAE0008CM: 10.812, 8.704","ARAE0006CM: B1=NA,B2=NA,G1=NA,G2=NA; ARAE0007CM: B1=NA,B2=NA,G1=NA,G2=NA; ARAE0008CM: B1=NA,B2=NA,G1=NA,G2=NA","","AgResults Control Samples"
"ARKD005C",2016,"NGS","Kaduna",11.1047,7.7207,NA,NA,NA,NA,1.2,1.15,1.15,2,"ARKD006C: 11.105, 7.721","ARKD006C: B1=NA,B2=NA,G1=NA,G2=NA","","CADP Kaduna - Kaduna State"
"ARPV0001CM",2016,"NGS","Kaduna",11.1788,8.2268,NA,NA,NA,NA,1.9,1.18888888888889,1.1,9,"ARPV0002CM: 11.179, 8.227; ARPV0003CM: 11.179, 8.227; ARPV0004CM: 11.179, 8.227; ARPV0005CM: 11.179, 8.227; ARPV0006CM: 11.179, 8.227; ARPV0007CM: 11.179, 8.227; ARPV0008CM: 11.179, 8.227; ARPV0009CM: 11.179, 8.227","ARPV0002CM: B1=NA,B2=NA,G1=NA,G2=NA; ARPV0003CM: B1=NA,B2=NA,G1=NA,G2=NA; ARPV0004CM: B1=NA,B2=NA,G1=NA,G2=NA; ARPV0005CM: B1=NA,B2=NA,G1=NA,G2=NA; ARPV0006CM: B1=NA,B2=NA,G1=NA,G2=NA; ARPV0007CM: B1=NA,B2=NA,G1=NA,G2=NA; ARPV0008CM: B1=NA,B2=NA,G1=NA,G2=NA; ARPV0009CM: B1=NA,B2=NA,G1=NA,G2=NA","","AgResults Control Samples"
"ARTG001CM",2016,"NGS","Kaduna",11.2802,7.4179,NA,NA,NA,NA,85.9,9.74444444444445,1.05,18,"ARTG002CM: 11.28, 7.418; ARTG003CM: 11.28, 7.418; ARTG004CM: 11.28, 7.418; ARTG005CM: 11.28, 7.418; ARTG006CM: 11.28, 7.418; ARTG007CM: 11.28, 7.418; ARTG008CM: 11.28, 7.418; ARTG009CM: 11.28, 7.418; ARTG010CM: 11.28, 7.418; ARTG011CM: 11.28, 7.418; ARTG012CM: 11.28, 7.418; ARTG013CM: 11.28, 7.418; ARTG014CM: 11.28, 7.418; ARTG015CM: 11.28, 7.418; ARTG016CM: 11.28, 7.418; ARTG017CM: 11.28, 7.418; ARTG018CM: 11.28, 7.418","ARTG002CM: B1=NA,B2=NA,G1=NA,G2=NA; ARTG003CM: B1=NA,B2=NA,G1=NA,G2=NA; ARTG004CM: B1=NA,B2=NA,G1=NA,G2=NA; ARTG005CM: B1=NA,B2=NA,G1=NA,G2=NA; ARTG006CM: B1=NA,B2=NA,G1=NA,G2=NA; ARTG007CM: B1=NA,B2=NA,G1=NA,G2=NA; ARTG008CM: B1=NA,B2=NA,G1=NA,G2=NA; ARTG009CM: B1=NA,B2=NA,G1=NA,G2=NA; ARTG010CM: B1=NA,B2=NA,G1=NA,G2=NA; ARTG011CM: B1=NA,B2=NA,G1=NA,G2=NA; ARTG012CM: B1=NA,B2=NA,G1=NA,G2=NA; ARTG013CM: B1=NA,B2=NA,G1=NA,G2=NA; ARTG014CM: B1=NA,B2=NA,G1=NA,G2=NA; ARTG015CM: B1=NA,B2=NA,G1=NA,G2=NA; ARTG016CM: B1=NA,B2=NA,G1=NA,G2=NA; ARTG017CM: B1=NA,B2=NA,G1=NA,G2=NA; ARTG018CM: B1=NA,B2=NA,G1=NA,G2=NA","","Tukuyan Gwari - Kaduna State"
"ARKD001C",2016,"NGS","Kaduna",11.2659,7.648,NA,NA,NA,NA,2.1,1.525,1.45,4,"ARKD002C: 11.266, 7.648; ARKD003C: 11.266, 7.648; ARKD004C: 11.266, 7.648","ARKD002C: B1=NA,B2=NA,G1=NA,G2=NA; ARKD003C: B1=NA,B2=NA,G1=NA,G2=NA; ARKD004C: B1=NA,B2=NA,G1=NA,G2=NA","","AgResults Control Samples"
"ARAS001C",2016,"SS","Kano",11.5501,7.8232,NA,NA,NA,NA,1.7,1.11333333333333,1.1,15,"ARAS002C: 11.55, 7.823; ARAS003C: 11.55, 7.823; ARAS004C: 11.55, 7.823; ARAS005C: 11.55, 7.823; ARAS006C: 11.55, 7.823; ARAS007C: 11.55, 7.823; ARAS008C: 11.55, 7.823; ARKN004C: 11.55, 7.823; ARKN005C: 11.55, 7.823; ARKN006C: 11.55, 7.823; ARKN007C: 11.55, 7.823; ARKN008C: 11.55, 7.823; ARKN009C: 11.55, 7.823; ARKN010C: 11.55, 7.823","ARAS002C: B1=NA,B2=NA,G1=NA,G2=NA; ARAS003C: B1=NA,B2=NA,G1=NA,G2=NA; ARAS004C: B1=NA,B2=NA,G1=NA,G2=NA; ARAS005C: B1=NA,B2=NA,G1=NA,G2=NA; ARAS006C: B1=NA,B2=NA,G1=NA,G2=NA; ARAS007C: B1=NA,B2=NA,G1=NA,G2=NA; ARAS008C: B1=NA,B2=NA,G1=NA,G2=NA; ARKN004C: B1=NA,B2=NA,G1=NA,G2=NA; ARKN005C: B1=NA,B2=NA,G1=NA,G2=NA; ARKN006C: B1=NA,B2=NA,G1=NA,G2=NA; ARKN007C: B1=NA,B2=NA,G1=NA,G2=NA; ARKN008C: B1=NA,B2=NA,G1=NA,G2=NA; ARKN009C: B1=NA,B2=NA,G1=NA,G2=NA; ARKN010C: B1=NA,B2=NA,G1=NA,G2=NA","","AgResults Control Samples"
"ARKN001C",2016,"SS","Kano",11.9171,7.9348,NA,NA,NA,NA,1.2,0.966666666666667,1.1,3,"ARKN002C: 11.917, 7.935; ARKN003C: 11.917, 7.935","ARKN002C: B1=NA,B2=NA,G1=NA,G2=NA; ARKN003C: B1=NA,B2=NA,G1=NA,G2=NA","","AgResults Control Samples"
"ARMR001C",2016,"HF","Edo",6.3671,5.5722,NA,NA,NA,NA,124.3,29.4666666666667,7.45,6,"ARMR002C: 6.367, 5.572; ARMR003C: 6.367, 5.572; ARMR004C: 6.367, 5.572; ARMR005C: 6.367, 5.572; ARMR008C: 6.367, 5.572","ARMR002C: B1=NA,B2=NA,G1=NA,G2=NA; ARMR003C: B1=NA,B2=NA,G1=NA,G2=NA; ARMR004C: B1=NA,B2=NA,G1=NA,G2=NA; ARMR005C: B1=NA,B2=NA,G1=NA,G2=NA; ARMR008C: B1=NA,B2=NA,G1=NA,G2=NA","","AgResults Control Samples"
"ARMR009C",2016,"HF","Edo",6.4579,5.9833,NA,NA,NA,NA,1.1,1.05,1.05,2,"ARMR010C: 6.458, 5.983","ARMR010C: B1=NA,B2=NA,G1=NA,G2=NA","","AgResults Control Samples"
"AREN006C",2016,"DS","Enugu",6.4818,7.3949,NA,NA,NA,NA,0.9,0.633333333333333,0.5,3,"AREN007C: 6.482, 7.395; AREN008C: 6.482, 7.395","AREN007C: B1=NA,B2=NA,G1=NA,G2=NA; AREN008C: B1=NA,B2=NA,G1=NA,G2=NA","","AgResults Control Samples"
"ARMR006C",2016,"HF","Edo",6.6899,6.1315,NA,NA,NA,NA,1.6,1.6,1.6,1,NA,NA,"","AgResults Control Samples"
"ARMR007C",2016,"DS","Edo",6.7393,6.219,NA,NA,NA,NA,2.6,2.6,2.6,1,NA,NA,"","AgResults Control Samples"
"AREN001C",2016,"DS","Enugu",6.7401,7.1359,NA,NA,NA,NA,51.6,17.7,1.3,3,"AREN002C: 6.74, 7.136; AREN003C: 6.74, 7.136","AREN002C: B1=NA,B2=NA,G1=NA,G2=NA; AREN003C: B1=NA,B2=NA,G1=NA,G2=NA","","AgResults Control Samples"
"AREN004C",2016,"DS","Enugu",6.8429,7.3733,NA,NA,NA,NA,1.8,1.55,1.55,2,"AREN005C: 6.843, 7.373","AREN005C: B1=NA,B2=NA,G1=NA,G2=NA","","AgResults Control Samples"
"ARAL0001C",2016,"DS","Ogun",7.0333,3.947,NA,NA,NA,NA,22.7,6.2375,1.7,8,"ARAL0002C: 7.033, 3.947; ARAL0003C: 7.033, 3.947; ARAL0004C: 7.033, 3.947; ARAL0005C: 7.033, 3.947; ARAL0006C: 7.033, 3.947; ARAL0007C: 7.033, 3.947; ARAL0008C: 7.033, 3.947","ARAL0002C: B1=NA,B2=NA,G1=NA,G2=NA; ARAL0003C: B1=NA,B2=NA,G1=NA,G2=NA; ARAL0004C: B1=NA,B2=NA,G1=NA,G2=NA; ARAL0005C: B1=NA,B2=NA,G1=NA,G2=NA; ARAL0006C: B1=NA,B2=NA,G1=NA,G2=NA; ARAL0007C: B1=NA,B2=NA,G1=NA,G2=NA; ARAL0008C: B1=NA,B2=NA,G1=NA,G2=NA","","AgResults Control Samples"
"ARAICONTROL1",2016,"DS","Oyo",7.5952,3.9177,NA,NA,NA,NA,35.9,23.95,23.95,2,"ARAICONTROL2: 7.595, 3.918","ARAICONTROL2: B1=NA,B2=NA,G1=NA,G2=NA","","AgResults Control Samples"
"ARAI0479C",2016,"DS","Osun",7.5691,4.2538,NA,NA,NA,NA,147.3,93.9,133.9,3,"IK01C: 7.569, 4.254; IK02C: 7.569, 4.254","IK01C: B1=NA,B2=NA,G1=NA,G2=NA; IK02C: B1=NA,B2=NA,G1=NA,G2=NA","","AgResults Control Samples"
"ARFP0751C",2016,"DS","Ekiti",7.6124,5.2371,NA,NA,NA,NA,28,5.51666666666667,0.9,6,"ARFP0752C: 7.612, 5.237; ARFP0753C: 7.612, 5.237; ARFP0754C: 7.612, 5.237; ARFP0755C: 7.612, 5.237; ARFP0756C: 7.612, 5.237","ARFP0752C: B1=NA,B2=NA,G1=NA,G2=NA; ARFP0753C: B1=NA,B2=NA,G1=NA,G2=NA; ARFP0754C: B1=NA,B2=NA,G1=NA,G2=NA; ARFP0755C: B1=NA,B2=NA,G1=NA,G2=NA; ARFP0756C: B1=NA,B2=NA,G1=NA,G2=NA","","AgResults Control Samples"
"SA01C",2016,"DS","Oyo",8.6033,3.1378,NA,NA,NA,NA,93.1,36.625,26.65,4,"SA02C: 8.603, 3.138; SA03C: 8.603, 3.138; SA04C: 8.603, 3.138","SA02C: B1=NA,B2=NA,G1=NA,G2=NA; SA03C: B1=NA,B2=NA,G1=NA,G2=NA; SA04C: B1=NA,B2=NA,G1=NA,G2=NA","","AgResults Control Samples"
"ARFF001C",2017,"SGS","Kaduna",10.3785,7.4481,NA,NA,NA,NA,1.4,1.4,1.4,1,NA,NA,"","Fantsuam Foundation - Kaduna State"
"ARDS008C",2017,"NGS","Kaduna",10.3853,8.5735,NA,NA,NA,NA,1.4,1.4,1.4,1,NA,NA,"","Dal-Allgreen - Kaduna State"
"ARMR009C",2017,"HF","Edo",6.2901,5.9502,NA,NA,NA,NA,1.1,1.05,1.05,2,"ARMR010C: 6.29, 5.95","ARMR010C: B1=NA,B2=NA,G1=NA,G2=NA","","Monosa Resources - Edo State"
"AREN006C",2017,"DS","Enugu",6.3167,7.4333,NA,NA,NA,NA,0.9,0.633333333333333,0.5,3,"AREN007C: 6.317, 7.433; AREN008C: 6.317, 7.433","AREN007C: B1=NA,B2=NA,G1=NA,G2=NA; AREN008C: B1=NA,B2=NA,G1=NA,G2=NA","","CADP Enugu - Enugu State"
"ARMR001C",2017,"DS","Edo",6.7208,6.3231,NA,NA,NA,NA,124.3,29.4666666666667,7.45,6,"ARMR002C: 6.721, 6.323; ARMR003C: 6.721, 6.323; ARMR004C: 6.721, 6.323; ARMR005C: 6.721, 6.323; ARMR008C: 6.721, 6.323","ARMR002C: B1=NA,B2=NA,G1=NA,G2=NA; ARMR003C: B1=NA,B2=NA,G1=NA,G2=NA; ARMR004C: B1=NA,B2=NA,G1=NA,G2=NA; ARMR005C: B1=NA,B2=NA,G1=NA,G2=NA; ARMR008C: B1=NA,B2=NA,G1=NA,G2=NA","","Monosa Resources - Edo State"
"ARMR006C",2017,"DS","Edo",6.743,6.1421,NA,NA,NA,NA,1.6,1.6,1.6,1,NA,NA,"","Monosa Resources - Edo State"
"AREN001C",2017,"DS","Enugu",6.734,7.0095,NA,NA,NA,NA,51.6,17.7,1.3,3,"AREN002C: 6.734, 7.01; AREN003C: 6.734, 7.01","AREN002C: B1=NA,B2=NA,G1=NA,G2=NA; AREN003C: B1=NA,B2=NA,G1=NA,G2=NA","","CADP Enugu - Enugu State"
"AREN004C",2017,"DS","Enugu",6.7703,7.43,NA,NA,NA,NA,1.8,1.55,1.55,2,"AREN005C: 6.77, 7.43","AREN005C: B1=NA,B2=NA,G1=NA,G2=NA","","CADP Enugu - Enugu State"
"ARAL0005C",2017,"DS","Ogun",6.9098,3.2584,NA,NA,NA,NA,22.7,8.8,5.7,4,"ARAL0006C: 6.91, 3.258; ARAL0007C: 6.91, 3.258; ARAL0008C: 6.91, 3.258","ARAL0006C: B1=NA,B2=NA,G1=NA,G2=NA; ARAL0007C: B1=NA,B2=NA,G1=NA,G2=NA; ARAL0008C: B1=NA,B2=NA,G1=NA,G2=NA","","Agrisupply - Ogun State"
"ARAL0001C",2017,"DS","Ogun",6.9792,3.998,NA,NA,NA,NA,10.7,3.675,1.65,4,"ARAL0002C: 6.979, 3.998; ARAL0003C: 6.979, 3.998; ARAL0004C: 6.979, 3.998","ARAL0002C: B1=NA,B2=NA,G1=NA,G2=NA; ARAL0003C: B1=NA,B2=NA,G1=NA,G2=NA; ARAL0004C: B1=NA,B2=NA,G1=NA,G2=NA","","Agrisupply - Ogun State"
"ARAI0479C",2017,"DS","Osun",7.37,4.1872,NA,NA,NA,NA,147.3,93.9,133.9,3,"IK01C: 7.37, 4.187; IK02C: 7.37, 4.187","IK01C: B1=NA,B2=NA,G1=NA,G2=NA; IK02C: B1=NA,B2=NA,G1=NA,G2=NA","","Agbelere Integrated Farms - Oyo & Osun States"
"ARMR007C",2017,"DS","Edo",7.3533,6.1103,NA,NA,NA,NA,2.6,2.6,2.6,1,NA,NA,"","Monosa Resources - Edo State"
"ARAIC1",2017,"DS","Oyo",7.6311,3.8489,NA,NA,NA,NA,35.9,23.95,23.95,2,"ARAIC2: 7.631, 3.849","ARAIC2: B1=NA,B2=NA,G1=NA,G2=NA","","Agbelere Integrated Farms - Oyo & Osun States"
"ARFP0752C",2017,"DS","Ekiti",7.7983,5.5145,NA,NA,NA,NA,0.9,0.9,0.9,1,NA,NA,"","Ado Poly Venture - Ekiti State"
"SA01C",2017,"DS","Oyo",8.6726,3.3943,NA,NA,NA,NA,93.1,36.625,26.65,4,"SA02C: 8.673, 3.394; SA03C: 8.673, 3.394; SA04C: 8.673, 3.394","SA02C: B1=NA,B2=NA,G1=NA,G2=NA; SA03C: B1=NA,B2=NA,G1=NA,G2=NA; SA04C: B1=NA,B2=NA,G1=NA,G2=NA","","Agbelere Integrated Farms - Oyo & Osun States"
"ARFF0001CM",2018,"SGS","Kaduna",10.3785,7.4481,18,7,0,106,131,131,131,1,NA,NA,"","Fantsuam Foundation"
"ARAECM0001",2018,"NGS","Kaduna",10.5079,7.4084,0,0,0,15,2229,41,0,63,"ARAECM0002: 10.508, 7.408; ARAECM0003: 10.508, 7.408; ARAECM0004: 10.508, 7.408; ARBGCM0001: 10.504, 7.434; ARBGCM0002: 10.504, 7.434; ARBGCM0003: 10.504, 7.434; ARBGCM0004: 10.504, 7.434; ARBGCM0005: 10.504, 7.434; ARBGCM0006: 10.504, 7.434; ARBGCM0007: 10.504, 7.434; ARBGCM0008: 10.504, 7.434; ARBGCM0009: 10.504, 7.434; ARBGCM0010: 10.504, 7.434; ARBGCM0011: 10.504, 7.434; ARBGCM0012: 10.504, 7.434; ARBGCM0013: 10.504, 7.434; ARBGCM0014: 10.504, 7.434; ARBGCM0015: 10.504, 7.434; ARBGCM0016: 10.504, 7.434; ARBGCM0017: 10.504, 7.434; ARBGCM0018: 10.504, 7.434; ARBGCM0019: 10.504, 7.434; ARBGCM0020: 10.504, 7.434; ARBGCM0021: 10.504, 7.434; ARBGCM0022: 10.504, 7.434; ARBGCM0023: 10.504, 7.434; ARBGCM0024: 10.504, 7.434; ARBGCM0025: 10.504, 7.434; ARBGCM0026: 10.504, 7.434; ARBGCM0027: 10.504, 7.434; ARBGCM0028: 10.504, 7.434; ARBGCM0029: 10.504, 7.434; ARBGCM0030: 10.504, 7.434; ARBGCM0031: 10.504, 7.434; ARBGCM0032: 10.504, 7.434; ARBGCM0033: 10.504, 7.434; ARBGCM0034: 10.504, 7.434; ARBGCM0035: 10.504, 7.434; ARBGCM0036: 10.504, 7.434; ARBGCM0037: 10.504, 7.434; ARBGCM0038: 10.504, 7.434; ARBGCM0039: 10.504, 7.434; ARBGCM0040: 10.504, 7.434; ARBGCM0041: 10.504, 7.434; ARBGCM0042: 10.504, 7.434; ARBGCM0043: 10.504, 7.434; ARBGCM0044: 10.504, 7.434; ARBGCM0045: 10.504, 7.434; ARBGCM0046: 10.504, 7.434; ARBGCM0047: 10.504, 7.434; ARBGCM0048: 10.504, 7.434; ARBGCM0049: 10.504, 7.434; ARBGCM0050: 10.504, 7.434; ARBGCM0051: 10.504, 7.434; ARBGCM0052: 10.504, 7.434; ARBGCM0053: 10.504, 7.434; ARBGCM0054: 10.504, 7.434; ARBGCM0055: 10.504, 7.434; ARBGCM0056: 10.504, 7.434; ARBGCM0057: 10.504, 7.434; ARBGCM0058: 10.504, 7.434; ARBGCM0059: 10.504, 7.434","ARAECM0002: B1=11,B2=0,G1=0,G2=20; ARAECM0003: B1=0,B2=0,G1=0,G2=0; ARAECM0004: B1=0,B2=0,G1=0,G2=11; ARBGCM0001: B1=0,B2=0,G1=0,G2=0; ARBGCM0002: B1=0,B2=0,G1=0,G2=0; ARBGCM0003: B1=0,B2=0,G1=0,G2=0; ARBGCM0004: B1=0,B2=0,G1=0,G2=0; ARBGCM0005: B1=0,B2=0,G1=0,G2=0; ARBGCM0006: B1=258,B2=0,G1=0,G2=1971; ARBGCM0007: B1=0,B2=0,G1=0,G2=0; ARBGCM0008: B1=0,B2=0,G1=0,G2=0; ARBGCM0009: B1=0,B2=0,G1=0,G2=0; ARBGCM0010: B1=0,B2=0,G1=0,G2=0; ARBGCM0011: B1=0,B2=0,G1=0,G2=0; ARBGCM0012: B1=0,B2=0,G1=0,G2=0; ARBGCM0013: B1=0,B2=0,G1=0,G2=0; ARBGCM0014: B1=0,B2=0,G1=0,G2=0; ARBGCM0015: B1=0,B2=0,G1=0,G2=0; ARBGCM0016: B1=0,B2=0,G1=0,G2=0; ARBGCM0017: B1=0,B2=0,G1=0,G2=0; ARBGCM0018: B1=0,B2=0,G1=0,G2=0; ARBGCM0019: B1=0,B2=0,G1=0,G2=0; ARBGCM0020: B1=0,B2=0,G1=0,G2=0; ARBGCM0021: B1=0,B2=0,G1=0,G2=0; ARBGCM0022: B1=0,B2=0,G1=0,G2=0; ARBGCM0023: B1=13,B2=0,G1=0,G2=25; ARBGCM0024: B1=0,B2=0,G1=0,G2=0; ARBGCM0025: B1=0,B2=0,G1=0,G2=0; ARBGCM0026: B1=0,B2=0,G1=0,G2=0; ARBGCM0027: B1=0,B2=0,G1=0,G2=0; ARBGCM0028: B1=0,B2=0,G1=0,G2=0; ARBGCM0029: B1=0,B2=0,G1=0,G2=0; ARBGCM0030: B1=0,B2=0,G1=0,G2=16; ARBGCM0031: B1=0,B2=0,G1=0,G2=0; ARBGCM0032: B1=0,B2=0,G1=0,G2=0; ARBGCM0033: B1=0,B2=0,G1=0,G2=0; ARBGCM0034: B1=0,B2=0,G1=0,G2=0; ARBGCM0035: B1=0,B2=0,G1=0,G2=0; ARBGCM0036: B1=0,B2=0,G1=0,G2=0; ARBGCM0037: B1=0,B2=0,G1=0,G2=0; ARBGCM0038: B1=0,B2=0,G1=0,G2=0; ARBGCM0039: B1=0,B2=0,G1=0,G2=20; ARBGCM0040: B1=0,B2=0,G1=0,G2=0; ARBGCM0041: B1=0,B2=0,G1=0,G2=0; ARBGCM0042: B1=0,B2=0,G1=0,G2=0; ARBGCM0043: B1=0,B2=0,G1=0,G2=0; ARBGCM0044: B1=0,B2=0,G1=0,G2=0; ARBGCM0045: B1=0,B2=0,G1=0,G2=0; ARBGCM0046: B1=0,B2=0,G1=0,G2=0; ARBGCM0047: B1=0,B2=0,G1=0,G2=0; ARBGCM0048: B1=0,B2=0,G1=0,G2=11; ARBGCM0049: B1=0,B2=0,G1=0,G2=9; ARBGCM0050: B1=13,B2=0,G1=0,G2=19; ARBGCM0051: B1=0,B2=0,G1=0,G2=0; ARBGCM0052: B1=6,B2=0,G1=0,G2=19; ARBGCM0053: B1=0,B2=0,G1=0,G2=24; ARBGCM0054: B1=0,B2=0,G1=0,G2=13; ARBGCM0055: B1=0,B2=0,G1=0,G2=19; ARBGCM0056: B1=0,B2=0,G1=0,G2=17; ARBGCM0057: B1=0,B2=0,G1=0,G2=12; ARBGCM0058: B1=0,B2=0,G1=0,G2=0; ARBGCM0059: B1=25,B2=0,G1=0,G2=36","","Ahalson Enterprice"
"ARTGCM0001",2018,"NGS","Kaduna",11.2802,7.4179,0,0,0,8,37,18.6666666666667,16,12,"ARTGCM0002: 11.28, 7.418; ARTGCM0003: 11.28, 7.418; ARTGCM0004: 11.28, 7.418; ARTGCM0005: 11.28, 7.418; ARTGCM0006: 11.28, 7.418; ARTGCM0007: 11.28, 7.418; ARTGCM0008: 11.28, 7.418; ARTGCM0009: 11.28, 7.418; ARTGCM0010: 11.28, 7.418; ARTGCM0011: 11.28, 7.418; ARTGCM0012: 11.28, 7.418","ARTGCM0002: B1=0,B2=0,G1=0,G2=0; ARTGCM0003: B1=0,B2=0,G1=0,G2=28; ARTGCM0004: B1=0,B2=0,G1=0,G2=32; ARTGCM0005: B1=0,B2=0,G1=0,G2=11; ARTGCM0006: B1=0,B2=0,G1=0,G2=27; ARTGCM0007: B1=0,B2=0,G1=0,G2=14; ARTGCM0008: B1=0,B2=0,G1=0,G2=14; ARTGCM0009: B1=0,B2=0,G1=0,G2=37; ARTGCM0010: B1=0,B2=0,G1=0,G2=23; ARTGCM0011: B1=0,B2=0,G1=0,G2=18; ARTGCM0012: B1=0,B2=0,G1=0,G2=12","","Tukwuyan Gwari"
"ARFACM01",2018,"DS","Lagos",6.524,3.275,0,0,0,0,0,0,0,1,NA,NA,"","Fumakins"
"ARALCM01",2018,"DS","Ogun",6.998,3.4737,34,0,0,60,415,122.266666666667,34,15,"ARALCM02: 6.998, 3.474; ARALCM03: 6.998, 3.474; ARALCM04: 6.998, 3.474; ARALCM05: 6.998, 3.474; ARALCM06: 6.998, 3.474; ARALCM07: 6.998, 3.474; ARALCM08: 6.998, 3.474; ARALCM09: 6.998, 3.474; ARALCM10: 6.998, 3.474; ARBPCM02: 6.998, 3.474; ARBPCM03: 6.998, 3.474; ARPBCM01: 6.998, 3.474; ARPBCM02: 6.998, 3.474; ARPBCM03: 6.998, 3.474","ARALCM02: B1=0,B2=0,G1=0,G2=34; ARALCM03: B1=0,B2=0,G1=0,G2=19; ARALCM04: B1=0,B2=0,G1=0,G2=0; ARALCM05: B1=40,B2=14,G1=11,G2=153; ARALCM06: B1=0,B2=0,G1=0,G2=10; ARALCM07: B1=0,B2=0,G1=0,G2=29; ARALCM08: B1=27,B2=0,G1=0,G2=192; ARALCM09: B1=0,B2=0,G1=0,G2=0; ARALCM10: B1=0,B2=0,G1=0,G2=14; ARBPCM02: B1=0,B2=0,G1=0,G2=11; ARBPCM03: B1=35,B2=0,G1=0,G2=354; ARPBCM01: B1=65,B2=0,G1=0,G2=350; ARPBCM02: B1=17,B2=49,G1=0,G2=157; ARPBCM03: B1=26,B2=0,G1=0,G2=133","","Agrisupply Limited"
"ARBSCM01",2018,"DS","Ogun",7.239,3.032861111,0,0,0,0,536,134,0,4,"ARBSCM02: 7.239, 3.033; ARBSCM03: 7.239, 3.033; ARBSCM04: 7.239, 3.033","ARBSCM02: B1=0,B2=0,G1=0,G2=0; ARBSCM03: B1=64,B2=43,G1=9,G2=420; ARBSCM04: B1=0,B2=0,G1=0,G2=0","","Business Support Academy"
"ARAFPCM0001",2018,"DS","Benue",7.3369,8.7404,0,0,0,0,485,23.09375,0,32,"ARAFPCM0002: 7.337, 8.74; ARAFPCM0003: 7.337, 8.74; ARAFPCM0004: 7.337, 8.74; ARAFPCM0005: 7.337, 8.74; ARAFPCM0006: 7.337, 8.74; ARAFPCM0007: 7.337, 8.74; ARAFPCM0008: 7.337, 8.74; ARAFPCM0009: 7.337, 8.74; ARAFPCM0010: 7.337, 8.74; ARAFPCM0011: 7.337, 8.74; ARAFPCM0012: 7.337, 8.74; ARAFPCM0013: 7.337, 8.74; ARAFPCM0014: 7.337, 8.74; ARAFPCM0015: 7.337, 8.74; ARAFPCM0016: 7.337, 8.74; ARAFPCM0017: 7.337, 8.74; ARAFPCM0018: 7.337, 8.74; ARAFPCM0019: 7.337, 8.74; ARAFPCM0020: 7.337, 8.74; ARAFPCM0021: 7.337, 8.74; ARAFPCM0022: 7.337, 8.74; ARAFPCM0023: 7.337, 8.74; ARAFPCM0024: 7.337, 8.74; ARAFPCM0025: 7.337, 8.74; ARAFPCM0026: 7.337, 8.74; ARAFPCM0027: 7.337, 8.74; ARAFPCM0028: 7.337, 8.74; ARAFPCM0029: 7.337, 8.74; ARAFPCM0030: 7.337, 8.74; ARAFPCM0031: 7.337, 8.74; ARAFPCM0032: 7.337, 8.74","ARAFPCM0002: B1=8,B2=0,G1=0,G2=37; ARAFPCM0003: B1=0,B2=0,G1=0,G2=13; ARAFPCM0004: B1=0,B2=0,G1=0,G2=30; ARAFPCM0005: B1=0,B2=0,G1=0,G2=12; ARAFPCM0006: B1=0,B2=0,G1=0,G2=0; ARAFPCM0007: B1=0,B2=0,G1=0,G2=0; ARAFPCM0008: B1=0,B2=0,G1=0,G2=0; ARAFPCM0009: B1=0,B2=0,G1=0,G2=0; ARAFPCM0010: B1=0,B2=0,G1=0,G2=0; ARAFPCM0011: B1=0,B2=0,G1=0,G2=0; ARAFPCM0012: B1=0,B2=0,G1=0,G2=9; ARAFPCM0013: B1=0,B2=0,G1=0,G2=0; ARAFPCM0014: B1=37,B2=38,G1=0,G2=410; ARAFPCM0015: B1=0,B2=0,G1=0,G2=9; ARAFPCM0016: B1=0,B2=0,G1=0,G2=0; ARAFPCM0017: B1=0,B2=0,G1=0,G2=7; ARAFPCM0018: B1=0,B2=0,G1=0,G2=0; ARAFPCM0019: B1=0,B2=0,G1=0,G2=0; ARAFPCM0020: B1=0,B2=0,G1=0,G2=0; ARAFPCM0021: B1=0,B2=0,G1=0,G2=0; ARAFPCM0022: B1=0,B2=0,G1=0,G2=0; ARAFPCM0023: B1=0,B2=0,G1=0,G2=0; ARAFPCM0024: B1=0,B2=0,G1=0,G2=0; ARAFPCM0025: B1=0,B2=0,G1=0,G2=0; ARAFPCM0026: B1=0,B2=0,G1=0,G2=0; ARAFPCM0027: B1=0,B2=0,G1=0,G2=0; ARAFPCM0028: B1=15,B2=0,G1=0,G2=27; ARAFPCM0029: B1=0,B2=0,G1=0,G2=0; ARAFPCM0030: B1=16,B2=0,G1=0,G2=37; ARAFPCM0031: B1=0,B2=0,G1=0,G2=15; ARAFPCM0032: B1=0,B2=0,G1=0,G2=19","","AAFPON"
"ARMCCM01",2018,"DS","Oyo",7.4206,3.90693,0,0,0,0,127,33.75,4,4,"ARMCCM02: 7.421, 3.907; ARMCCM03: 7.421, 3.907; ARPACM01: 7.378, 3.947","ARMCCM02: B1=0,B2=0,G1=0,G2=8; ARMCCM03: B1=0,B2=0,G1=0,G2=0; ARPACM01: B1=18,B2=0,G1=0,G2=109","","Mandrakes Consultancy"
"ARFPCM01",2018,"DS","Ekiti",7.6053,5.2887,0,0,0,0,16,5.33333333333333,0,3,"ARFPCM02: 7.605, 5.289; ARFPCM03: 7.605, 5.289","ARFPCM02: B1=0,B2=0,G1=0,G2=0; ARFPCM03: B1=5,B2=0,G1=0,G2=11","","Adopoly Ventures"
"ARAICM02",2018,"DS","Oyo",7.631111111,3.848888889,9,0,0,15,163,27.7,21.5,20,"ARAICM03: 7.631, 3.849; ARAICM04: 7.631, 3.849; ARAICM05: 7.631, 3.849; ARAICM06: 7.631, 3.849; ARAICM07: 7.631, 3.849; ARAICM08: 7.631, 3.849; ARAICM09: 7.631, 3.849; ARAICM10: 7.631, 3.849; ARAICM11: 7.631, 3.849; ARAICM12: 7.631, 3.849; ARAICM13: 7.631, 3.849; ARAICM14: 7.631, 3.849; ARAICM15: 7.631, 3.849; ARAICM16: 7.631, 3.849; ARAICM17: 7.631, 3.849; ARAICM18: 7.631, 3.849; ARAICM19: 7.631, 3.849; ARAICM20: 7.631, 3.849","ARAICM03: B1=0,B2=0,G1=0,G2=0; ARAICM04: B1=0,B2=0,G1=0,G2=19; ARAICM05: B1=13,B2=0,G1=0,G2=23; ARAICM06: B1=0,B2=0,G1=0,G2=14; ARAICM07: B1=7,B2=0,G1=0,G2=18; ARAICM08: B1=0,B2=0,G1=0,G2=0; ARAICM09: B1=11,B2=0,G1=0,G2=16; ARAICM10: B1=0,B2=0,G1=0,G2=0; ARAICM11: B1=13,B2=0,G1=0,G2=26; ARAICM12: B1=10,B2=0,G1=0,G2=21; ARAICM13: B1=0,B2=0,G1=0,G2=18; ARAICM14: B1=5,B2=0,G1=0,G2=16; ARAICM15: B1=0,B2=0,G1=0,G2=19; ARAICM16: B1=7,B2=0,G1=0,G2=15; ARAICM17: B1=10,B2=0,G1=0,G2=25; ARAICM18: B1=28,B2=15,G1=6,G2=114; ARAICM19: B1=5,B2=0,G1=0,G2=9; ARAICM20: B1=9,B2=0,G1=0,G2=19","","Agbelere Integrated Farms"
"AREGCM02",2018,"DS","Osun",7.719638889,4.444805556,0,0,0,14,14,8.66666666666667,12,3,"AREGCM03: 7.72, 4.445","AREGCM03: B1=0,B2=0,G1=0,G2=0","","Emiroglu global"
"ARKPCM0001",2018,"DS","Taraba",7.9994,10.774,0,0,0,14,28,16.3529411764706,16,17,"ARKPCM0021: 7.999, 10.774; ARKPCM0041: 7.999, 10.774; ARKPCM0061: 7.999, 10.774; ARKPCM0081: 7.999, 10.774; ARKPCM0101: 7.999, 10.774; ARKPCM0121: 7.999, 10.774; ARKPCM0141: 7.999, 10.774; ARKPCM0161: 7.999, 10.774; ARKPCM0181: 7.999, 10.774; ARKPCM0201: 7.999, 10.774; ARKPCM0221: 7.999, 10.774; ARKPCM0241: 7.999, 10.774; ARKPCM0261: 7.999, 10.774; ARKPCM0281: 7.999, 10.774; ARKPCM0301: 7.999, 10.774; ARKPCM0321: 7.999, 10.774","ARKPCM0021: B1=0,B2=0,G1=0,G2=21; ARKPCM0041: B1=0,B2=0,G1=0,G2=25; ARKPCM0061: B1=0,B2=0,G1=0,G2=20; ARKPCM0081: B1=0,B2=0,G1=0,G2=26; ARKPCM0101: B1=0,B2=0,G1=0,G2=28; ARKPCM0121: B1=0,B2=0,G1=0,G2=16; ARKPCM0141: B1=0,B2=0,G1=0,G2=11; ARKPCM0161: B1=0,B2=0,G1=0,G2=15; ARKPCM0181: B1=0,B2=0,G1=0,G2=13; ARKPCM0201: B1=0,B2=0,G1=0,G2=18; ARKPCM0221: B1=0,B2=0,G1=0,G2=18; ARKPCM0241: B1=0,B2=0,G1=0,G2=11; ARKPCM0261: B1=0,B2=0,G1=0,G2=0; ARKPCM0281: B1=0,B2=0,G1=0,G2=16; ARKPCM0301: B1=0,B2=0,G1=0,G2=16; ARKPCM0321: B1=0,B2=0,G1=0,G2=10","","Kiffco Project"
"ARWFCM01",2018,"DS","Kogi",7.976,6.714,0,0,0,0,517,27.7450980392157,6,51,"ARWFCM02: 7.976, 6.714; ARWFCM03: 7.976, 6.714; ARWFCM04: 7.976, 6.714; ARWFCM05: 7.976, 6.714; ARWFCM06: 7.976, 6.714; ARWFCM07: 7.976, 6.714; ARWFCM08: 7.976, 6.714; ARWFCM09: 7.976, 6.714; ARWFCM10: 7.976, 6.714; ARWFCM11: 7.976, 6.714; ARWFCM12: 7.976, 6.714; ARWFCM13: 7.976, 6.714; ARWFCM14: 7.976, 6.714; ARWFCM15: 7.976, 6.714; ARWFCM16: 7.976, 6.714; ARWFCM17: 7.976, 6.714; ARWFCM18: 7.976, 6.714; ARWFCM19: 7.976, 6.714; ARWFCM20: 7.976, 6.714; ARWFCM21: 7.976, 6.714; ARWFCM22: 7.976, 6.714; ARWFCM23: 7.976, 6.714; ARWFCM24: 7.976, 6.714; ARWFCM25: 7.976, 6.714; ARWFCM26: 7.976, 6.714; ARWFCM27: 7.976, 6.714; ARWFCM28: 7.976, 6.714; ARWFCM29: 7.976, 6.714; ARWFCM30: 7.976, 6.714; ARWFCM31: 7.976, 6.714; ARWFCM32: 7.976, 6.714; ARWFCM33: 7.976, 6.714; ARWFCM34: 7.976, 6.714; ARWFCM35: 7.976, 6.714; ARWFCM36: 7.976, 6.714; ARWFCM37: 7.976, 6.714; ARWFCM38: 7.976, 6.714; ARWFCM39: 7.976, 6.714; ARWFCM40: 7.976, 6.714; ARWFCM41: 7.976, 6.714; ARWFCM42: 7.976, 6.714; ARWFCM43: 7.976, 6.714; ARWFCM44: 7.976, 6.714; ARWFCM45: 7.976, 6.714; ARWFCM46: 7.976, 6.714; ARWFCM47: 7.976, 6.714; ARWFCM48: 7.976, 6.714; ARWFCM49: 7.976, 6.714; ARWFCM50: 7.976, 6.714; ARWFCM51: 7.976, 6.714","ARWFCM02: B1=0,B2=0,G1=0,G2=0; ARWFCM03: B1=0,B2=0,G1=0,G2=0; ARWFCM04: B1=23,B2=0,G1=0,G2=37; ARWFCM05: B1=0,B2=0,G1=0,G2=10; ARWFCM06: B1=0,B2=0,G1=0,G2=8; ARWFCM07: B1=46,B2=0,G1=0,G2=62; ARWFCM08: B1=0,B2=0,G1=0,G2=15; ARWFCM09: B1=0,B2=0,G1=0,G2=0; ARWFCM10: B1=27,B2=0,G1=0,G2=47; ARWFCM11: B1=0,B2=0,G1=0,G2=0; ARWFCM12: B1=0,B2=0,G1=0,G2=0; ARWFCM13: B1=0,B2=0,G1=0,G2=0; ARWFCM14: B1=0,B2=0,G1=0,G2=12; ARWFCM15: B1=6,B2=0,G1=0,G2=13; ARWFCM16: B1=0,B2=0,G1=0,G2=10; ARWFCM17: B1=0,B2=0,G1=0,G2=0; ARWFCM18: B1=0,B2=0,G1=0,G2=6; ARWFCM19: B1=24,B2=0,G1=0,G2=44; ARWFCM20: B1=0,B2=0,G1=0,G2=0; ARWFCM21: B1=0,B2=0,G1=0,G2=0; ARWFCM22: B1=0,B2=0,G1=0,G2=0; ARWFCM23: B1=0,B2=0,G1=0,G2=0; ARWFCM24: B1=0,B2=0,G1=0,G2=0; ARWFCM25: B1=0,B2=0,G1=0,G2=14; ARWFCM26: B1=32,B2=0,G1=0,G2=39; ARWFCM27: B1=0,B2=0,G1=0,G2=6; ARWFCM28: B1=0,B2=0,G1=0,G2=9; ARWFCM29: B1=0,B2=0,G1=0,G2=6; ARWFCM30: B1=15,B2=0,G1=0,G2=169; ARWFCM31: B1=0,B2=0,G1=0,G2=0; ARWFCM32: B1=0,B2=0,G1=0,G2=0; ARWFCM33: B1=0,B2=0,G1=0,G2=0; ARWFCM34: B1=15,B2=141,G1=28,G2=333; ARWFCM35: B1=0,B2=0,G1=0,G2=0; ARWFCM36: B1=0,B2=0,G1=0,G2=24; ARWFCM37: B1=0,B2=0,G1=0,G2=13; ARWFCM38: B1=0,B2=0,G1=0,G2=12; ARWFCM39: B1=0,B2=0,G1=0,G2=0; ARWFCM40: B1=0,B2=0,G1=0,G2=0; ARWFCM41: B1=0,B2=0,G1=0,G2=0; ARWFCM42: B1=0,B2=0,G1=0,G2=0; ARWFCM43: B1=0,B2=0,G1=0,G2=8; ARWFCM44: B1=13,B2=0,G1=0,G2=28; ARWFCM45: B1=0,B2=0,G1=0,G2=4; ARWFCM46: B1=0,B2=0,G1=0,G2=0; ARWFCM47: B1=28,B2=0,G1=0,G2=49; ARWFCM48: B1=0,B2=0,G1=0,G2=15; ARWFCM49: B1=0,B2=0,G1=0,G2=0; ARWFCM50: B1=5,B2=0,G1=0,G2=11; ARWFCM51: B1=0,B2=0,G1=0,G2=8","","Wadahi Farms"
"ARJVCM01",2018,"DS","Oyo",8.1574,3.6147,0,0,0,0,13,3.25,0,4,"ARJVCM02: 8.157, 3.615; ARJVCM03: 8.157, 3.615; ARJVCM04: 8.157, 3.615","ARJVCM02: B1=0,B2=0,G1=0,G2=0; ARJVCM03: B1=0,B2=0,G1=0,G2=0; ARJVCM04: B1=0,B2=0,G1=0,G2=13","","John Vent"
"ARKLCM0001",2018,"NGS","Adamawa",9.3265,12.3984,0,0,0,13,162,27,20,27,"ARKLCM0002: 9.326, 12.398; ARKLCM0003: 9.326, 12.398; ARKLCM0004: 9.326, 12.398; ARKLCM0005: 9.326, 12.398; ARKLCM0006: 9.326, 12.398; ARKLCM0007: 9.326, 12.398; ARKLCM0008: 9.326, 12.398; ARKLCM0009: 9.326, 12.398; ARKLCM0010: 9.326, 12.398; ARKLCM0011: 9.326, 12.398; ARKLCM0012: 9.326, 12.398; ARKLCM0013: 9.326, 12.398; ARKLCM0014: 9.326, 12.398; ARKLCM0015: 9.326, 12.398; ARKLCM0016: 9.326, 12.398; ARKLCM0017: 9.326, 12.398; ARKLCM0018: 9.326, 12.398; ARKLCM0019: 9.326, 12.398; ARKLCM0020: 9.326, 12.398; ARKLCM0021: 9.326, 12.398; ARKLCM0022: 9.326, 12.398; ARKLCM0023: 9.326, 12.398; ARKLCM0024: 9.326, 12.398; ARKLCM0025: 9.326, 12.398; ARKLCM0026: 9.326, 12.398; ARKLCM0027: 9.326, 12.398","ARKLCM0002: B1=0,B2=0,G1=0,G2=16; ARKLCM0003: B1=0,B2=0,G1=0,G2=16; ARKLCM0004: B1=0,B2=0,G1=0,G2=0; ARKLCM0005: B1=0,B2=0,G1=0,G2=29; ARKLCM0006: B1=0,B2=0,G1=0,G2=0; ARKLCM0007: B1=0,B2=0,G1=0,G2=37; ARKLCM0008: B1=0,B2=0,G1=0,G2=15; ARKLCM0009: B1=0,B2=0,G1=0,G2=10; ARKLCM0010: B1=0,B2=0,G1=0,G2=35; ARKLCM0011: B1=0,B2=0,G1=0,G2=23; ARKLCM0012: B1=0,B2=0,G1=0,G2=0; ARKLCM0013: B1=0,B2=0,G1=0,G2=9; ARKLCM0014: B1=10,B2=0,G1=0,G2=17; ARKLCM0015: B1=11,B2=0,G1=0,G2=24; ARKLCM0016: B1=6,B2=0,G1=0,G2=25; ARKLCM0017: B1=15,B2=30,G1=10,G2=107; ARKLCM0018: B1=10,B2=0,G1=0,G2=22; ARKLCM0019: B1=10,B2=0,G1=0,G2=17; ARKLCM0020: B1=8,B2=0,G1=0,G2=13; ARKLCM0021: B1=0,B2=0,G1=0,G2=9; ARKLCM0022: B1=0,B2=0,G1=0,G2=18; ARKLCM0023: B1=26,B2=0,G1=0,G2=45; ARKLCM0024: B1=0,B2=0,G1=0,G2=16; ARKLCM0025: B1=0,B2=0,G1=0,G2=20; ARKLCM0026: B1=0,B2=0,G1=0,G2=17; ARKLCM0027: B1=0,B2=0,G1=0,G2=40","","Kawonlambu Farm Produce"
"Babana1",2024,"SGS","Niger",10.4366,3.8172,48.43,2.9,0,0.21,51.55,39.24,51.14,6,"Babana1: 10.437, 3.817; Babana2: 10.437, 3.817; Babana2: 10.437, 3.817; Babana3: 10.437, 3.817; Babana3: 10.437, 3.817","Babana1: B1=48.43,B2=2.9,G1=0,G2=0.21; Babana2: B1=47.51,B2=3.1,G1=0,G2=0.51; Babana2: B1=47.51,B2=3.1,G1=0,G2=0.51; Babana3: B1=14.01,B2=0.62,G1=0.39,G2=0; Babana3: B1=14.01,B2=0.62,G1=0.39,G2=0","Farm",""
"Kotongora1",2024,"SGS","Niger",10.41,5.16,1.62,0.09,0.41,0,2.14,1.16333333333333,1.35,3,"Kotongora2: 10.41, 5.16; Kotongora3: 10.41, 5.16","Kotongora2: B1=0,B2=0,G1=0,G2=0; Kotongora3: B1=1.35,B2=0,G1=0,G2=0","Farm",""
"Toro1",2024,"NGS","Bauchi",10.44,9.22,0.27,0,0,0.16,14.32,6.75333333333333,5.5,3,"Toro2: 10.44, 9.22; Toro3: 10.44, 9.22","Toro2: B1=4.66,B2=0.09,G1=0.61,G2=0.13; Toro3: B1=11.84,B2=0.15,G1=2.06,G2=0.26","Farm",""
"Sabuwa1",2024,"NGS","Katsina",11.17,7.12,126.56,6.6,4.57,0.13,163.42,114.686666666667,137.87,3,"Sabuwa2: 11.17, 7.12; Sabuwa3: 11.17, 7.12","Sabuwa2: B1=135.79,B2=6.48,G1=20.83,G2=0.31; Sabuwa3: B1=39.62,B2=2.05,G1=0.97,G2=0.1","Farm",""
"Giwa1",2024,"NGS","Kaduna",11.316,7.45,161.95,2.97,5.7,1.27,171.91,64.6366666666667,21.82,3,"Giwa2: 11.316, 7.45; Giwa3: 11.316, 7.45","Giwa2: B1=9.9,B2=1.21,G1=9.42,G2=1.27; Giwa3: B1=0.18,B2=0,G1=0,G2=0","Farm",""
"Maiduguri1",2024,"SS","Borno",11.5,13.09,40.71,2.3,0,0.41,120.64,56.7266666666667,43.44,3,"Maiduguri2: 11.5, 13.09; Maiduguri3: 11.5, 13.09","Maiduguri2: B1=110.65,B2=9.17,G1=0,G2=0.81; Maiduguri3: B1=5.63,B2=0.45,G1=0,G2=0","Farm",""
"Potiskum1",2024,"SS","Yobe",11.7,11.08,29.48,2.06,0,0,31.55,10.6366666666667,0.36,3,"Potiskum2: 11.7, 11.08; Potiskum3: 11.7, 11.08","Potiskum2: B1=0,B2=0,G1=0,G2=0; Potiskum3: B1=0.18,B2=0,G1=0,G2=0.17","Farm",""
"Sabon Birni1",2024,"SS","Kebbi",12.25,4.13,2.76,0.11,22.26,0.11,25.24,8.61666666666667,0.41,3,"Sabon Birni2: 12.25, 4.13; Sabon Birni3: 12.25, 4.13","Sabon Birni2: B1=0.41,B2=0,G1=0,G2=0; Sabon Birni3: B1=0.2,B2=0,G1=0,G2=0","Farm",""
"Shagari1",2024,"SS","Kebbi",12.37,4.59,14.09,0.88,12.45,0.76,28.19,16.5566666666667,18.82,3,"Shagari2: 12.37, 4.59; Shagari3: 12.37, 4.59","Shagari2: B1=1.35,B2=0.12,G1=1.06,G2=0.11; Shagari3: B1=6.64,B2=0.55,G1=10.6,G2=1.01","Farm",""
"Kirikisamma1",2024,"SH","Jigawa",12.693,10.308,0,0.2,0,0,0.77,0.556666666666667,0.7,6,"Kirikisamma1: 12.693, 10.308; Kirikisamma2: 12.693, 10.308; Kirikisamma2: 12.693, 10.308; Kirikisamma3: 12.693, 10.308; Kirikisamma3: 12.693, 10.308","Kirikisamma1: B1=0,B2=0.2,G1=0,G2=0; Kirikisamma2: B1=0.35,B2=0.07,G1=0.27,G2=0; Kirikisamma2: B1=0.35,B2=0.07,G1=0.27,G2=0; Kirikisamma3: B1=0.33,B2=0.3,G1=0,G2=0.13; Kirikisamma3: B1=0.33,B2=0.3,G1=0,G2=0.13","Farm",""
"Kangiwa1",2024,"SS","Jigawa",12.65,9.08,103.55,5.82,1.7,0.12,111.21,72.5766666666667,102.02,3,"Kangiwa2: 12.65, 9.08; Kangiwa3: 12.65, 9.08","Kangiwa2: B1=73.01,B2=4.22,G1=23.87,G2=0.91; Kangiwa3: B1=3.95,B2=0.54,G1=0,G2=0","Store",""
"Guri1",2024,"SS","Zamfara",12.728,7,7.1,0.68,12.37,1.09,23.32,15.4466666666667,21.26,6,"Guri1: 12.728, 7; Guri2: 12.728, 7; Guri2: 12.728, 7; Guri3: 12.728, 7; Guri3: 12.728, 7","Guri1: B1=7.1,B2=0.68,G1=12.37,G2=1.09; Guri2: B1=0.72,B2=0.1,G1=0.81,G2=0.11; Guri2: B1=0.72,B2=0.1,G1=0.81,G2=0.11; Guri3: B1=22.8,B2=0.5,G1=0,G2=0; Guri3: B1=22.8,B2=0.5,G1=0,G2=0","Market",""
"Baure1",2024,"SS","Katsina",12.98,7.62,39.3,1.27,7.84,0.32,175.36,115.163333333333,121.38,3,"Baure2: 12.98, 7.62; Baure3: 12.98, 7.62","Baure2: B1=169.37,B2=5.56,G1=0,G2=0.42; Baure3: B1=69.16,B2=2.71,G1=48.19,G2=1.3","Farm",""
"Bonny1",2024,"HF","Rivers",4.4,7.14,0.21,0,0,0,20.92,12.9566666666667,17.74,3,"Bonny2: 4.4, 7.14; Bonny3: 4.4, 7.14","Bonny2: B1=20.67,B2=0.09,G1=0,G2=0.14; Bonny3: B1=16.78,B2=0.18,G1=0.56,G2=0.2","Farm",""
"Abonema1",2024,"HF","Rivers",4.7,7,16.8,0.11,0,0.19,25.91,15.91,17.11,3,"Abonema2: 4.7, 7; Abonema3: 4.7, 7","Abonema2: B1=25.25,B2=0.19,G1=0.35,G2=0.09; Abonema3: B1=4.43,B2=0.08,G1=0,G2=0.18","Market",""
"Abraka1",2024,"HF","Delta",5.32,6.12,0.22,0,0,0.18,0.7,0.526666666666667,0.46,3,"Abraka2: 5.32, 6.12; Abraka3: 5.32, 6.12","Abraka2: B1=0.23,B2=0,G1=0,G2=0.22; Abraka3: B1=0.23,B2=0,G1=0.45,G2=0","Farm",""
"Agbor1",2024,"HF","Delta",6.23,6.15,0,0,0,0.14,15.7,9.08333333333333,11.41,3,"Agbor2: 6.23, 6.15; Agbor3: 6.23, 6.15","Agbor2: B1=15.37,B2=0.09,G1=0,G2=0.23; Agbor3: B1=10.99,B2=0.19,G1=0,G2=0.21","Farm",""
"Bassa1",2024,"DS","Kogi",7.9,7.05,56.29,8.29,3.02,0.17,67.78,38.49,39.32,3,"Bassa2: 7.9, 7.05; Bassa3: 7.9, 7.05","Bassa2: B1=15.06,B2=1.75,G1=20.19,G2=2.31; Bassa3: B1=6.19,B2=0.47,G1=1.7,G2=0","Farm",""
"Ogbomosho1",2024,"DS","Oyo",8.13,4.13,0.33,0,0,0,230.2,76.9233333333333,0.33,3,"Ogbomosho2: 8.13, 4.13; Ogbomosho3: 8.13, 4.13","Ogbomosho2: B1=0.24,B2=0,G1=0,G2=0; Ogbomosho3: B1=221.35,B2=6.55,G1=2.29,G2=0","Farm",""
"Shaki1",2024,"DS","Oyo",8.41,3.42,0.16,0,0,0,7.68,4.21333333333333,4.8,3,"Shaki2: 8.41, 3.42; Shaki3: 8.41, 3.42","Shaki2: B1=6.98,B2=0.37,G1=0.32,G2=0; Shaki3: B1=3.59,B2=0.17,G1=0.92,G2=0.11","Farm",""
"Baruten1",2024,"DS","Oyo",8.54,3.25,0,0,0,0,137.08,66.8466666666667,63.46,3,"Baruten2: 8.54, 3.25; Baruten3: 8.54, 3.25","Baruten2: B1=129.94,B2=5.88,G1=0.65,G2=0.59; Baruten3: B1=60.3,B2=2.29,G1=0.42,G2=0.44","Store",""
"Patigi1",2024,"DS","Kwara",8.73,5.76,0,0,0,0.12,356.16,178.32,178.68,3,"Patigi2: 8.73, 5.76; Patigi3: 8.73, 5.76","Patigi2: B1=353.75,B2=1.79,G1=0.6,G2=0; Patigi3: B1=167.25,B2=9.36,G1=1.89,G2=0.16","Farm",""
"Lantang1",2024,"SGS","Plateau",9.14,9.79,0,0,0,0.2,0.29,0.24,0.23,3,"Lantang2: 9.14, 9.79; Lantang3: 9.14, 9.79","Lantang2: B1=0,B2=0,G1=0,G2=0.23; Lantang3: B1=0,B2=0,G1=0,G2=0.29","Store",""
"Wase1",2024,"SGS","Plateau",9.094,9.956,0,0,0,0,69.26,23.0866666666667,0,3,"Wase2: 9.094, 9.956; Wase3: 9.094, 9.956","Wase2: B1=68.16,B2=0.54,G1=0,G2=0.54; Wase3: B1=0,B2=0,G1=0,G2=0","Farm",""
"Minna1",2024,"SGS","Niger",9.62,6.53,30.89,2.78,0,0.17,200.51,66.7566666666667,49.36,6,"Minna2: 9.62, 6.53; Minna3: 9.62, 6.53; Mokwa1: 9.62, 6.53; Mokwa2: 9.62, 6.53; Mokwa3: 9.62, 6.53","Minna2: B1=42.95,B2=1.92,G1=0,G2=0.46; Minna3: B1=50.2,B2=2.3,G1=0.57,G2=0.29; Mokwa1: B1=0,B2=0,G1=0,G2=0.23; Mokwa2: B1=196.73,B2=2.27,G1=0,G2=1.49; Mokwa3: B1=62.94,B2=3.78,G1=0,G2=0.48","Farm",""
"Riyom1",2024,"MA","Plateau",9.62,8.77,2.18,0.11,0,0.2,2.5,0.833333333333333,0,3,"Riyom2: 9.62, 8.77; Riyom3: 9.62, 8.77","Riyom2: B1=0,B2=0,G1=0,G2=0; Riyom3: B1=0,B2=0,G1=0,G2=0","Farm",""
